Date,Product ID,Store ID,Actual_Demand,Baseline_Forecast,ML_Forecast,Final_Forecast,Forecast_Error
2023-09-18,P0007,S005,111,95.0,110.6801928817453,110.6801928817453,0.3198071182547011
2023-09-18,P0010,S004,89,236.0,88.87195811172815,88.87195811172815,0.12804188827185214
2023-09-18,P0003,S005,50,101.0,49.791506093546744,49.791506093546744,0.20849390645325627
2023-09-18,P0001,S005,264,359.0,264.38117244868425,264.38117244868425,-0.3811724486842536
2023-09-18,P0002,S001,63,40.0,62.82748468315606,62.82748468315606,0.17251531684394195
2023-09-18,P0003,S004,121,43.0,121.29429986779606,121.29429986779606,-0.294299867796056
2023-09-18,P0014,S002,49,2.0,49.34613327714935,49.34613327714935,-0.34613327714934883
2023-09-18,P0018,S004,4,48.0,4.6464040174263745,4.6464040174263745,-0.6464040174263745
2023-09-18,P0005,S005,40,127.0,41.26988602189452,41.26988602189452,-1.2698860218945214
2023-09-18,P0019,S001,60,146.0,59.86100308157647,59.86100308157647,0.1389969184235298
2023-09-18,P0018,S001,219,129.0,219.05705768366744,219.05705768366744,-0.057057683667437686
2023-09-18,P0016,S001,138,363.0,137.1476433067149,137.1476433067149,0.8523566932850883
2023-09-18,P0014,S004,124,220.0,124.17638724727051,124.17638724727051,-0.1763872472705117
2023-09-18,P0005,S001,62,220.0,62.39786171898521,62.39786171898521,-0.3978617189852116
2023-09-18,P0008,S002,145,167.0,145.18889060213044,145.18889060213044,-0.18889060213044218
2023-09-18,P0018,S002,12,150.0,12.182612191085829,12.182612191085829,-0.1826121910858287
2023-09-18,P0003,S003,0,151.0,0.19487380994463283,0.19487380994463283,-0.19487380994463283
2023-09-18,P0008,S001,91,6.0,91.18310039526914,91.18310039526914,-0.18310039526913613
2023-09-18,P0019,S002,103,34.0,102.54954553409608,102.54954553409608,0.4504544659039169
2023-09-18,P0005,S003,4,239.0,3.9481073101466277,3.9481073101466277,0.051892689853372254
2023-09-18,P0004,S001,31,183.0,31.107190772798614,31.107190772798614,-0.10719077279861366
2023-09-18,P0003,S001,328,93.0,326.8749194264928,326.8749194264928,1.125080573507205
2023-09-18,P0005,S002,43,15.0,42.83711440302248,42.83711440302248,0.16288559697751737
2023-09-18,P0001,S002,312,93.0,313.2583136224534,313.2583136224534,-1.258313622453386
2023-09-18,P0010,S003,127,171.0,127.56059641492055,127.56059641492055,-0.5605964149205533
2023-09-18,P0020,S005,71,61.0,70.74811027136602,70.74811027136602,0.2518897286339836
2023-09-18,P0019,S004,206,143.0,205.12627903882137,205.12627903882137,0.8737209611786341
2023-09-18,P0019,S005,121,99.0,120.7866323701943,120.7866323701943,0.21336762980570256
2023-09-18,P0013,S004,225,102.0,225.28328690044196,225.28328690044196,-0.2832869004419649
2023-09-18,P0014,S001,47,50.0,47.277800294866786,47.277800294866786,-0.27780029486678615
2023-09-18,P0011,S005,77,22.0,76.35605857757378,76.35605857757378,0.6439414224262237
2023-09-18,P0016,S004,1,178.0,0.40969194727557967,0.40969194727557967,0.5903080527244203
2023-09-18,P0004,S003,6,127.0,6.443899654822022,6.443899654822022,-0.4438996548220224
2023-09-18,P0009,S003,382,26.0,381.36594359481734,381.36594359481734,0.6340564051826618
2023-09-18,P0004,S002,90,89.0,90.08700968368937,90.08700968368937,-0.08700968368937367
2023-09-18,P0012,S001,347,99.0,349.02323618348635,349.02323618348635,-2.023236183486347
2023-09-18,P0001,S004,218,11.0,216.9488317529104,216.9488317529104,1.0511682470896062
2023-09-18,P0005,S004,263,0.0,261.7929814627976,261.7929814627976,1.207018537202373
2023-09-18,P0006,S005,110,182.0,110.43586798033355,110.43586798033355,-0.4358679803335548
2023-09-18,P0001,S001,262,139.0,261.57813667347585,261.57813667347585,0.4218633265241465
2023-09-18,P0002,S004,20,77.0,20.028768079534593,20.028768079534593,-0.028768079534593483
2023-09-18,P0020,S001,386,83.0,387.0110843848971,387.0110843848971,-1.0110843848971172
2023-09-18,P0004,S005,9,140.0,8.929471021082417,8.929471021082417,0.07052897891758292
2023-09-18,P0015,S003,69,389.0,68.81254164148307,68.81254164148307,0.1874583585169347
2023-09-18,P0014,S003,63,23.0,62.4322203104097,62.4322203104097,0.5677796895903029
2023-09-18,P0013,S005,99,132.0,99.62878280485536,99.62878280485536,-0.6287828048553621
2023-09-18,P0001,S003,43,86.0,43.407394275602094,43.407394275602094,-0.40739427560209407
2023-09-18,P0006,S004,1,19.0,1.0853071466237223,1.0853071466237223,-0.0853071466237223
2023-09-18,P0015,S002,57,338.0,56.65098765661795,56.65098765661795,0.34901234338205
2023-09-18,P0007,S001,206,191.0,204.42311998062863,204.42311998062863,1.576880019371373
2023-09-18,P0016,S005,15,245.0,15.478036384181168,15.478036384181168,-0.4780363841811681
2023-09-18,P0012,S003,72,34.0,72.55219037554555,72.55219037554555,-0.5521903755455497
2023-09-18,P0006,S003,80,98.0,81.0608427219684,81.0608427219684,-1.060842721968399
2023-09-18,P0006,S002,77,91.0,77.51573187081252,77.51573187081252,-0.515731870812516
2023-09-18,P0007,S004,173,203.0,173.45269096993522,173.45269096993522,-0.45269096993521885
2023-09-18,P0020,S003,21,169.0,20.37933731453164,20.37933731453164,0.6206626854683606
2023-09-18,P0016,S002,8,193.0,8.068675542040989,8.068675542040989,-0.0686755420409888
2023-09-18,P0002,S002,8,86.0,8.816397210572687,8.816397210572687,-0.8163972105726867
2023-09-18,P0003,S002,286,133.0,286.4934820381392,286.4934820381392,-0.49348203813917735
2023-09-18,P0008,S003,192,134.0,192.4181358885316,192.4181358885316,-0.41813588853159445
2023-09-18,P0010,S001,15,197.0,15.21377957443457,15.21377957443457,-0.21377957443456985
2023-09-18,P0020,S002,1,119.0,0.9296733447883607,0.9296733447883607,0.07032665521163928
2023-09-18,P0002,S005,97,7.0,97.22087200210224,97.22087200210224,-0.22087200210224012
2023-09-18,P0008,S005,59,117.0,59.204169784365014,59.204169784365014,-0.2041697843650141
2023-09-18,P0012,S005,99,29.0,99.44133074781948,99.44133074781948,-0.4413307478194781
2023-09-18,P0011,S002,27,131.0,26.045195805384857,26.045195805384857,0.9548041946151429
2023-09-18,P0008,S004,98,133.0,98.54744085225738,98.54744085225738,-0.547440852257381
2023-09-18,P0009,S005,234,216.0,233.76101325893308,233.76101325893308,0.23898674106692397
2023-09-18,P0017,S005,93,12.0,92.82443495083493,92.82443495083493,0.17556504916507265
2023-09-18,P0004,S004,25,64.0,25.62368960804511,25.62368960804511,-0.6236896080451118
2023-09-18,P0013,S002,354,52.0,354.4435945607858,354.4435945607858,-0.4435945607858116
2023-09-18,P0018,S003,35,221.0,34.36357939714101,34.36357939714101,0.6364206028589905
2023-09-18,P0013,S001,30,29.0,29.889851210607336,29.889851210607336,0.11014878939266382
2023-09-18,P0009,S002,101,66.0,101.36541035085763,101.36541035085763,-0.36541035085762985
2023-09-18,P0010,S002,69,0.0,69.25315412720583,69.25315412720583,-0.25315412720583197
2023-09-18,P0007,S003,128,159.0,127.36051734776568,127.36051734776568,0.6394826522343209
2023-09-18,P0011,S001,336,191.0,337.0478591956674,337.0478591956674,-1.0478591956673995
2023-09-18,P0019,S003,134,129.0,134.55345260472825,134.55345260472825,-0.5534526047282498
2023-09-18,P0020,S004,81,12.0,80.40628398899052,80.40628398899052,0.5937160110094766
2023-09-18,P0017,S001,331,141.0,330.7310743346509,330.7310743346509,0.26892566534911566
2023-09-18,P0011,S004,124,269.0,124.27718466236504,124.27718466236504,-0.2771846623650447
2023-09-18,P0017,S003,86,240.0,85.98958408272287,85.98958408272287,0.010415917277128983
2023-09-18,P0015,S004,10,85.0,10.394373228935423,10.394373228935423,-0.39437322893542337
2023-09-18,P0017,S004,93,56.0,94.03163383287992,94.03163383287992,-1.031633832879919
2023-09-18,P0007,S002,48,165.0,48.6729016636609,48.6729016636609,-0.6729016636609018
2023-09-18,P0010,S005,0,292.0,0.35070097774991027,0.35070097774991027,-0.35070097774991027
2023-09-18,P0015,S005,446,156.0,445.1735887369251,445.1735887369251,0.8264112630748741
2023-09-18,P0012,S002,93,142.0,93.04139544582092,93.04139544582092,-0.04139544582092469
2023-09-18,P0016,S003,54,190.0,54.41684908647916,54.41684908647916,-0.41684908647916075
2023-09-18,P0009,S004,87,234.0,86.81311861552055,86.81311861552055,0.1868813844794488
2023-09-18,P0015,S001,247,98.0,246.1490906519988,246.1490906519988,0.8509093480012098
2023-09-18,P0006,S001,335,39.0,336.1290322308134,336.1290322308134,-1.1290322308133796
2023-09-18,P0017,S002,66,2.0,65.51234757372656,65.51234757372656,0.4876524262734421
2023-09-18,P0009,S001,223,140.0,224.11851923739894,224.11851923739894,-1.1185192373989423
2023-09-18,P0012,S004,139,142.0,139.1590149106901,139.1590149106901,-0.15901491069010376
2023-09-18,P0013,S003,169,26.0,168.8438175435071,168.8438175435071,0.15618245649289975
2023-09-18,P0002,S003,194,12.0,193.84085384285294,193.84085384285294,0.15914615714706315
2023-09-18,P0018,S005,356,21.0,354.8773287729676,354.8773287729676,1.1226712270324128
2023-09-18,P0011,S003,63,20.0,62.90768777353805,62.90768777353805,0.09231222646194936
2023-09-18,P0014,S005,295,160.0,297.00027851447214,297.00027851447214,-2.000278514472143
2023-09-19,P0008,S003,183,192.0,182.60821517501253,182.60821517501253,0.39178482498746803
2023-09-19,P0009,S003,196,382.0,194.54918455869378,194.54918455869378,1.4508154413062186
2023-09-19,P0001,S004,316,218.0,318.01163848776514,318.01163848776514,-2.01163848776514
2023-09-19,P0020,S002,79,1.0,79.64270073102729,79.64270073102729,-0.6427007310272899
2023-09-19,P0005,S002,81,43.0,81.8465766680923,81.8465766680923,-0.8465766680922968
2023-09-19,P0013,S005,223,99.0,223.09825870090407,223.09825870090407,-0.09825870090406852
2023-09-19,P0009,S001,17,223.0,16.89413759711018,16.89413759711018,0.1058624028898194
2023-09-19,P0004,S001,332,31.0,333.2998880980619,333.2998880980619,-1.2998880980618992
2023-09-19,P0013,S001,62,30.0,62.31096480802028,62.31096480802028,-0.31096480802028026
2023-09-19,P0012,S004,67,139.0,66.6379962828355,66.6379962828355,0.3620037171644981
2023-09-19,P0019,S004,410,206.0,411.2943802752422,411.2943802752422,-1.2943802752421902
2023-09-19,P0014,S002,261,49.0,259.6139295240683,259.6139295240683,1.3860704759317173
2023-09-19,P0004,S002,153,90.0,153.48942939599814,153.48942939599814,-0.48942939599814395
2023-09-19,P0004,S005,111,9.0,111.69001381095441,111.69001381095441,-0.6900138109544116
2023-09-19,P0012,S002,98,93.0,97.02552625740455,97.02552625740455,0.9744737425954497
2023-09-19,P0008,S005,122,59.0,121.99172768808873,121.99172768808873,0.00827231191126998
2023-09-19,P0017,S001,130,331.0,129.490286188601,129.490286188601,0.5097138113989956
2023-09-19,P0005,S001,40,62.0,39.82826858126849,39.82826858126849,0.1717314187315111
2023-09-19,P0017,S003,134,86.0,134.735489635987,134.735489635987,-0.735489635986994
2023-09-19,P0002,S003,43,194.0,42.913992987046,42.913992987046,0.08600701295399915
2023-09-19,P0003,S005,257,50.0,257.2631012006901,257.2631012006901,-0.26310120069007326
2023-09-19,P0018,S005,70,356.0,69.72199569486503,69.72199569486503,0.27800430513497076
2023-09-19,P0004,S003,66,6.0,65.84177377385853,65.84177377385853,0.15822622614146553
2023-09-19,P0019,S003,4,134.0,4.183546338064085,4.183546338064085,-0.18354633806408494
2023-09-19,P0004,S004,29,25.0,28.485343777902614,28.485343777902614,0.5146562220973863
2023-09-19,P0008,S004,201,98.0,200.35909824933614,200.35909824933614,0.6409017506638577
2023-09-19,P0012,S005,311,99.0,308.9341872909081,308.9341872909081,2.065812709091915
2023-09-19,P0015,S003,268,69.0,268.18230780749684,268.18230780749684,-0.18230780749684072
2023-09-19,P0002,S005,196,97.0,194.48582026038426,194.48582026038426,1.5141797396157415
2023-09-19,P0014,S003,195,63.0,195.07680635277435,195.07680635277435,-0.07680635277435499
2023-09-19,P0015,S004,299,10.0,297.348525393813,297.348525393813,1.65147460618698
2023-09-19,P0013,S004,48,225.0,48.39578238016644,48.39578238016644,-0.3957823801664375
2023-09-19,P0012,S003,30,72.0,29.50967540904707,29.50967540904707,0.49032459095293035
2023-09-19,P0016,S004,386,1.0,386.75902309128156,386.75902309128156,-0.7590230912815628
2023-09-19,P0009,S002,231,101.0,230.6459364103903,230.6459364103903,0.3540635896096944
2023-09-19,P0012,S001,63,347.0,63.517477428603385,63.517477428603385,-0.5174774286033852
2023-09-19,P0016,S005,148,15.0,149.12212248381613,149.12212248381613,-1.1221224838161277
2023-09-19,P0001,S005,142,264.0,141.818430494387,141.818430494387,0.18156950561299823
2023-09-19,P0008,S002,172,145.0,172.20526432532208,172.20526432532208,-0.2052643253220765
2023-09-19,P0019,S002,99,103.0,99.46587190611389,99.46587190611389,-0.4658719061138896
2023-09-19,P0006,S002,283,77.0,282.56605632316666,282.56605632316666,0.4339436768333371
2023-09-19,P0007,S005,150,111.0,150.14365720327936,150.14365720327936,-0.1436572032793606
2023-09-19,P0010,S004,8,89.0,8.017858350634548,8.017858350634548,-0.01785835063454755
2023-09-19,P0009,S005,207,234.0,207.1025910415692,207.1025910415692,-0.1025910415692124
2023-09-19,P0018,S001,90,219.0,90.40230458284083,90.40230458284083,-0.40230458284082715
2023-09-19,P0014,S004,19,124.0,18.867603235873165,18.867603235873165,0.13239676412683465
2023-09-19,P0011,S002,382,27.0,381.0710333951927,381.0710333951927,0.9289666048072718
2023-09-19,P0016,S002,20,8.0,19.713839381692523,19.713839381692523,0.28616061830747697
2023-09-19,P0016,S001,151,138.0,151.7272918206184,151.7272918206184,-0.7272918206184045
2023-09-19,P0019,S001,60,60.0,60.18427396964234,60.18427396964234,-0.18427396964234077
2023-09-19,P0002,S001,170,63.0,170.5416095827459,170.5416095827459,-0.541609582745906
2023-09-19,P0003,S002,60,286.0,59.16752569907484,59.16752569907484,0.8324743009251634
2023-09-19,P0010,S005,212,0.0,212.2426983232632,212.2426983232632,-0.2426983232631983
2023-09-19,P0003,S004,47,121.0,46.8431420256184,46.8431420256184,0.15685797438160165
2023-09-19,P0010,S001,212,15.0,212.06224516097535,212.06224516097535,-0.062245160975351155
2023-09-19,P0015,S005,200,446.0,200.57860313501996,200.57860313501996,-0.5786031350199607
2023-09-19,P0014,S005,194,295.0,193.40728715449532,193.40728715449532,0.5927128455046784
2023-09-19,P0002,S002,196,8.0,195.7643552761546,195.7643552761546,0.2356447238454109
2023-09-19,P0017,S005,80,93.0,79.31614311063908,79.31614311063908,0.6838568893609249
2023-09-19,P0020,S003,85,21.0,85.02762621602264,85.02762621602264,-0.027626216022639483
2023-09-19,P0011,S004,245,124.0,245.81233588765414,245.81233588765414,-0.8123358876541431
2023-09-19,P0013,S003,1,169.0,1.3842763587668723,1.3842763587668723,-0.3842763587668723
2023-09-19,P0005,S005,8,40.0,7.915823597477078,7.915823597477078,0.08417640252292191
2023-09-19,P0007,S004,86,173.0,86.30220145779332,86.30220145779332,-0.3022014577933163
2023-09-19,P0016,S003,141,54.0,140.58629455528876,140.58629455528876,0.4137054447112405
2023-09-19,P0007,S002,303,48.0,304.60063431821226,304.60063431821226,-1.6006343182122578
2023-09-19,P0003,S001,37,328.0,37.29962819274122,37.29962819274122,-0.299628192741217
2023-09-19,P0009,S004,18,87.0,17.375035384714614,17.375035384714614,0.6249646152853856
2023-09-19,P0020,S004,303,81.0,303.0669340572394,303.0669340572394,-0.0669340572393935
2023-09-19,P0010,S002,45,69.0,45.17685826847527,45.17685826847527,-0.17685826847527153
2023-09-19,P0011,S003,60,63.0,60.18427396964234,60.18427396964234,-0.18427396964234077
2023-09-19,P0015,S001,131,247.0,130.89507238632405,130.89507238632405,0.10492761367595449
2023-09-19,P0018,S002,6,12.0,5.961577776211147,5.961577776211147,0.03842222378885296
2023-09-19,P0006,S003,70,80.0,70.40948272116849,70.40948272116849,-0.4094827211684873
2023-09-19,P0015,S002,92,57.0,92.62316323060325,92.62316323060325,-0.6231632306032537
2023-09-19,P0019,S005,381,121.0,383.69410478649945,383.69410478649945,-2.6941047864994516
2023-09-19,P0005,S003,42,4.0,42.05624305911376,42.05624305911376,-0.05624305911376126
2023-09-19,P0011,S005,184,77.0,184.75125508644408,184.75125508644408,-0.7512550864440755
2023-09-19,P0014,S001,31,47.0,30.941508853470438,30.941508853470438,0.05849114652956189
2023-09-19,P0010,S003,10,127.0,10.276763869155184,10.276763869155184,-0.27676386915518414
2023-09-19,P0006,S001,419,335.0,424.49444153565787,424.49444153565787,-5.49444153565787
2023-09-19,P0001,S003,71,43.0,71.1669122643422,71.1669122643422,-0.1669122643422014
2023-09-19,P0006,S005,47,110.0,47.06403894178,47.06403894178,-0.06403894177999803
2023-09-19,P0011,S001,198,336.0,198.14028424978812,198.14028424978812,-0.14028424978812382
2023-09-19,P0002,S004,72,20.0,71.04620232900483,71.04620232900483,0.9537976709951721
2023-09-19,P0005,S004,174,263.0,174.1079650214405,174.1079650214405,-0.10796502144049214
2023-09-19,P0020,S005,69,71.0,68.77393257362067,68.77393257362067,0.22606742637933053
2023-09-19,P0001,S002,92,312.0,91.63554812341071,91.63554812341071,0.36445187658928546
2023-09-19,P0013,S002,134,354.0,133.20408601845722,133.20408601845722,0.7959139815427818
2023-09-19,P0018,S004,134,4.0,134.5502895186117,134.5502895186117,-0.5502895186116916
2023-09-19,P0001,S001,72,262.0,71.49874818160944,71.49874818160944,0.501251818390557
2023-09-19,P0017,S002,106,66.0,106.43062330897395,106.43062330897395,-0.4306233089739493
2023-09-19,P0017,S004,333,93.0,332.6778509413283,332.6778509413283,0.3221490586716982
2023-09-19,P0006,S004,73,1.0,72.5501081853966,72.5501081853966,0.4498918146034043
2023-09-19,P0020,S001,19,386.0,17.76527203050174,17.76527203050174,1.234727969498259
2023-09-19,P0007,S001,28,206.0,28.35599199814185,28.35599199814185,-0.35599199814184956
2023-09-19,P0018,S003,80,35.0,79.59222595807465,79.59222595807465,0.40777404192535016
2023-09-19,P0008,S001,21,91.0,20.717859010644222,20.717859010644222,0.2821409893557778
2023-09-19,P0003,S003,90,0.0,90.4808208928347,90.4808208928347,-0.4808208928347
2023-09-19,P0007,S003,327,128.0,328.73149278269915,328.73149278269915,-1.7314927826991493
2023-09-20,P0007,S002,63,303.0,63.16924086368704,63.16924086368704,-0.16924086368703684
2023-09-20,P0009,S001,108,17.0,107.8663505904454,107.8663505904454,0.13364940955459303
2023-09-20,P0006,S002,36,283.0,36.82306262685486,36.82306262685486,-0.8230626268548633
2023-09-20,P0020,S002,26,79.0,26.07103192127188,26.07103192127188,-0.07103192127188152
2023-09-20,P0013,S002,115,134.0,115.22524162125248,115.22524162125248,-0.22524162125247926
2023-09-20,P0012,S004,269,67.0,269.47814261158555,269.47814261158555,-0.4781426115855538
2023-09-20,P0017,S005,99,80.0,99.93878740201932,99.93878740201932,-0.9387874020193152
2023-09-20,P0003,S002,28,60.0,26.676668395331365,26.676668395331365,1.3233316046686348
2023-09-20,P0013,S001,401,62.0,406.2138516732735,406.2138516732735,-5.213851673273496
2023-09-20,P0017,S004,175,333.0,174.95799318382825,174.95799318382825,0.042006816171749506
2023-09-20,P0008,S003,107,183.0,108.06329109336417,108.06329109336417,-1.063291093364171
2023-09-20,P0016,S002,8,20.0,8.63498533173605,8.63498533173605,-0.6349853317360505
2023-09-20,P0005,S002,91,81.0,90.78535033394628,90.78535033394628,0.21464966605371671
2023-09-20,P0020,S004,150,303.0,149.97641288189575,149.97641288189575,0.02358711810424552
2023-09-20,P0010,S003,26,10.0,25.37060329157792,25.37060329157792,0.6293967084220817
2023-09-20,P0004,S001,354,332.0,353.6426582666136,353.6426582666136,0.35734173338641995
2023-09-20,P0013,S005,152,223.0,152.36070483570455,152.36070483570455,-0.3607048357045528
2023-09-20,P0019,S005,71,381.0,70.92226393379046,70.92226393379046,0.07773606620953899
2023-09-20,P0001,S004,206,316.0,205.6629382091751,205.6629382091751,0.3370617908248903
2023-09-20,P0014,S001,114,31.0,114.24080243268538,114.24080243268538,-0.24080243268538482
2023-09-20,P0006,S005,151,47.0,150.6279473432697,150.6279473432697,0.37205265673028975
2023-09-20,P0004,S002,7,153.0,7.7068493515507965,7.7068493515507965,-0.7068493515507965
2023-09-20,P0018,S004,59,134.0,58.47727658840189,58.47727658840189,0.5227234115981076
2023-09-20,P0006,S004,108,73.0,108.16810607166467,108.16810607166467,-0.16810607166466696
2023-09-20,P0015,S003,66,268.0,66.3368298328576,66.3368298328576,-0.33682983285760315
2023-09-20,P0007,S001,64,28.0,64.25910763280467,64.25910763280467,-0.2591076328046711
2023-09-20,P0017,S002,56,106.0,55.325011109072115,55.325011109072115,0.6749888909278852
2023-09-20,P0004,S003,432,66.0,436.9751905087748,436.9751905087748,-4.975190508774801
2023-09-20,P0017,S003,151,134.0,151.03407459529717,151.03407459529717,-0.03407459529717016
2023-09-20,P0010,S004,308,8.0,306.51356625146786,306.51356625146786,1.4864337485321357
2023-09-20,P0008,S005,47,122.0,46.90462473775869,46.90462473775869,0.09537526224131199
2023-09-20,P0016,S001,76,151.0,75.92455116996454,75.92455116996454,0.07544883003545522
2023-09-20,P0014,S002,175,261.0,174.1295702216721,174.1295702216721,0.8704297783278889
2023-09-20,P0002,S001,151,170.0,151.2133419286891,151.2133419286891,-0.21334192868908985
2023-09-20,P0010,S005,134,212.0,133.67318558097537,133.67318558097537,0.32681441902462893
2023-09-20,P0018,S005,389,70.0,391.69156651868894,391.69156651868894,-2.691566518688944
2023-09-20,P0015,S001,34,131.0,34.480586181082,34.480586181082,-0.48058618108200335
2023-09-20,P0020,S003,44,85.0,43.32652610733839,43.32652610733839,0.6734738926616117
2023-09-20,P0008,S004,218,201.0,217.14190347979005,217.14190347979005,0.8580965202099549
2023-09-20,P0012,S005,16,311.0,16.464353058000775,16.464353058000775,-0.46435305800077487
2023-09-20,P0010,S002,27,45.0,26.55436432357814,26.55436432357814,0.4456356764218583
2023-09-20,P0006,S003,18,70.0,17.46984628290044,17.46984628290044,0.5301537170995587
2023-09-20,P0014,S005,94,194.0,94.91688146736273,94.91688146736273,-0.9168814673627281
2023-09-20,P0003,S001,63,37.0,63.513491473622814,63.513491473622814,-0.513491473622814
2023-09-20,P0011,S001,17,198.0,17.920446627632373,17.920446627632373,-0.9204466276323728
2023-09-20,P0011,S004,8,245.0,7.959204956814998,7.959204956814998,0.04079504318500238
2023-09-20,P0018,S001,264,90.0,264.4883172719375,264.4883172719375,-0.48831727193748975
2023-09-20,P0010,S001,122,212.0,121.319861530891,121.319861530891,0.6801384691089964
2023-09-20,P0019,S001,246,60.0,245.79223971936293,245.79223971936293,0.20776028063707486
2023-09-20,P0003,S004,71,47.0,71.15916317899438,71.15916317899438,-0.15916317899437615
2023-09-20,P0014,S004,253,19.0,252.73631124880052,252.73631124880052,0.26368875119948143
2023-09-20,P0005,S001,394,40.0,395.54968863148355,395.54968863148355,-1.5496886314835479
2023-09-20,P0003,S005,74,257.0,74.09402759865358,74.09402759865358,-0.09402759865358234
2023-09-20,P0007,S005,39,150.0,39.04054003121288,39.04054003121288,-0.040540031212877636
2023-09-20,P0018,S002,190,6.0,190.28167038679396,190.28167038679396,-0.2816703867939623
2023-09-20,P0019,S002,49,99.0,48.4929904100852,48.4929904100852,0.5070095899148015
2023-09-20,P0008,S001,46,21.0,46.660718448843845,46.660718448843845,-0.6607184488438449
2023-09-20,P0014,S003,0,195.0,0.3341550222191172,0.3341550222191172,-0.3341550222191172
2023-09-20,P0008,S002,11,172.0,11.43827193511625,11.43827193511625,-0.4382719351162496
2023-09-20,P0001,S005,204,142.0,204.60567037229526,204.60567037229526,-0.6056703722952648
2023-09-20,P0016,S004,125,386.0,125.60204942059612,125.60204942059612,-0.6020494205961171
2023-09-20,P0001,S001,104,72.0,103.17845660278876,103.17845660278876,0.8215433972112436
2023-09-20,P0005,S004,149,174.0,148.94202691600486,148.94202691600486,0.057973083995136676
2023-09-20,P0012,S001,55,63.0,55.092939602409835,55.092939602409835,-0.09293960240983523
2023-09-20,P0015,S002,246,92.0,246.16768737354397,246.16768737354397,-0.1676873735439699
2023-09-20,P0009,S003,24,196.0,23.936596720283916,23.936596720283916,0.06340327971608417
2023-09-20,P0002,S004,63,72.0,63.02013486379596,63.02013486379596,-0.020134863795959745
2023-09-20,P0011,S005,95,184.0,95.63957794135452,95.63957794135452,-0.6395779413545171
2023-09-20,P0020,S005,19,69.0,18.398603836024737,18.398603836024737,0.601396163975263
2023-09-20,P0005,S003,215,42.0,215.95962991534412,215.95962991534412,-0.9596299153441237
2023-09-20,P0001,S002,183,92.0,182.84028941553757,182.84028941553757,0.15971058446243092
2023-09-20,P0019,S004,5,410.0,4.272786367691913,4.272786367691913,0.7272136323080867
2023-09-20,P0018,S003,96,80.0,95.97107548984619,95.97107548984619,0.028924510153814253
2023-09-20,P0020,S001,202,19.0,203.02551778004272,203.02551778004272,-1.025517780042719
2023-09-20,P0013,S004,34,48.0,34.24853160132398,34.24853160132398,-0.24853160132398244
2023-09-20,P0004,S005,191,111.0,190.82693122838305,190.82693122838305,0.1730687716169541
2023-09-20,P0015,S004,83,299.0,83.5771899494089,83.5771899494089,-0.5771899494089041
2023-09-20,P0006,S001,295,419.0,296.54988522537343,296.54988522537343,-1.5498852253734299
2023-09-20,P0004,S004,104,29.0,103.26877353089401,103.26877353089401,0.7312264691059909
2023-09-20,P0007,S003,89,327.0,89.63746652271531,89.63746652271531,-0.6374665227153145
2023-09-20,P0016,S005,125,148.0,125.03024317369305,125.03024317369305,-0.030243173693051517
2023-09-20,P0009,S005,97,207.0,97.64539108226178,97.64539108226178,-0.6453910822617814
2023-09-20,P0009,S002,75,231.0,74.79356667927468,74.79356667927468,0.20643332072532417
2023-09-20,P0012,S003,174,30.0,173.132446767652,173.132446767652,0.8675532323480013
2023-09-20,P0011,S002,86,382.0,86.12898377557964,86.12898377557964,-0.12898377557964125
2023-09-20,P0003,S003,91,90.0,90.9694756768597,90.9694756768597,0.030524323140298293
2023-09-20,P0019,S003,209,4.0,208.93209414147873,208.93209414147873,0.06790585852127151
2023-09-20,P0002,S002,256,196.0,257.1955615008883,257.1955615008883,-1.1955615008882887
2023-09-20,P0007,S004,167,86.0,167.77989784897113,167.77989784897113,-0.7798978489711317
2023-09-20,P0002,S003,168,43.0,168.7623121784465,168.7623121784465,-0.762312178446507
2023-09-20,P0002,S005,359,196.0,360.85899722615244,360.85899722615244,-1.8589972261524395
2023-09-20,P0011,S003,148,60.0,148.42596089459084,148.42596089459084,-0.42596089459084396
2023-09-20,P0013,S003,122,1.0,122.52168971401585,122.52168971401585,-0.5216897140158494
2023-09-20,P0005,S005,249,8.0,248.59697043148307,248.59697043148307,0.40302956851692784
2023-09-20,P0016,S003,60,141.0,59.84041585640178,59.84041585640178,0.1595841435982166
2023-09-20,P0015,S005,47,200.0,47.194121840781534,47.194121840781534,-0.19412184078153416
2023-09-20,P0012,S002,46,98.0,45.81482757772564,45.81482757772564,0.1851724222743627
2023-09-20,P0017,S001,75,130.0,74.91643176561958,74.91643176561958,0.08356823438042227
2023-09-20,P0001,S003,69,71.0,69.23129515303602,69.23129515303602,-0.23129515303601522
2023-09-20,P0009,S004,92,18.0,91.56983370569137,91.56983370569137,0.4301662943086342
2023-09-21,P0013,S004,115,34.0,114.92289144423904,114.92289144423904,0.0771085557609581
2023-09-21,P0017,S002,18,56.0,17.633399473782408,17.633399473782408,0.3666005262175922
2023-09-21,P0002,S004,61,63.0,60.7094336383172,60.7094336383172,0.29056636168279937
2023-09-21,P0013,S002,47,115.0,46.718084749601964,46.718084749601964,0.2819152503980362
2023-09-21,P0013,S001,124,401.0,123.90021358730372,123.90021358730372,0.0997864126962753
2023-09-21,P0013,S003,188,122.0,189.0437203905999,189.0437203905999,-1.0437203905999013
2023-09-21,P0020,S005,269,19.0,268.3674952104783,268.3674952104783,0.632504789521704
2023-09-21,P0020,S003,219,44.0,219.4080245143785,219.4080245143785,-0.4080245143784964
2023-09-21,P0003,S001,26,63.0,25.60674139571729,25.60674139571729,0.3932586042827104
2023-09-21,P0003,S002,420,28.0,414.8797300077532,414.8797300077532,5.12026999224679
2023-09-21,P0014,S001,119,114.0,118.16969485409336,118.16969485409336,0.8303051459066353
2023-09-21,P0018,S004,14,59.0,12.984961234937208,12.984961234937208,1.0150387650627923
2023-09-21,P0003,S004,20,71.0,19.904878883079785,19.904878883079785,0.09512111692021463
2023-09-21,P0001,S001,309,104.0,308.02298817365175,308.02298817365175,0.9770118263482459
2023-09-21,P0003,S005,271,74.0,270.62493208289015,270.62493208289015,0.37506791710984544
2023-09-21,P0002,S005,80,359.0,80.27782747661637,80.27782747661637,-0.2778274766163662
2023-09-21,P0017,S003,137,151.0,136.17832904952436,136.17832904952436,0.8216709504756352
2023-09-21,P0003,S003,181,91.0,181.31275345279755,181.31275345279755,-0.3127534527975513
2023-09-21,P0017,S001,206,75.0,205.9260922811657,205.9260922811657,0.07390771883430602
2023-09-21,P0011,S003,332,148.0,330.4586791322467,330.4586791322467,1.5413208677533135
2023-09-21,P0013,S005,168,152.0,168.06167743979273,168.06167743979273,-0.06167743979273155
2023-09-21,P0010,S001,58,122.0,57.82742240559454,57.82742240559454,0.1725775944054604
2023-09-21,P0019,S001,52,246.0,52.1455167964938,52.1455167964938,-0.14551679649380134
2023-09-21,P0008,S001,118,46.0,118.44601722253762,118.44601722253762,-0.4460172225376198
2023-09-21,P0014,S004,36,253.0,36.44870481871044,36.44870481871044,-0.4487048187104392
2023-09-21,P0007,S001,2,64.0,2.048242670714106,2.048242670714106,-0.04824267071410615
2023-09-21,P0015,S002,114,246.0,114.45127227617685,114.45127227617685,-0.4512722761768515
2023-09-21,P0010,S005,32,134.0,33.32293764923485,33.32293764923485,-1.3229376492348521
2023-09-21,P0018,S002,194,190.0,194.8177582866704,194.8177582866704,-0.8177582866703972
2023-09-21,P0020,S001,242,202.0,241.49005451499283,241.49005451499283,0.5099454850071652
2023-09-21,P0010,S004,222,308.0,221.0630674912595,221.0630674912595,0.9369325087405116
2023-09-21,P0018,S003,23,96.0,23.38965477860007,23.38965477860007,-0.3896547786000717
2023-09-21,P0005,S004,104,149.0,104.51557321186287,104.51557321186287,-0.515573211862872
2023-09-21,P0006,S004,132,108.0,131.60222552434283,131.60222552434283,0.3977744756571724
2023-09-21,P0019,S004,73,5.0,72.48591400697235,72.48591400697235,0.5140859930276491
2023-09-21,P0011,S005,24,95.0,23.9491410184811,23.9491410184811,0.05085898151889978
2023-09-21,P0005,S003,203,215.0,202.27462800641885,202.27462800641885,0.7253719935811489
2023-09-21,P0006,S003,71,18.0,70.75808172186967,70.75808172186967,0.24191827813032774
2023-09-21,P0001,S003,25,69.0,25.285396989665056,25.285396989665056,-0.2853969896650561
2023-09-21,P0004,S001,136,354.0,135.92129038178763,135.92129038178763,0.07870961821237188
2023-09-21,P0011,S004,65,8.0,64.70145456978139,64.70145456978139,0.2985454302186099
2023-09-21,P0007,S005,130,39.0,129.97259080598153,129.97259080598153,0.027409194018474636
2023-09-21,P0017,S005,82,99.0,81.87729543537155,81.87729543537155,0.12270456462844948
2023-09-21,P0016,S002,181,8.0,181.25454090534524,181.25454090534524,-0.25454090534523743
2023-09-21,P0009,S005,371,97.0,370.73835219237606,370.73835219237606,0.2616478076239446
2023-09-21,P0007,S004,386,167.0,384.2495502582395,384.2495502582395,1.7504497417605194
2023-09-21,P0007,S003,12,89.0,10.601258984296807,10.601258984296807,1.3987410157031928
2023-09-21,P0006,S002,177,36.0,176.3306363048476,176.3306363048476,0.6693636951524127
2023-09-21,P0011,S001,228,17.0,227.7331722770929,227.7331722770929,0.2668277229070952
2023-09-21,P0015,S005,151,47.0,150.8640744151388,150.8640744151388,0.1359255848612122
2023-09-21,P0001,S002,126,183.0,126.85854603025867,126.85854603025867,-0.8585460302586654
2023-09-21,P0006,S001,106,295.0,105.94042073914436,105.94042073914436,0.059579260855642246
2023-09-21,P0005,S005,8,249.0,8.619874861179975,8.619874861179975,-0.6198748611799747
2023-09-21,P0011,S002,13,86.0,12.741555801036444,12.741555801036444,0.25844419896355575
2023-09-21,P0009,S004,62,92.0,61.964541603055316,61.964541603055316,0.03545839694468356
2023-09-21,P0014,S005,281,94.0,280.9276567151804,280.9276567151804,0.07234328481962393
2023-09-21,P0002,S002,132,256.0,132.04461371733137,132.04461371733137,-0.04461371733137298
2023-09-21,P0018,S001,241,264.0,241.16751143205647,241.16751143205647,-0.16751143205647168
2023-09-21,P0017,S004,83,175.0,82.43823427457161,82.43823427457161,0.561765725428387
2023-09-21,P0016,S003,32,60.0,31.28415338762971,31.28415338762971,0.7158466123702887
2023-09-21,P0002,S001,125,151.0,124.12950930933751,124.12950930933751,0.8704906906624927
2023-09-21,P0009,S003,157,24.0,157.7319962050499,157.7319962050499,-0.73199620504991
2023-09-21,P0006,S005,256,151.0,255.20953896487427,255.20953896487427,0.7904610351257304
2023-09-21,P0012,S001,197,55.0,196.07287701489315,196.07287701489315,0.9271229851068483
2023-09-21,P0019,S005,285,71.0,285.3074720480114,285.3074720480114,-0.30747204801139105
2023-09-21,P0004,S004,120,104.0,120.41475874673851,120.41475874673851,-0.41475874673851365
2023-09-21,P0012,S004,349,269.0,347.5259624935963,347.5259624935963,1.474037506403704
2023-09-21,P0019,S002,316,49.0,314.31526153803765,314.31526153803765,1.684738461962354
2023-09-21,P0020,S002,58,26.0,58.20374713213005,58.20374713213005,-0.20374713213004725
2023-09-21,P0009,S001,180,108.0,179.88585016309887,179.88585016309887,0.11414983690113445
2023-09-21,P0008,S004,54,218.0,53.484304282978826,53.484304282978826,0.515695717021174
2023-09-21,P0012,S005,64,16.0,64.21073449008908,64.21073449008908,-0.21073449008908085
2023-09-21,P0005,S002,11,91.0,11.552798442377709,11.552798442377709,-0.5527984423777088
2023-09-21,P0008,S005,212,47.0,212.94773741680825,212.94773741680825,-0.947737416808252
2023-09-21,P0018,S005,221,389.0,220.94338613184726,220.94338613184726,0.05661386815273772
2023-09-21,P0016,S001,215,76.0,214.71869148037098,214.71869148037098,0.2813085196290217
2023-09-21,P0014,S002,6,175.0,6.3581354928270315,6.3581354928270315,-0.3581354928270315
2023-09-21,P0015,S003,272,66.0,271.6715580570883,271.6715580570883,0.32844194291169515
2023-09-21,P0004,S003,170,432.0,169.71316461939378,169.71316461939378,0.28683538060622027
2023-09-21,P0001,S004,22,206.0,22.049388491720677,22.049388491720677,-0.04938849172067705
2023-09-21,P0010,S003,14,26.0,14.184294748267034,14.184294748267034,-0.18429474826703363
2023-09-21,P0004,S002,126,7.0,126.2548594639803,126.2548594639803,-0.2548594639802957
2023-09-21,P0015,S001,4,34.0,3.5263522206913787,3.5263522206913787,0.47364777930862134
2023-09-21,P0009,S002,117,75.0,116.96729237427112,116.96729237427112,0.0327076257288752
2023-09-21,P0008,S003,45,107.0,45.01578143891248,45.01578143891248,-0.01578143891247663
2023-09-21,P0020,S004,264,150.0,264.38237447332517,264.38237447332517,-0.3823744733251715
2023-09-21,P0007,S002,228,63.0,228.12830901757863,228.12830901757863,-0.1283090175786299
2023-09-21,P0005,S001,19,394.0,19.19312825880686,19.19312825880686,-0.19312825880685836
2023-09-21,P0016,S005,17,125.0,16.928082770642007,16.928082770642007,0.07191722935799305
2023-09-21,P0016,S004,6,125.0,5.521714179423966,5.521714179423966,0.4782858205760343
2023-09-21,P0008,S002,2,11.0,1.6683578697322223,1.6683578697322223,0.33164213026777767
2023-09-21,P0019,S003,245,209.0,243.75585884383563,243.75585884383563,1.2441411561643747
2023-09-21,P0015,S004,213,83.0,212.60337260008473,212.60337260008473,0.39662739991527474
2023-09-21,P0012,S002,239,46.0,238.74518374892918,238.74518374892918,0.25481625107082095
2023-09-21,P0001,S005,206,204.0,206.3300722255371,206.3300722255371,-0.33007222553709425
2023-09-21,P0002,S003,17,168.0,17.004881149863536,17.004881149863536,-0.0048811498635359385
2023-09-21,P0010,S002,40,27.0,40.28629739296529,40.28629739296529,-0.2862973929652881
2023-09-21,P0012,S003,173,174.0,173.12990440024905,173.12990440024905,-0.12990440024904615
2023-09-21,P0004,S005,41,191.0,40.533830531299685,40.533830531299685,0.46616946870031484
2023-09-21,P0014,S003,309,0.0,310.1066229070815,310.1066229070815,-1.106622907081487
2023-09-22,P0007,S003,188,12.0,189.21392403593225,189.21392403593225,-1.2139240359322514
2023-09-22,P0013,S005,3,168.0,3.0836384582944585,3.0836384582944585,-0.08363845829445848
2023-09-22,P0010,S002,90,40.0,91.07245133166896,91.07245133166896,-1.0724513316689581
2023-09-22,P0017,S004,82,83.0,82.02446595702355,82.02446595702355,-0.024465957023551255
2023-09-22,P0010,S001,343,58.0,343.8054041652701,343.8054041652701,-0.8054041652700903
2023-09-22,P0015,S001,226,4.0,226.56848551882734,226.56848551882734,-0.5684855188273445
2023-09-22,P0020,S003,108,219.0,107.30613209119532,107.30613209119532,0.6938679088046769
2023-09-22,P0007,S002,46,228.0,45.497667185157475,45.497667185157475,0.502332814842525
2023-09-22,P0003,S002,21,420.0,20.965361690011257,20.965361690011257,0.03463830998874329
2023-09-22,P0008,S001,255,118.0,255.48757400899234,255.48757400899234,-0.4875740089923397
2023-09-22,P0009,S005,167,371.0,167.28841651907743,167.28841651907743,-0.2884165190774297
2023-09-22,P0001,S004,385,22.0,388.20943571183295,388.20943571183295,-3.2094357118329526
2023-09-22,P0015,S003,374,272.0,375.7813610656388,375.7813610656388,-1.781361065638805
2023-09-22,P0008,S005,70,212.0,68.98063571692866,68.98063571692866,1.01936428307134
2023-09-22,P0008,S004,27,54.0,27.126812770769714,27.126812770769714,-0.12681277076971398
2023-09-22,P0009,S001,35,180.0,35.70536137649414,35.70536137649414,-0.7053613764941389
2023-09-22,P0008,S003,25,45.0,24.216745092634984,24.216745092634984,0.7832549073650164
2023-09-22,P0009,S002,100,117.0,99.8637096261437,99.8637096261437,0.13629037385629772
2023-09-22,P0019,S003,0,245.0,0.3553843993436777,0.3553843993436777,-0.3553843993436777
2023-09-22,P0002,S005,118,80.0,118.26153576991729,118.26153576991729,-0.26153576991728755
2023-09-22,P0015,S004,208,213.0,208.24556584489918,208.24556584489918,-0.24556584489917554
2023-09-22,P0013,S004,283,115.0,283.4022161587796,283.4022161587796,-0.40221615877959493
2023-09-22,P0008,S002,18,2.0,17.468737784716396,17.468737784716396,0.5312622152836042
2023-09-22,P0009,S003,96,157.0,95.45510185087106,95.45510185087106,0.5448981491289402
2023-09-22,P0001,S005,82,206.0,82.87336109869166,82.87336109869166,-0.8733610986916602
2023-09-22,P0019,S004,41,73.0,40.90970665222578,40.90970665222578,0.09029334777422093
2023-09-22,P0018,S003,70,23.0,70.05109681809428,70.05109681809428,-0.05109681809427968
2023-09-22,P0002,S004,143,61.0,143.34898523811378,143.34898523811378,-0.3489852381137837
2023-09-22,P0015,S002,13,114.0,12.698949254629662,12.698949254629662,0.30105074537033794
2023-09-22,P0001,S003,41,25.0,40.700003908465916,40.700003908465916,0.2999960915340836
2023-09-22,P0007,S005,39,130.0,37.943014398502434,37.943014398502434,1.0569856014975656
2023-09-22,P0013,S003,207,188.0,207.35628643722947,207.35628643722947,-0.3562864372294712
2023-09-22,P0018,S001,370,241.0,371.6243573511527,371.6243573511527,-1.624357351152696
2023-09-22,P0009,S004,69,62.0,69.19146139639898,69.19146139639898,-0.19146139639897797
2023-09-22,P0015,S005,15,151.0,15.008657054656448,15.008657054656448,-0.008657054656447727
2023-09-22,P0007,S004,31,386.0,31.044978587650466,31.044978587650466,-0.044978587650465585
2023-09-22,P0003,S001,253,26.0,252.83189198616049,252.83189198616049,0.16810801383951457
2023-09-22,P0016,S001,73,215.0,72.70735028569976,72.70735028569976,0.29264971430023934
2023-09-22,P0004,S001,95,136.0,94.7405390035409,94.7405390035409,0.25946099645909726
2023-09-22,P0007,S001,214,2.0,213.96467825815571,213.96467825815571,0.03532174184428527
2023-09-22,P0003,S004,108,20.0,107.31134424106413,107.31134424106413,0.688655758935866
2023-09-22,P0017,S002,25,18.0,25.170009100013058,25.170009100013058,-0.1700091000130577
2023-09-22,P0018,S002,16,194.0,16.881536086563983,16.881536086563983,-0.8815360865639832
2023-09-22,P0020,S001,325,242.0,323.372354078186,323.372354078186,1.6276459218140076
2023-09-22,P0005,S004,32,104.0,33.31941647709771,33.31941647709771,-1.319416477097711
2023-09-22,P0005,S003,7,203.0,6.888749668353412,6.888749668353412,0.1112503316465876
2023-09-22,P0001,S001,234,309.0,232.64326291044645,232.64326291044645,1.3567370895535475
2023-09-22,P0011,S005,69,24.0,68.8015604800748,68.8015604800748,0.19843951992520203
2023-09-22,P0001,S002,325,126.0,326.78513781241,326.78513781241,-1.785137812410028
2023-09-22,P0005,S002,34,11.0,34.02654322572635,34.02654322572635,-0.026543225726349817
2023-09-22,P0012,S001,65,197.0,64.87233103551083,64.87233103551083,0.12766896448917464
2023-09-22,P0014,S003,147,309.0,147.3409015358844,147.3409015358844,-0.34090153588439875
2023-09-22,P0016,S004,12,6.0,11.180551086307828,11.180551086307828,0.8194489136921721
2023-09-22,P0005,S001,443,19.0,439.98614203973074,439.98614203973074,3.013857960269263
2023-09-22,P0004,S005,70,41.0,69.97394559845318,69.97394559845318,0.026054401546815598
2023-09-22,P0003,S005,79,271.0,79.33362362693303,79.33362362693303,-0.3336236269330328
2023-09-22,P0017,S001,20,206.0,19.2952597331636,19.2952597331636,0.7047402668363993
2023-09-22,P0017,S003,126,137.0,125.26308371638446,125.26308371638446,0.7369162836155425
2023-09-22,P0004,S002,177,126.0,177.6168730884741,177.6168730884741,-0.616873088474108
2023-09-22,P0004,S003,129,170.0,128.76642298558147,128.76642298558147,0.23357701441852896
2023-09-22,P0014,S002,25,6.0,25.291500717847807,25.291500717847807,-0.29150071784780707
2023-09-22,P0018,S005,94,221.0,94.9161939196836,94.9161939196836,-0.9161939196835931
2023-09-22,P0012,S005,17,64.0,17.978089344900145,17.978089344900145,-0.9780893449001447
2023-09-22,P0014,S004,268,36.0,269.45469746298596,269.45469746298596,-1.454697462985962
2023-09-22,P0020,S002,268,58.0,268.2416603558336,268.2416603558336,-0.2416603558335737
2023-09-22,P0013,S001,410,124.0,408.30072122300214,408.30072122300214,1.6992787769978577
2023-09-22,P0004,S004,86,120.0,86.64932629854002,86.64932629854002,-0.6493262985400179
2023-09-22,P0016,S005,28,17.0,28.301403467373923,28.301403467373923,-0.3014034673739232
2023-09-22,P0012,S003,29,173.0,29.45480370961243,29.45480370961243,-0.4548037096124311
2023-09-22,P0002,S003,24,17.0,23.7758517247801,23.7758517247801,0.22414827521989977
2023-09-22,P0012,S002,346,239.0,346.0823597936782,346.0823597936782,-0.0823597936782221
2023-09-22,P0012,S004,105,349.0,104.8103790703516,104.8103790703516,0.18962092964839883
2023-09-22,P0019,S001,312,52.0,312.336946936024,312.336946936024,-0.33694693602399184
2023-09-22,P0020,S005,4,269.0,3.868030341562665,3.868030341562665,0.1319696584373351
2023-09-22,P0011,S004,247,65.0,246.2046663765225,246.2046663765225,0.7953336234774895
2023-09-22,P0006,S005,88,256.0,88.4086576264717,88.4086576264717,-0.4086576264716939
2023-09-22,P0018,S004,313,14.0,313.88834602774654,313.88834602774654,-0.888346027746536
2023-09-22,P0006,S004,79,132.0,78.48202006800969,78.48202006800969,0.5179799319903111
2023-09-22,P0010,S004,38,222.0,38.36004788914868,38.36004788914868,-0.3600478891486816
2023-09-22,P0010,S005,67,32.0,67.24611343527444,67.24611343527444,-0.24611343527443807
2023-09-22,P0014,S005,10,281.0,10.518006491049421,10.518006491049421,-0.5180064910494213
2023-09-22,P0002,S001,105,125.0,105.14677940697226,105.14677940697226,-0.14677940697225722
2023-09-22,P0020,S004,54,264.0,53.82575209412285,53.82575209412285,0.17424790587715222
2023-09-22,P0006,S003,29,71.0,28.5220099830652,28.5220099830652,0.47799001693480037
2023-09-22,P0017,S005,103,82.0,103.1972734924928,103.1972734924928,-0.1972734924927977
2023-09-22,P0016,S002,158,181.0,158.81141599078853,158.81141599078853,-0.8114159907885323
2023-09-22,P0014,S001,140,119.0,139.67843409720388,139.67843409720388,0.32156590279612374
2023-09-22,P0013,S002,249,47.0,248.45279515354488,248.45279515354488,0.5472048464551165
2023-09-22,P0006,S001,183,106.0,183.24052867659583,183.24052867659583,-0.24052867659582944
2023-09-22,P0011,S001,44,228.0,44.55147138641087,44.55147138641087,-0.5514713864108671
2023-09-22,P0005,S005,74,8.0,74.96675879942997,74.96675879942997,-0.966758799429968
2023-09-22,P0011,S002,45,13.0,45.23848944042025,45.23848944042025,-0.23848944042025266
2023-09-22,P0019,S005,59,285.0,58.38372989606418,58.38372989606418,0.6162701039358183
2023-09-22,P0019,S002,70,316.0,70.43520946280958,70.43520946280958,-0.4352094628095813
2023-09-22,P0003,S003,126,181.0,126.98558676825313,126.98558676825313,-0.9855867682531283
2023-09-22,P0002,S002,275,132.0,274.7604494379633,274.7604494379633,0.23955056203669756
2023-09-22,P0010,S003,13,14.0,13.17058021968111,13.17058021968111,-0.17058021968110992
2023-09-22,P0011,S003,41,332.0,41.205883031974146,41.205883031974146,-0.20588303197414604
2023-09-22,P0016,S003,50,32.0,51.05258780945846,51.05258780945846,-1.0525878094584584
2023-09-22,P0006,S002,302,177.0,303.70080981416476,303.70080981416476,-1.7008098141647565
2023-09-23,P0019,S005,135,59.0,135.74397380469796,135.74397380469796,-0.7439738046979585
2023-09-23,P0019,S002,28,70.0,28.606381792238256,28.606381792238256,-0.6063817922382562
2023-09-23,P0018,S005,84,94.0,83.86471357546013,83.86471357546013,0.1352864245398706
2023-09-23,P0020,S002,156,268.0,155.9750062372746,155.9750062372746,0.024993762725387114
2023-09-23,P0020,S004,107,54.0,107.2906104556457,107.2906104556457,-0.2906104556457052
2023-09-23,P0018,S004,433,313.0,433.0105158637598,433.0105158637598,-0.01051586375979241
2023-09-23,P0019,S003,57,0.0,57.14961577309596,57.14961577309596,-0.14961577309595953
2023-09-23,P0019,S001,138,312.0,137.69490697421534,137.69490697421534,0.30509302578465736
2023-09-23,P0018,S001,27,370.0,27.081771385831004,27.081771385831004,-0.0817713858310043
2023-09-23,P0020,S001,9,325.0,9.518344941769115,9.518344941769115,-0.518344941769115
2023-09-23,P0018,S003,353,70.0,352.0339053945857,352.0339053945857,0.9660946054142983
2023-09-23,P0018,S002,42,16.0,41.530652776333405,41.530652776333405,0.4693472236665954
2023-09-23,P0020,S003,70,108.0,70.15418858471047,70.15418858471047,-0.15418858471046804
2023-09-23,P0019,S004,6,41.0,6.43477411660262,6.43477411660262,-0.43477411660262
2023-09-23,P0020,S005,201,4.0,200.77020856240165,200.77020856240165,0.22979143759835097
2023-09-23,P0009,S001,265,35.0,264.1834237805352,264.1834237805352,0.816576219464821
2023-09-23,P0007,S002,93,46.0,92.8718589321383,92.8718589321383,0.12814106786170498
2023-09-23,P0013,S005,83,3.0,83.44332477206754,83.44332477206754,-0.44332477206754106
2023-09-23,P0010,S003,5,13.0,5.335649684133792,5.335649684133792,-0.33564968413379237
2023-09-23,P0016,S005,30,28.0,30.238481181545865,30.238481181545865,-0.23848118154586473
2023-09-23,P0008,S005,44,70.0,44.03583274388604,44.03583274388604,-0.035832743886039964
2023-09-23,P0003,S003,17,126.0,17.946418375129948,17.946418375129948,-0.946418375129948
2023-09-23,P0012,S004,289,105.0,287.8394674259523,287.8394674259523,1.1605325740476928
2023-09-23,P0006,S004,120,79.0,119.88084729115845,119.88084729115845,0.11915270884155404
2023-09-23,P0011,S001,1,44.0,1.204608480886111,1.204608480886111,-0.20460848088611105
2023-09-23,P0017,S003,107,126.0,106.35777576887274,106.35777576887274,0.6422242311272583
2023-09-23,P0004,S004,96,86.0,96.11948374323286,96.11948374323286,-0.1194837432328626
2023-09-23,P0017,S002,315,25.0,314.46028527113975,314.46028527113975,0.5397147288602469
2023-09-23,P0005,S003,298,7.0,298.5603145373492,298.5603145373492,-0.5603145373491998
2023-09-23,P0006,S001,26,183.0,25.72581177714199,25.72581177714199,0.2741882228580117
2023-09-23,P0010,S002,122,90.0,122.09314328497645,122.09314328497645,-0.09314328497644908
2023-09-23,P0012,S002,176,346.0,175.7525599988959,175.7525599988959,0.2474400011041098
2023-09-23,P0010,S004,82,38.0,81.76917929246119,81.76917929246119,0.23082070753881112
2023-09-23,P0013,S002,281,249.0,280.5308105043161,280.5308105043161,0.46918949568390644
2023-09-23,P0015,S003,69,374.0,69.01461145109303,69.01461145109303,-0.014611451093031746
2023-09-23,P0002,S001,39,105.0,39.49994461538999,39.49994461538999,-0.49994461538999246
2023-09-23,P0003,S004,154,108.0,153.63307409730004,153.63307409730004,0.36692590269996117
2023-09-23,P0007,S003,96,188.0,95.93126856144083,95.93126856144083,0.06873143855916908
2023-09-23,P0002,S002,56,275.0,55.54787399268068,55.54787399268068,0.45212600731932184
2023-09-23,P0002,S005,67,118.0,66.96720877638549,66.96720877638549,0.03279122361450959
2023-09-23,P0012,S001,193,65.0,193.6755574802621,193.6755574802621,-0.675557480262114
2023-09-23,P0015,S004,106,208.0,105.786328279551,105.786328279551,0.21367172044899974
2023-09-23,P0014,S001,217,140.0,216.16687591475045,216.16687591475045,0.8331240852495512
2023-09-23,P0014,S002,3,25.0,2.513242756994379,2.513242756994379,0.48675724300562084
2023-09-23,P0003,S002,25,21.0,25.111064989516873,25.111064989516873,-0.11106498951687271
2023-09-23,P0016,S001,230,73.0,230.2094207214374,230.2094207214374,-0.20942072143739665
2023-09-23,P0008,S003,100,25.0,99.93372830985663,99.93372830985663,0.06627169014336687
2023-09-23,P0015,S005,69,15.0,68.67666970986416,68.67666970986416,0.3233302901358428
2023-09-23,P0011,S005,40,69.0,40.17259236272525,40.17259236272525,-0.17259236272524703
2023-09-23,P0008,S002,77,18.0,77.02875467400752,77.02875467400752,-0.028754674007515746
2023-09-23,P0004,S005,35,70.0,35.15422412295964,35.15422412295964,-0.15422412295963994
2023-09-23,P0005,S005,137,74.0,137.05025820884939,137.05025820884939,-0.050258208849385255
2023-09-23,P0010,S005,45,67.0,45.49951152426253,45.49951152426253,-0.4995115242625303
2023-09-23,P0007,S004,88,31.0,88.21420145830994,88.21420145830994,-0.21420145830994386
2023-09-23,P0001,S002,49,325.0,49.32992937447837,49.32992937447837,-0.32992937447836823
2023-09-23,P0004,S002,37,177.0,37.13819558381014,37.13819558381014,-0.13819558381013763
2023-09-23,P0008,S004,142,27.0,141.81298330090044,141.81298330090044,0.18701669909955854
2023-09-23,P0017,S005,129,103.0,128.56237813224575,128.56237813224575,0.4376218677542454
2023-09-23,P0013,S001,14,410.0,14.247594413561194,14.247594413561194,-0.2475944135611936
2023-09-23,P0015,S001,136,226.0,136.73851525989264,136.73851525989264,-0.7385152598926368
2023-09-23,P0003,S001,43,253.0,43.61730074151327,43.61730074151327,-0.6173007415132687
2023-09-23,P0016,S002,47,158.0,47.437712470680715,47.437712470680715,-0.43771247068071517
2023-09-23,P0014,S005,123,10.0,123.34752062908065,123.34752062908065,-0.3475206290806483
2023-09-23,P0004,S003,442,129.0,441.01960179020233,441.01960179020233,0.98039820979767
2023-09-23,P0007,S001,212,214.0,212.5331008464002,212.5331008464002,-0.5331008464002025
2023-09-23,P0001,S005,302,82.0,302.6324931951181,302.6324931951181,-0.6324931951181156
2023-09-23,P0005,S002,302,34.0,300.5924129535637,300.5924129535637,1.4075870464362765
2023-09-23,P0017,S004,47,82.0,46.85539994544336,46.85539994544336,0.1446000545566406
2023-09-23,P0015,S002,31,13.0,31.521472685594052,31.521472685594052,-0.5214726855940519
2023-09-23,P0009,S005,204,167.0,203.69692196453627,203.69692196453627,0.30307803546372725
2023-09-23,P0002,S004,26,143.0,25.681830141420185,25.681830141420185,0.3181698585798145
2023-09-23,P0016,S004,222,12.0,222.49245109754466,222.49245109754466,-0.49245109754465943
2023-09-23,P0002,S003,65,24.0,66.27422806605121,66.27422806605121,-1.274228066051208
2023-09-23,P0007,S005,143,39.0,142.72457774700234,142.72457774700234,0.2754222529976573
2023-09-23,P0011,S003,214,41.0,213.54245547212943,213.54245547212943,0.4575445278705672
2023-09-23,P0006,S002,37,302.0,36.17524445312676,36.17524445312676,0.8247555468732415
2023-09-23,P0013,S004,311,283.0,309.8383361388073,309.8383361388073,1.1616638611927215
2023-09-23,P0014,S004,199,268.0,198.96884514186587,198.96884514186587,0.03115485813412988
2023-09-23,P0012,S005,41,17.0,40.57891176431378,40.57891176431378,0.42108823568622
2023-09-23,P0009,S004,95,69.0,95.07880934596005,95.07880934596005,-0.07880934596005318
2023-09-23,P0003,S005,415,79.0,414.6527448028477,414.6527448028477,0.34725519715232167
2023-09-23,P0001,S003,78,41.0,78.40703034223735,78.40703034223735,-0.40703034223734846
2023-09-23,P0006,S005,159,88.0,158.23998851122258,158.23998851122258,0.7600114887774225
2023-09-23,P0009,S003,82,96.0,81.84806565848577,81.84806565848577,0.15193434151423446
2023-09-23,P0013,S003,32,207.0,33.49394915923739,33.49394915923739,-1.4939491592373884
2023-09-23,P0004,S001,43,95.0,43.25467494255464,43.25467494255464,-0.25467494255463663
2023-09-23,P0012,S003,145,29.0,145.74377781974238,145.74377781974238,-0.7437778197423768
2023-09-23,P0009,S002,126,100.0,125.60437696862898,125.60437696862898,0.3956230313710165
2023-09-23,P0001,S004,156,385.0,155.69127124315085,155.69127124315085,0.308728756849149
2023-09-23,P0008,S001,223,255.0,222.6697317417373,222.6697317417373,0.33026825826269146
2023-09-23,P0005,S001,225,443.0,226.77800187706274,226.77800187706274,-1.778001877062735
2023-09-23,P0011,S004,35,247.0,34.860360559261245,34.860360559261245,0.13963944073875467
2023-09-23,P0006,S003,282,29.0,282.4103662283275,282.4103662283275,-0.41036622832751846
2023-09-23,P0016,S003,48,50.0,47.170689291727925,47.170689291727925,0.8293107082720752
2023-09-23,P0011,S002,136,45.0,136.2817012706318,136.2817012706318,-0.2817012706317996
2023-09-23,P0017,S001,196,20.0,194.16608481084393,194.16608481084393,1.8339151891560732
2023-09-23,P0005,S004,172,32.0,172.27894299354472,172.27894299354472,-0.2789429935447174
2023-09-23,P0001,S001,283,234.0,285.6003578163379,285.6003578163379,-2.600357816337919
2023-09-23,P0014,S003,41,147.0,40.43002252312793,40.43002252312793,0.5699774768720687
2023-09-23,P0010,S001,368,343.0,368.8684541620953,368.8684541620953,-0.8684541620953041
2023-09-24,P0018,S001,199,27.0,198.9178930896047,198.9178930896047,0.0821069103953107
2023-09-24,P0018,S004,109,433.0,109.02234203686345,109.02234203686345,-0.022342036863449266
2023-09-24,P0014,S001,17,217.0,17.1859835523783,17.1859835523783,-0.18598355237829978
2023-09-24,P0011,S005,335,40.0,335.9146551883735,335.9146551883735,-0.9146551883735015
2023-09-24,P0004,S005,448,35.0,447.3164973882474,447.3164973882474,0.6835026117526013
2023-09-24,P0001,S003,10,78.0,10.393746337414578,10.393746337414578,-0.3937463374145782
2023-09-24,P0015,S005,92,69.0,91.84846365824527,91.84846365824527,0.15153634175473485
2023-09-24,P0019,S004,108,6.0,107.69447137932826,107.69447137932826,0.3055286206717369
2023-09-24,P0017,S001,82,196.0,81.8084233631746,81.8084233631746,0.1915766368254026
2023-09-24,P0011,S004,134,35.0,134.5425339884967,134.5425339884967,-0.5425339884967002
2023-09-24,P0013,S001,1,14.0,1.221822913623,1.221822913623,-0.2218229136230001
2023-09-24,P0019,S001,2,138.0,1.6683578697322223,1.6683578697322223,0.33164213026777767
2023-09-24,P0004,S002,146,37.0,145.35595717312864,145.35595717312864,0.6440428268713561
2023-09-24,P0008,S002,136,77.0,136.41508980703523,136.41508980703523,-0.4150898070352298
2023-09-24,P0008,S001,6,223.0,6.175304231421473,6.175304231421473,-0.17530423142147278
2023-09-24,P0018,S005,235,84.0,235.93209327411125,235.93209327411125,-0.9320932741112529
2023-09-24,P0007,S003,216,96.0,215.86474770323267,215.86474770323267,0.13525229676733375
2023-09-24,P0015,S003,118,69.0,118.44601722253762,118.44601722253762,-0.4460172225376198
2023-09-24,P0006,S003,140,282.0,139.32408204007297,139.32408204007297,0.675917959927034
2023-09-24,P0006,S001,23,26.0,23.409680306417364,23.409680306417364,-0.4096803064173642
2023-09-24,P0011,S002,370,136.0,368.9666999212834,368.9666999212834,1.033300078716593
2023-09-24,P0003,S004,158,154.0,157.70932140035788,157.70932140035788,0.2906785996421206
2023-09-24,P0005,S001,242,225.0,240.82086691919937,240.82086691919937,1.179133080800625
2023-09-24,P0004,S001,393,43.0,390.39969444493,390.39969444493,2.6003055550700083
2023-09-24,P0017,S002,101,315.0,100.61973347298981,100.61973347298981,0.3802665270101926
2023-09-24,P0018,S003,284,353.0,282.79268053480075,282.79268053480075,1.207319465199248
2023-09-24,P0011,S001,54,1.0,53.45701281342513,53.45701281342513,0.5429871865748694
2023-09-24,P0003,S003,182,17.0,182.71213548409239,182.71213548409239,-0.7121354840923857
2023-09-24,P0006,S002,87,37.0,87.31593061474221,87.31593061474221,-0.3159306147422143
2023-09-24,P0015,S002,99,31.0,98.86333271701169,98.86333271701169,0.13666728298831288
2023-09-24,P0007,S005,161,143.0,160.41012661285168,160.41012661285168,0.5898733871483159
2023-09-24,P0020,S003,42,70.0,42.34439399837987,42.34439399837987,-0.3443939983798714
2023-09-24,P0007,S002,228,93.0,229.97754086217725,229.97754086217725,-1.97754086217725
2023-09-24,P0011,S003,144,214.0,143.57344913812244,143.57344913812244,0.4265508618775584
2023-09-24,P0010,S005,236,45.0,236.52132610298497,236.52132610298497,-0.5213261029849718
2023-09-24,P0015,S001,32,136.0,31.401992172150678,31.401992172150678,0.5980078278493224
2023-09-24,P0003,S005,368,415.0,370.6078522995299,370.6078522995299,-2.6078522995298954
2023-09-24,P0015,S004,55,106.0,54.70799615382931,54.70799615382931,0.29200384617068664
2023-09-24,P0020,S005,98,201.0,97.79752501052414,97.79752501052414,0.20247498947585996
2023-09-24,P0012,S005,58,41.0,57.789514946817896,57.789514946817896,0.2104850531821043
2023-09-24,P0020,S002,415,156.0,411.68394821112696,411.68394821112696,3.3160517888730396
2023-09-24,P0020,S001,73,9.0,72.99216458473913,72.99216458473913,0.00783541526087106
2023-09-24,P0010,S004,80,82.0,79.45809301091073,79.45809301091073,0.54190698908927
2023-09-24,P0002,S002,101,56.0,100.50562117076025,100.50562117076025,0.49437882923974996
2023-09-24,P0010,S002,237,122.0,237.8957345587153,237.8957345587153,-0.8957345587153043
2023-09-24,P0009,S001,153,265.0,153.26855631653427,153.26855631653427,-0.2685563165342728
2023-09-24,P0013,S002,45,281.0,45.70758953788582,45.70758953788582,-0.7075895378858235
2023-09-24,P0005,S003,25,298.0,24.45951885127437,24.45951885127437,0.5404811487256289
2023-09-24,P0014,S004,40,199.0,40.0607372348431,40.0607372348431,-0.06073723484310278
2023-09-24,P0002,S005,431,67.0,430.2064579030806,430.2064579030806,0.7935420969193956
2023-09-24,P0010,S001,20,368.0,19.94800992848651,19.94800992848651,0.05199007151349022
2023-09-24,P0009,S002,146,126.0,145.82453518619013,145.82453518619013,0.17546481380986734
2023-09-24,P0002,S001,62,39.0,62.049890195935824,62.049890195935824,-0.049890195935823556
2023-09-24,P0001,S005,236,302.0,235.83886319082112,235.83886319082112,0.16113680917888473
2023-09-24,P0016,S003,99,48.0,99.1082201645669,99.1082201645669,-0.10822016456690164
2023-09-24,P0014,S003,173,41.0,173.72602915640365,173.72602915640365,-0.726029156403655
2023-09-24,P0004,S004,39,96.0,39.639146261432984,39.639146261432984,-0.6391462614329839
2023-09-24,P0020,S004,308,107.0,308.20374259279134,308.20374259279134,-0.2037425927913432
2023-09-24,P0009,S005,6,204.0,5.808695402154281,5.808695402154281,0.1913045978457193
2023-09-24,P0013,S004,104,311.0,103.87710768600928,103.87710768600928,0.1228923139907181
2023-09-24,P0017,S004,248,47.0,248.69517248892777,248.69517248892777,-0.6951724889277671
2023-09-24,P0018,S002,170,42.0,170.64321594281907,170.64321594281907,-0.6432159428190687
2023-09-24,P0009,S004,56,95.0,56.31390952207325,56.31390952207325,-0.31390952207325284
2023-09-24,P0013,S003,126,32.0,126.06902970047634,126.06902970047634,-0.06902970047633517
2023-09-24,P0006,S005,40,159.0,40.396370532874464,40.396370532874464,-0.3963705328744638
2023-09-24,P0002,S003,337,65.0,335.1893647453857,335.1893647453857,1.810635254614283
2023-09-24,P0012,S003,180,145.0,178.77810001732345,178.77810001732345,1.2218999826765469
2023-09-24,P0019,S003,248,57.0,247.6483116454754,247.6483116454754,0.35168835452461167
2023-09-24,P0009,S003,156,82.0,156.2280415184487,156.2280415184487,-0.22804151844869125
2023-09-24,P0016,S004,276,222.0,275.631699953471,275.631699953471,0.3683000465289865
2023-09-24,P0005,S004,168,172.0,167.7297252717082,167.7297252717082,0.27027472829180965
2023-09-24,P0001,S004,45,156.0,44.69951027603675,44.69951027603675,0.3004897239632527
2023-09-24,P0001,S001,28,283.0,27.55991225879968,27.55991225879968,0.440087741200319
2023-09-24,P0002,S004,64,26.0,63.95395417959084,63.95395417959084,0.046045820409162275
2023-09-24,P0017,S003,161,107.0,161.0004416573893,161.0004416573893,-0.00044165738930246334
2023-09-24,P0012,S002,227,176.0,227.321956304296,227.321956304296,-0.32195630429600897
2023-09-24,P0007,S004,235,88.0,235.92060738725402,235.92060738725402,-0.920607387254023
2023-09-24,P0005,S005,174,137.0,174.70299461836456,174.70299461836456,-0.7029946183645563
2023-09-24,P0001,S002,57,49.0,56.12964590117968,56.12964590117968,0.8703540988203216
2023-09-24,P0019,S005,325,135.0,324.4958835492877,324.4958835492877,0.5041164507122744
2023-09-24,P0006,S004,31,120.0,31.84262897139499,31.84262897139499,-0.8426289713949906
2023-09-24,P0016,S001,20,230.0,18.978047370817137,18.978047370817137,1.021952629182863
2023-09-24,P0008,S004,137,142.0,136.2952186072242,136.2952186072242,0.7047813927758
2023-09-24,P0014,S005,5,123.0,4.863512682415508,4.863512682415508,0.13648731758449184
2023-09-24,P0008,S003,153,100.0,152.8472918975165,152.8472918975165,0.1527081024835013
2023-09-24,P0017,S005,231,129.0,231.17526000983636,231.17526000983636,-0.17526000983636436
2023-09-24,P0003,S002,424,25.0,423.33295595001846,423.33295595001846,0.6670440499815413
2023-09-24,P0012,S004,164,289.0,163.64087461977343,163.64087461977343,0.3591253802265726
2023-09-24,P0016,S002,151,47.0,150.7007566959035,150.7007566959035,0.2992433040965068
2023-09-24,P0004,S003,303,442.0,303.25343401547485,303.25343401547485,-0.253434015474852
2023-09-24,P0003,S001,41,43.0,40.729676527969445,40.729676527969445,0.2703234720305545
2023-09-24,P0016,S005,11,30.0,11.633448075422029,11.633448075422029,-0.6334480754220291
2023-09-24,P0008,S005,273,44.0,274.1111340672025,274.1111340672025,-1.1111340672024994
2023-09-24,P0019,S002,16,28.0,16.17469012430725,16.17469012430725,-0.17469012430725073
2023-09-24,P0010,S003,414,5.0,418.85129482649194,418.85129482649194,-4.851294826491937
2023-09-24,P0014,S002,150,3.0,149.91105091490434,149.91105091490434,0.08894908509566335
2023-09-24,P0012,S001,177,193.0,177.8485860048405,177.8485860048405,-0.8485860048405129
2023-09-24,P0007,S001,15,212.0,15.510651433185,15.510651433185,-0.5106514331850001
2023-09-24,P0013,S005,252,83.0,252.65136947813167,252.65136947813167,-0.6513694781316701
2023-09-24,P0005,S002,53,302.0,52.452988301569434,52.452988301569434,0.5470116984305662
2023-09-25,P0014,S005,382,5.0,386.7774547164146,386.7774547164146,-4.7774547164145815
2023-09-25,P0014,S002,62,150.0,61.850795556675735,61.850795556675735,0.1492044433242654
2023-09-25,P0012,S003,51,180.0,50.135195001019305,50.135195001019305,0.864804998980695
2023-09-25,P0001,S004,165,45.0,165.65549034038295,165.65549034038295,-0.6554903403829542
2023-09-25,P0012,S004,43,164.0,43.53561506327774,43.53561506327774,-0.5356150632777386
2023-09-25,P0011,S005,10,335.0,10.581826305166448,10.581826305166448,-0.5818263051664481
2023-09-25,P0011,S004,22,134.0,21.32322284233435,21.32322284233435,0.6767771576656507
2023-09-25,P0007,S001,190,15.0,191.06213686867233,191.06213686867233,-1.0621368686723258
2023-09-25,P0015,S002,412,99.0,414.70068388426023,414.70068388426023,-2.700683884260229
2023-09-25,P0012,S005,22,58.0,21.564660647625345,21.564660647625345,0.4353393523746547
2023-09-25,P0007,S002,28,228.0,29.262710609011755,29.262710609011755,-1.262710609011755
2023-09-25,P0017,S004,36,248.0,36.36622030060315,36.36622030060315,-0.36622030060315325
2023-09-25,P0006,S004,318,31.0,318.97532845686374,318.97532845686374,-0.9753284568637355
2023-09-25,P0012,S001,96,177.0,95.8812389802735,95.8812389802735,0.11876101972650588
2023-09-25,P0014,S004,416,40.0,418.8026880191289,418.8026880191289,-2.8026880191288797
2023-09-25,P0006,S003,5,140.0,5.080707380796835,5.080707380796835,-0.08070738079683526
2023-09-25,P0004,S002,26,146.0,26.090729123417102,26.090729123417102,-0.09072912341710193
2023-09-25,P0012,S002,328,227.0,329.5775718315936,329.5775718315936,-1.577571831593616
2023-09-25,P0004,S003,200,303.0,198.16636223767267,198.16636223767267,1.833637762327328
2023-09-25,P0015,S001,240,32.0,239.27351295402175,239.27351295402175,0.7264870459782458
2023-09-25,P0019,S005,334,325.0,334.5376652537781,334.5376652537781,-0.5376652537780728
2023-09-25,P0007,S003,163,216.0,162.3809599723758,162.3809599723758,0.6190400276242087
2023-09-25,P0002,S001,33,62.0,32.9680184774074,32.9680184774074,0.03198152259260212
2023-09-25,P0014,S003,54,173.0,53.8641809516977,53.8641809516977,0.1358190483023023
2023-09-25,P0004,S001,82,393.0,80.89372238291496,80.89372238291496,1.1062776170850412
2023-09-25,P0006,S005,251,40.0,250.54431701117048,250.54431701117048,0.45568298882952263
2023-09-25,P0020,S002,61,415.0,61.50668138826579,61.50668138826579,-0.5066813882657897
2023-09-25,P0019,S001,98,2.0,98.50476965262024,98.50476965262024,-0.5047696526202401
2023-09-25,P0004,S004,0,39.0,0.09248060977919118,0.09248060977919118,-0.09248060977919118
2023-09-25,P0007,S004,112,235.0,111.95500021363169,111.95500021363169,0.04499978636830804
2023-09-25,P0017,S002,0,101.0,0.0,0.0,0.0
2023-09-25,P0002,S002,313,101.0,314.9038483060783,314.9038483060783,-1.9038483060783165
2023-09-25,P0010,S002,152,237.0,151.54058612695107,151.54058612695107,0.45941387304893055
2023-09-25,P0020,S004,52,308.0,51.68760206157922,51.68760206157922,0.31239793842078
2023-09-25,P0017,S003,184,161.0,183.72729462519675,183.72729462519675,0.27270537480325174
2023-09-25,P0008,S005,88,273.0,88.51010294018143,88.51010294018143,-0.5101029401814259
2023-09-25,P0010,S003,78,414.0,78.07398291022096,78.07398291022096,-0.0739829102209626
2023-09-25,P0016,S005,59,11.0,59.58695009210159,59.58695009210159,-0.5869500921015884
2023-09-25,P0009,S001,53,153.0,53.61822548548972,53.61822548548972,-0.6182254854897167
2023-09-25,P0013,S005,240,252.0,239.74278382318963,239.74278382318963,0.257216176810374
2023-09-25,P0008,S004,39,137.0,38.5400681979345,38.5400681979345,0.45993180206549766
2023-09-25,P0020,S001,33,73.0,33.126406202798044,33.126406202798044,-0.12640620279804438
2023-09-25,P0017,S005,40,231.0,39.0278501634804,39.0278501634804,0.9721498365195984
2023-09-25,P0003,S001,82,41.0,81.99178455669598,81.99178455669598,0.008215443304024461
2023-09-25,P0001,S002,301,57.0,299.82164342185365,299.82164342185365,1.1783565781463494
2023-09-25,P0016,S001,168,20.0,167.44532926914806,167.44532926914806,0.5546707308519387
2023-09-25,P0005,S002,213,53.0,212.98882525426444,212.98882525426444,0.0111747457355591
2023-09-25,P0016,S002,8,151.0,8.741355968134808,8.741355968134808,-0.7413559681348083
2023-09-25,P0008,S003,49,153.0,49.49908927384501,49.49908927384501,-0.49908927384500856
2023-09-25,P0013,S002,100,45.0,99.69756136763047,99.69756136763047,0.3024386323695296
2023-09-25,P0010,S001,127,20.0,126.64709550232062,126.64709550232062,0.3529044976793756
2023-09-25,P0001,S001,41,28.0,40.3258762821982,40.3258762821982,0.6741237178017983
2023-09-25,P0005,S004,188,168.0,188.0414797662463,188.0414797662463,-0.041479766246311556
2023-09-25,P0016,S004,4,276.0,5.1238494541190915,5.1238494541190915,-1.1238494541190915
2023-09-25,P0009,S003,132,156.0,131.610319081983,131.610319081983,0.38968091801700666
2023-09-25,P0019,S003,171,248.0,171.59618942769177,171.59618942769177,-0.596189427691769
2023-09-25,P0002,S003,62,337.0,62.28106971563976,62.28106971563976,-0.28106971563975947
2023-09-25,P0013,S003,22,126.0,21.064413166030054,21.064413166030054,0.9355868339699462
2023-09-25,P0002,S005,14,431.0,14.411075074998758,14.411075074998758,-0.41107507499875773
2023-09-25,P0009,S004,198,56.0,196.28037388970048,196.28037388970048,1.7196261102995152
2023-09-25,P0013,S004,217,104.0,216.7831153148507,216.7831153148507,0.21688468514929582
2023-09-25,P0009,S005,87,6.0,87.14275102174575,87.14275102174575,-0.14275102174575238
2023-09-25,P0002,S004,153,64.0,153.55250240184688,153.55250240184688,-0.5525024018468798
2023-09-25,P0005,S003,355,25.0,353.8476692022131,353.8476692022131,1.152330797786874
2023-09-25,P0001,S005,32,236.0,32.08051597567567,32.08051597567567,-0.0805159756756666
2023-09-25,P0016,S003,74,99.0,73.48753561362349,73.48753561362349,0.5124643863765073
2023-09-25,P0009,S002,117,146.0,117.16567107432883,117.16567107432883,-0.16567107432882722
2023-09-25,P0018,S002,19,170.0,19.566501766815627,19.566501766815627,-0.5665017668156267
2023-09-25,P0003,S002,32,424.0,32.36804746568795,32.36804746568795,-0.3680474656879511
2023-09-25,P0005,S005,122,174.0,122.10132547385155,122.10132547385155,-0.10132547385154567
2023-09-25,P0010,S004,64,80.0,64.45977636317659,64.45977636317659,-0.4597763631765872
2023-09-25,P0011,S001,195,54.0,194.58213703405102,194.58213703405102,0.4178629659489843
2023-09-25,P0005,S001,76,242.0,76.12094138692083,76.12094138692083,-0.12094138692083334
2023-09-25,P0019,S002,1,16.0,1.3118147873744954,1.3118147873744954,-0.3118147873744954
2023-09-25,P0015,S003,100,118.0,100.63676895018851,100.63676895018851,-0.636768950188511
2023-09-25,P0008,S001,21,6.0,22.08717418228903,22.08717418228903,-1.0871741822890293
2023-09-25,P0011,S002,47,370.0,45.85201801396516,45.85201801396516,1.1479819860348428
2023-09-25,P0003,S004,76,158.0,75.59902622462187,75.59902622462187,0.4009737753781337
2023-09-25,P0003,S003,173,182.0,172.24157150606277,172.24157150606277,0.758428493937231
2023-09-25,P0018,S004,187,109.0,187.06400549470573,187.06400549470573,-0.06400549470572514
2023-09-25,P0006,S002,96,87.0,95.54852804446064,95.54852804446064,0.45147195553936115
2023-09-25,P0007,S005,27,161.0,27.873579474320046,27.873579474320046,-0.8735794743200458
2023-09-25,P0011,S003,298,144.0,298.5843343872174,298.5843343872174,-0.5843343872173818
2023-09-25,P0003,S005,274,368.0,273.92211255759486,273.92211255759486,0.07788744240514234
2023-09-25,P0001,S003,102,10.0,101.77559869057163,101.77559869057163,0.224401309428373
2023-09-25,P0004,S005,70,448.0,70.17648713986294,70.17648713986294,-0.1764871398629424
2023-09-25,P0017,S001,358,82.0,358.29640297694476,358.29640297694476,-0.29640297694476203
2023-09-25,P0018,S003,70,284.0,69.42785399805712,69.42785399805712,0.5721460019428832
2023-09-25,P0020,S003,156,42.0,155.12985528486757,155.12985528486757,0.870144715132426
2023-09-25,P0006,S001,154,23.0,153.39337864935433,153.39337864935433,0.6066213506456677
2023-09-25,P0010,S005,49,236.0,48.831701221332914,48.831701221332914,0.16829877866708642
2023-09-25,P0018,S005,84,235.0,84.16387123231772,84.16387123231772,-0.16387123231771739
2023-09-25,P0015,S004,24,55.0,25.050341502602176,25.050341502602176,-1.0503415026021763
2023-09-25,P0015,S005,83,92.0,82.88156494710462,82.88156494710462,0.11843505289537859
2023-09-25,P0008,S002,222,136.0,222.20830115651,222.20830115651,-0.2083011565100037
2023-09-25,P0018,S001,158,199.0,157.9043543989807,157.9043543989807,0.09564560101929942
2023-09-25,P0014,S001,30,17.0,29.901127227894047,29.901127227894047,0.09887277210595258
2023-09-25,P0020,S005,108,98.0,107.63929578451652,107.63929578451652,0.3607042154834801
2023-09-25,P0013,S001,50,1.0,49.593449477458506,49.593449477458506,0.4065505225414938
2023-09-25,P0019,S004,316,108.0,315.98458421934095,315.98458421934095,0.01541578065905469
2023-09-26,P0012,S005,97,22.0,96.46368312199046,96.46368312199046,0.5363168780095435
2023-09-26,P0005,S005,45,122.0,44.192856413865314,44.192856413865314,0.8071435861346856
2023-09-26,P0006,S002,157,96.0,156.62642927071497,156.62642927071497,0.373570729285035
2023-09-26,P0013,S003,34,22.0,34.38362026285812,34.38362026285812,-0.38362026285812334
2023-09-26,P0004,S005,1,70.0,1.1503176957571282,1.1503176957571282,-0.15031769575712817
2023-09-26,P0012,S004,38,43.0,38.10345125847341,38.10345125847341,-0.10345125847341308
2023-09-26,P0014,S002,39,62.0,38.171491911671595,38.171491911671595,0.8285080883284053
2023-09-26,P0017,S002,96,0.0,95.92972204079726,95.92972204079726,0.07027795920274116
2023-09-26,P0014,S001,84,30.0,84.64659605147511,84.64659605147511,-0.6465960514751146
2023-09-26,P0013,S004,56,217.0,56.21666069814421,56.21666069814421,-0.21666069814421007
2023-09-26,P0017,S003,338,184.0,340.0440945805969,340.0440945805969,-2.044094580596891
2023-09-26,P0013,S001,104,50.0,104.65433649544707,104.65433649544707,-0.654336495447069
2023-09-26,P0005,S003,119,355.0,118.73940657383874,118.73940657383874,0.2605934261612646
2023-09-26,P0005,S001,108,76.0,108.41910948199092,108.41910948199092,-0.41910948199091536
2023-09-26,P0018,S004,136,187.0,136.20426803354087,136.20426803354087,-0.20426803354087042
2023-09-26,P0001,S005,185,32.0,184.1351299695202,184.1351299695202,0.8648700304798069
2023-09-26,P0002,S001,112,33.0,111.52167765233733,111.52167765233733,0.4783223476626688
2023-09-26,P0006,S001,256,154.0,256.8093584206995,256.8093584206995,-0.8093584206994819
2023-09-26,P0020,S001,6,33.0,6.881914927587938,6.881914927587938,-0.8819149275879381
2023-09-26,P0013,S002,38,100.0,38.22163730390699,38.22163730390699,-0.22163730390698788
2023-09-26,P0006,S003,202,5.0,201.85227000396324,201.85227000396324,0.14772999603675885
2023-09-26,P0005,S002,175,213.0,176.26860872983303,176.26860872983303,-1.2686087298330335
2023-09-26,P0006,S004,59,318.0,58.45199773472891,58.45199773472891,0.5480022652710872
2023-09-26,P0018,S005,262,84.0,261.7766818669267,261.7766818669267,0.22331813307329185
2023-09-26,P0012,S003,90,51.0,90.03233617433649,90.03233617433649,-0.03233617433649272
2023-09-26,P0004,S004,19,0.0,18.627275395063435,18.627275395063435,0.3727246049365647
2023-09-26,P0013,S005,200,240.0,199.09683231200796,199.09683231200796,0.9031676879920383
2023-09-26,P0017,S004,97,36.0,97.13562765231251,97.13562765231251,-0.1356276523125075
2023-09-26,P0001,S002,36,301.0,36.27358523070989,36.27358523070989,-0.27358523070989094
2023-09-26,P0003,S001,30,82.0,29.859728349592427,29.859728349592427,0.1402716504075734
2023-09-26,P0016,S001,88,168.0,88.38569395423181,88.38569395423181,-0.38569395423181163
2023-09-26,P0008,S003,53,49.0,53.04445068432878,53.04445068432878,-0.044450684328779744
2023-09-26,P0019,S002,321,1.0,319.68873255363405,319.68873255363405,1.311267446365946
2023-09-26,P0010,S004,113,64.0,112.86616146961809,112.86616146961809,0.13383853038190807
2023-09-26,P0003,S002,70,32.0,70.24629428114243,70.24629428114243,-0.24629428114242558
2023-09-26,P0015,S005,82,83.0,82.19674906396556,82.19674906396556,-0.19674906396555514
2023-09-26,P0008,S002,83,222.0,83.50039771169672,83.50039771169672,-0.5003977116967206
2023-09-26,P0019,S004,359,316.0,361.2872069181056,361.2872069181056,-2.2872069181055963
2023-09-26,P0018,S001,408,158.0,409.6306960078139,409.6306960078139,-1.630696007813924
2023-09-26,P0015,S004,322,24.0,322.8400377238492,322.8400377238492,-0.8400377238492069
2023-09-26,P0001,S004,313,165.0,313.9644227777831,313.9644227777831,-0.9644227777831134
2023-09-26,P0010,S005,177,49.0,177.83172693376773,177.83172693376773,-0.831726933767726
2023-09-26,P0011,S001,267,195.0,266.78263345421567,266.78263345421567,0.2173665457843299
2023-09-26,P0003,S003,271,173.0,271.6670607250673,271.6670607250673,-0.6670607250673015
2023-09-26,P0015,S003,237,100.0,237.99490801860838,237.99490801860838,-0.9949080186083847
2023-09-26,P0008,S001,70,21.0,70.06392465290948,70.06392465290948,-0.06392465290947769
2023-09-26,P0011,S002,16,47.0,15.41694754341231,15.41694754341231,0.5830524565876907
2023-09-26,P0017,S005,138,40.0,137.6619745111539,137.6619745111539,0.33802548884611383
2023-09-26,P0003,S004,84,76.0,83.86224866202593,83.86224866202593,0.13775133797406625
2023-09-26,P0008,S004,65,39.0,64.70453854822044,64.70453854822044,0.29546145177955907
2023-09-26,P0016,S005,316,59.0,315.9832820007071,315.9832820007071,0.016717999292893637
2023-09-26,P0001,S001,111,41.0,110.60453627862931,110.60453627862931,0.39546372137068886
2023-09-26,P0016,S004,273,4.0,272.18934271529935,272.18934271529935,0.8106572847006532
2023-09-26,P0009,S003,295,132.0,296.296735919917,296.296735919917,-1.2967359199170119
2023-09-26,P0019,S003,282,171.0,280.2543748991883,280.2543748991883,1.7456251008117079
2023-09-26,P0002,S003,124,62.0,123.88005810941893,123.88005810941893,0.11994189058107452
2023-09-26,P0009,S004,59,198.0,59.02672127058789,59.02672127058789,-0.026721270587891865
2023-09-26,P0018,S002,204,19.0,204.17570353046895,204.17570353046895,-0.17570353046895093
2023-09-26,P0009,S005,38,87.0,38.09868760688854,38.09868760688854,-0.09868760688853939
2023-09-26,P0002,S004,239,153.0,237.32176055825974,237.32176055825974,1.67823944174026
2023-09-26,P0016,S003,209,74.0,209.139786742648,209.139786742648,-0.13978674264799906
2023-09-26,P0009,S002,115,117.0,114.13742915107731,114.13742915107731,0.8625708489226867
2023-09-26,P0010,S001,168,127.0,167.39529532502652,167.39529532502652,0.6047046749734761
2023-09-26,P0002,S005,27,14.0,26.91697165651541,26.91697165651541,0.08302834348458887
2023-09-26,P0002,S002,135,313.0,135.52038667991198,135.52038667991198,-0.5203866799119794
2023-09-26,P0009,S001,11,53.0,10.682130571399076,10.682130571399076,0.3178694286009236
2023-09-26,P0010,S002,6,152.0,6.955730396347588,6.955730396347588,-0.9557303963475876
2023-09-26,P0020,S004,201,52.0,201.26041268487143,201.26041268487143,-0.2604126848714259
2023-09-26,P0008,S005,73,88.0,73.81368209644674,73.81368209644674,-0.8136820964467404
2023-09-26,P0010,S003,127,78.0,126.70297392844523,126.70297392844523,0.2970260715547681
2023-09-26,P0016,S002,27,8.0,26.361564636928772,26.361564636928772,0.6384353630712276
2023-09-26,P0018,S003,323,70.0,324.4004978448939,324.4004978448939,-1.4004978448938914
2023-09-26,P0020,S003,52,156.0,52.248282726246714,52.248282726246714,-0.248282726246714
2023-09-26,P0014,S005,160,382.0,159.83698599437685,159.83698599437685,0.16301400562315393
2023-09-26,P0007,S002,412,28.0,410.2963484616504,410.2963484616504,1.703651538349618
2023-09-26,P0019,S001,307,98.0,306.8545266504263,306.8545266504263,0.14547334957370595
2023-09-26,P0004,S001,207,82.0,207.69017369151004,207.69017369151004,-0.69017369151004
2023-09-26,P0007,S003,58,163.0,57.63668924131325,57.63668924131325,0.363310758686751
2023-09-26,P0015,S002,161,412.0,160.4381112888756,160.4381112888756,0.5618887111243964
2023-09-26,P0012,S002,82,328.0,82.27240763221047,82.27240763221047,-0.2724076322104736
2023-09-26,P0007,S001,166,190.0,165.76634456080996,165.76634456080996,0.23365543919004494
2023-09-26,P0011,S005,316,10.0,314.81751976951614,314.81751976951614,1.1824802304838613
2023-09-26,P0020,S005,96,108.0,96.26066774579503,96.26066774579503,-0.2606677457950326
2023-09-26,P0011,S004,236,22.0,235.66894854819168,235.66894854819168,0.33105145180832096
2023-09-26,P0005,S004,7,188.0,6.686032650442644,6.686032650442644,0.3139673495573563
2023-09-26,P0007,S004,216,112.0,214.98103042188743,214.98103042188743,1.018969578112575
2023-09-26,P0004,S002,39,26.0,39.085923516688226,39.085923516688226,-0.08592351668822573
2023-09-26,P0015,S001,154,240.0,154.19073395554906,154.19073395554906,-0.1907339555490637
2023-09-26,P0014,S003,287,54.0,288.0391763689628,288.0391763689628,-1.039176368962785
2023-09-26,P0004,S003,11,200.0,11.6256892280014,11.6256892280014,-0.6256892280014004
2023-09-26,P0017,S001,105,358.0,104.48903051577744,104.48903051577744,0.5109694842225565
2023-09-26,P0001,S003,214,102.0,213.19447764749182,213.19447764749182,0.8055223525081772
2023-09-26,P0006,S005,102,251.0,101.13766882367763,101.13766882367763,0.8623311763223711
2023-09-26,P0012,S001,240,96.0,240.8062199655294,240.8062199655294,-0.806219965529408
2023-09-26,P0019,S005,133,334.0,132.6592989571399,132.6592989571399,0.34070104286010405
2023-09-26,P0003,S005,61,274.0,61.616935544346326,61.616935544346326,-0.616935544346326
2023-09-26,P0011,S003,2,298.0,1.8107881043041816,1.8107881043041816,0.18921189569581842
2023-09-26,P0020,S002,163,61.0,162.9207337288858,162.9207337288858,0.07926627111419293
2023-09-26,P0007,S005,138,27.0,136.88409191298422,136.88409191298422,1.1159080870157823
2023-09-26,P0014,S004,164,416.0,163.3039801041358,163.3039801041358,0.6960198958641968
2023-09-27,P0002,S005,66,27.0,66.6816998735094,66.6816998735094,-0.6816998735094018
2023-09-27,P0002,S002,28,135.0,27.894934369145016,27.894934369145016,0.105065630854984
2023-09-27,P0004,S003,105,11.0,104.3502639997452,104.3502639997452,0.6497360002548049
2023-09-27,P0003,S004,35,84.0,34.59038211066822,34.59038211066822,0.409617889331777
2023-09-27,P0016,S003,194,209.0,194.40653710477346,194.40653710477346,-0.40653710477346294
2023-09-27,P0002,S004,27,239.0,27.879748771378072,27.879748771378072,-0.8797487713780718
2023-09-27,P0013,S004,225,56.0,225.238918975288,225.238918975288,-0.23891897528798722
2023-09-27,P0018,S002,168,204.0,168.6926160505026,168.6926160505026,-0.6926160505026075
2023-09-27,P0014,S003,328,287.0,325.6443315054526,325.6443315054526,2.3556684945473876
2023-09-27,P0002,S003,316,124.0,316.6332521538695,316.6332521538695,-0.6332521538694778
2023-09-27,P0002,S001,67,112.0,66.5357765137592,66.5357765137592,0.46422348624079746
2023-09-27,P0004,S004,174,19.0,173.81221649193196,173.81221649193196,0.187783508068037
2023-09-27,P0020,S002,238,163.0,237.53774977666933,237.53774977666933,0.46225022333067045
2023-09-27,P0016,S004,136,273.0,136.39373400049368,136.39373400049368,-0.39373400049368
2023-09-27,P0014,S004,159,164.0,159.62231375409414,159.62231375409414,-0.6223137540941366
2023-09-27,P0005,S003,373,119.0,373.683523673695,373.683523673695,-0.6835236736949923
2023-09-27,P0005,S002,52,175.0,52.1935812985157,52.1935812985157,-0.19358129851570283
2023-09-27,P0016,S002,33,27.0,33.93967821924296,33.93967821924296,-0.9396782192429569
2023-09-27,P0018,S004,309,136.0,307.17768395687295,307.17768395687295,1.8223160431270458
2023-09-27,P0004,S005,36,1.0,36.13770578295859,36.13770578295859,-0.13770578295859082
2023-09-27,P0015,S003,185,237.0,185.43140836215372,185.43140836215372,-0.4314083621537179
2023-09-27,P0003,S003,53,271.0,52.9357682154047,52.9357682154047,0.06423178459530021
2023-09-27,P0003,S005,290,61.0,290.6046325562722,290.6046325562722,-0.604632556272179
2023-09-27,P0005,S001,264,108.0,264.8625579427497,264.8625579427497,-0.8625579427496746
2023-09-27,P0017,S002,80,96.0,80.50651351591,80.50651351591,-0.5065135159100009
2023-09-27,P0020,S003,14,52.0,15.343718483597623,15.343718483597623,-1.3437184835976232
2023-09-27,P0017,S001,21,105.0,22.031952055511496,22.031952055511496,-1.0319520555114963
2023-09-27,P0015,S004,29,322.0,29.327646938091252,29.327646938091252,-0.32764693809125234
2023-09-27,P0014,S001,81,84.0,80.7817692658305,80.7817692658305,0.21823073416949512
2023-09-27,P0020,S004,30,201.0,30.373295843660706,30.373295843660706,-0.37329584366070634
2023-09-27,P0015,S002,23,161.0,23.055970063352188,23.055970063352188,-0.05597006335218779
2023-09-27,P0003,S002,87,70.0,86.47863705894342,86.47863705894342,0.5213629410565801
2023-09-27,P0004,S001,125,207.0,125.29383973210338,125.29383973210338,-0.293839732103379
2023-09-27,P0015,S001,181,154.0,181.32570419317886,181.32570419317886,-0.3257041931788649
2023-09-27,P0016,S001,203,88.0,201.8055667008012,201.8055667008012,1.1944332991988063
2023-09-27,P0003,S001,336,30.0,335.2272755682685,335.2272755682685,0.7727244317314899
2023-09-27,P0018,S003,72,323.0,72.07836369030767,72.07836369030767,-0.07836369030766832
2023-09-27,P0013,S005,84,200.0,83.05404243706661,83.05404243706661,0.945957562933387
2023-09-27,P0016,S005,210,316.0,210.7571118116686,210.7571118116686,-0.757111811668608
2023-09-27,P0004,S002,58,39.0,58.466887568787,58.466887568787,-0.46688756878700133
2023-09-27,P0014,S005,65,160.0,64.42432199942499,64.42432199942499,0.5756780005750102
2023-09-27,P0014,S002,66,39.0,65.83125785418657,65.83125785418657,0.16874214581342528
2023-09-27,P0015,S005,24,82.0,23.311793773654575,23.311793773654575,0.6882062263454252
2023-09-27,P0005,S004,167,7.0,167.3331337701215,167.3331337701215,-0.33313377012149203
2023-09-27,P0005,S005,65,45.0,65.61104304781644,65.61104304781644,-0.6110430478164375
2023-09-27,P0007,S004,5,216.0,4.770556525799233,4.770556525799233,0.22944347420076738
2023-09-27,P0001,S002,72,36.0,71.92384390211778,71.92384390211778,0.07615609788221889
2023-09-27,P0017,S005,54,138.0,53.352768918600034,53.352768918600034,0.6472310813999655
2023-09-27,P0006,S005,73,102.0,72.58632327061353,72.58632327061353,0.4136767293864665
2023-09-27,P0008,S004,63,65.0,63.49965890302236,63.49965890302236,-0.4996589030223575
2023-09-27,P0017,S004,84,97.0,83.57794654774085,83.57794654774085,0.42205345225914925
2023-09-27,P0012,S003,33,90.0,33.22956838414077,33.22956838414077,-0.2295683841407694
2023-09-27,P0010,S003,14,127.0,13.886447441902797,13.886447441902797,0.11355255809720255
2023-09-27,P0008,S005,118,73.0,116.89196151726692,116.89196151726692,1.108038482733079
2023-09-27,P0006,S004,301,59.0,299.80385313782375,299.80385313782375,1.1961468621762492
2023-09-27,P0012,S004,66,38.0,66.15508927128437,66.15508927128437,-0.15508927128436767
2023-09-27,P0006,S003,34,202.0,33.35515098868066,33.35515098868066,0.6448490113193373
2023-09-27,P0012,S005,126,97.0,125.87853481568706,125.87853481568706,0.12146518431293885
2023-09-27,P0010,S002,85,6.0,85.11494550071097,85.11494550071097,-0.11494550071097365
2023-09-27,P0009,S001,139,11.0,139.0811457759362,139.0811457759362,-0.08114577593619288
2023-09-27,P0006,S002,153,157.0,153.6253964073891,153.6253964073891,-0.6253964073891041
2023-09-27,P0006,S001,219,256.0,220.51344621841366,220.51344621841366,-1.5134462184136623
2023-09-27,P0010,S001,90,168.0,89.46748434558182,89.46748434558182,0.5325156544181766
2023-09-27,P0012,S002,45,82.0,44.11328229659603,44.11328229659603,0.886717703403967
2023-09-27,P0008,S003,75,53.0,74.71721392453968,74.71721392453968,0.2827860754603222
2023-09-27,P0012,S001,94,240.0,94.21476204676931,94.21476204676931,-0.21476204676930877
2023-09-27,P0019,S005,103,133.0,102.63181000779105,102.63181000779105,0.3681899922089542
2023-09-27,P0011,S002,52,16.0,52.039455115635036,52.039455115635036,-0.03945511563503601
2023-09-27,P0008,S001,51,70.0,50.367921742744656,50.367921742744656,0.6320782572553441
2023-09-27,P0007,S005,227,138.0,225.83236576316938,225.83236576316938,1.1676342368306223
2023-09-27,P0011,S003,44,2.0,43.11593036904568,43.11593036904568,0.8840696309543219
2023-09-27,P0001,S003,37,214.0,36.95877231887138,36.95877231887138,0.04122768112861763
2023-09-27,P0011,S001,206,267.0,206.63705801659322,206.63705801659322,-0.6370580165932154
2023-09-27,P0010,S005,28,177.0,28.45336852138344,28.45336852138344,-0.45336852138343886
2023-09-27,P0011,S004,135,236.0,133.97544787488326,133.97544787488326,1.0245521251167418
2023-09-27,P0009,S002,29,115.0,28.59801271769429,28.59801271769429,0.40198728230571135
2023-09-27,P0019,S004,191,359.0,191.25786417881682,191.25786417881682,-0.257864178816817
2023-09-27,P0018,S001,118,408.0,118.13708850256343,118.13708850256343,-0.13708850256342942
2023-09-27,P0008,S002,19,83.0,17.783542118404927,17.783542118404927,1.2164578815950726
2023-09-27,P0007,S002,291,412.0,291.8120157508173,291.8120157508173,-0.8120157508172952
2023-09-27,P0019,S001,4,307.0,4.177163451823316,4.177163451823316,-0.17716345182331583
2023-09-27,P0011,S005,118,316.0,118.159196011068,118.159196011068,-0.15919601106800485
2023-09-27,P0010,S004,97,113.0,96.87632189643453,96.87632189643453,0.12367810356546727
2023-09-27,P0019,S002,447,321.0,445.47539404138655,445.47539404138655,1.5246059586134493
2023-09-27,P0007,S001,75,166.0,75.35149983686611,75.35149983686611,-0.3514998368661111
2023-09-27,P0007,S003,93,58.0,92.86473863234231,92.86473863234231,0.1352613676576908
2023-09-27,P0018,S005,209,262.0,209.18504182022886,209.18504182022886,-0.18504182022886084
2023-09-27,P0001,S004,344,313.0,344.0489593703728,344.0489593703728,-0.04895937037281328
2023-09-27,P0009,S003,3,295.0,3.0031328423361563,3.0031328423361563,-0.003132842336156294
2023-09-27,P0019,S003,30,282.0,31.627598071803263,31.627598071803263,-1.6275980718032628
2023-09-27,P0009,S005,146,38.0,145.21300458587152,145.21300458587152,0.7869954141284836
2023-09-27,P0001,S005,3,185.0,3.0234625804077417,3.0234625804077417,-0.02346258040774174
2023-09-27,P0013,S002,3,38.0,2.813597129654484,2.813597129654484,0.18640287034551584
2023-09-27,P0020,S005,429,96.0,428.0883411333333,428.0883411333333,0.9116588666666985
2023-09-27,P0013,S003,62,34.0,61.89764371267268,61.89764371267268,0.10235628732731783
2023-09-27,P0017,S003,73,338.0,72.9395870421652,72.9395870421652,0.060412957834799386
2023-09-27,P0020,S001,107,6.0,107.18168135194604,107.18168135194604,-0.18168135194603963
2023-09-27,P0009,S004,105,59.0,105.66886067967008,105.66886067967008,-0.6688606796700753
2023-09-27,P0013,S001,82,104.0,82.00645493338737,82.00645493338737,-0.00645493338737424
2023-09-27,P0001,S001,351,111.0,351.909116970465,351.909116970465,-0.9091169704649928
2023-09-28,P0008,S003,23,75.0,22.42120478347192,22.42120478347192,0.5787952165280785
2023-09-28,P0008,S002,81,19.0,80.42033044236452,80.42033044236452,0.5796695576354836
2023-09-28,P0019,S001,66,4.0,65.67356003847532,65.67356003847532,0.32643996152468446
2023-09-28,P0019,S003,217,30.0,216.6005519386224,216.6005519386224,0.3994480613775977
2023-09-28,P0005,S003,22,373.0,22.29261362790626,22.29261362790626,-0.29261362790625967
2023-09-28,P0011,S005,80,118.0,78.57962296612294,78.57962296612294,1.4203770338770596
2023-09-28,P0015,S005,53,24.0,52.89429126869325,52.89429126869325,0.1057087313067484
2023-09-28,P0004,S002,81,58.0,81.07321534547779,81.07321534547779,-0.07321534547779152
2023-09-28,P0003,S002,112,87.0,112.09489692191643,112.09489692191643,-0.09489692191642973
2023-09-28,P0010,S004,230,97.0,229.61810507507423,229.61810507507423,0.38189492492577415
2023-09-28,P0014,S005,15,65.0,14.776028363837957,14.776028363837957,0.22397163616204274
2023-09-28,P0001,S005,162,3.0,162.37756558895185,162.37756558895185,-0.3775655889518532
2023-09-28,P0007,S001,16,75.0,15.900538337711998,15.900538337711998,0.09946166228800202
2023-09-28,P0012,S002,195,45.0,195.1817792150849,195.1817792150849,-0.18177921508490158
2023-09-28,P0017,S003,76,73.0,75.84547651618567,75.84547651618567,0.15452348381433012
2023-09-28,P0007,S002,67,291.0,66.9876396070537,66.9876396070537,0.012360392946305865
2023-09-28,P0019,S002,397,447.0,393.926021836348,393.926021836348,3.0739781636519865
2023-09-28,P0020,S005,310,429.0,311.09234965287175,311.09234965287175,-1.0923496528717465
2023-09-28,P0002,S003,118,316.0,118.00144852867747,118.00144852867747,-0.0014485286774714723
2023-09-28,P0012,S001,72,94.0,71.56499597513704,71.56499597513704,0.4350040248629625
2023-09-28,P0004,S003,170,105.0,169.64115892967473,169.64115892967473,0.35884107032526913
2023-09-28,P0016,S001,7,203.0,7.2536427151797325,7.2536427151797325,-0.25364271517973247
2023-09-28,P0014,S004,102,159.0,102.04000904599204,102.04000904599204,-0.04000904599203636
2023-09-28,P0019,S005,55,103.0,54.71511511336243,54.71511511336243,0.2848848866375704
2023-09-28,P0016,S003,49,194.0,48.72993088325532,48.72993088325532,0.27006911674467915
2023-09-28,P0003,S001,348,336.0,345.76582221020374,345.76582221020374,2.234177789796263
2023-09-28,P0016,S004,25,136.0,26.058430281007844,26.058430281007844,-1.058430281007844
2023-09-28,P0008,S001,21,51.0,21.853463227949703,21.853463227949703,-0.8534632279497032
2023-09-28,P0007,S005,50,227.0,50.40451799626527,50.40451799626527,-0.40451799626526963
2023-09-28,P0001,S001,217,351.0,216.61914866016758,216.61914866016758,0.38085133983241803
2023-09-28,P0018,S003,271,72.0,269.55983148551127,269.55983148551127,1.4401685144887324
2023-09-28,P0015,S003,7,185.0,6.773491747987717,6.773491747987717,0.22650825201228297
2023-09-28,P0013,S003,28,62.0,28.085693095804046,28.085693095804046,-0.08569309580404649
2023-09-28,P0011,S003,90,44.0,89.64038591794946,89.64038591794946,0.35961408205054113
2023-09-28,P0003,S003,251,53.0,250.543265589242,250.543265589242,0.4567344107580027
2023-09-28,P0003,S005,84,290.0,83.48975471735557,83.48975471735557,0.5102452826444335
2023-09-28,P0011,S001,130,206.0,130.10352354249267,130.10352354249267,-0.10352354249266682
2023-09-28,P0001,S003,166,37.0,166.11564739737182,166.11564739737182,-0.1156473973718164
2023-09-28,P0010,S005,74,28.0,73.65335343557354,73.65335343557354,0.34664656442646447
2023-09-28,P0007,S004,325,5.0,324.4015665877247,324.4015665877247,0.5984334122753125
2023-09-28,P0005,S004,47,167.0,46.924307009290544,46.924307009290544,0.0756929907094559
2023-09-28,P0017,S001,84,21.0,84.2584557661105,84.2584557661105,-0.2584557661105009
2023-09-28,P0015,S002,47,23.0,46.50687230531918,46.50687230531918,0.4931276946808225
2023-09-28,P0011,S004,143,135.0,142.84248722820013,142.84248722820013,0.15751277179987255
2023-09-28,P0020,S003,262,14.0,260.9431299101322,260.9431299101322,1.0568700898678003
2023-09-28,P0019,S004,147,191.0,146.8730901243302,146.8730901243302,0.12690987566980994
2023-09-28,P0013,S002,12,3.0,11.876109410890125,11.876109410890125,0.12389058910987494
2023-09-28,P0007,S003,87,93.0,86.97928322225863,86.97928322225863,0.02071677774137015
2023-09-28,P0013,S004,60,225.0,60.71282018945617,60.71282018945617,-0.712820189456167
2023-09-28,P0018,S001,187,118.0,187.4298710520513,187.4298710520513,-0.42987105205131115
2023-09-28,P0004,S001,49,125.0,49.44524361698623,49.44524361698623,-0.4452436169862324
2023-09-28,P0009,S003,137,3.0,137.16655613004153,137.16655613004153,-0.1665561300415277
2023-09-28,P0015,S004,7,29.0,6.925717636832567,6.925717636832567,0.0742823631674332
2023-09-28,P0015,S001,29,181.0,29.17213082959693,29.17213082959693,-0.17213082959693082
2023-09-28,P0001,S002,129,72.0,128.76318159638598,128.76318159638598,0.2368184036140235
2023-09-28,P0011,S002,3,52.0,3.889271347650781,3.889271347650781,-0.889271347650781
2023-09-28,P0008,S005,21,118.0,20.8262425180529,20.8262425180529,0.17375748194709928
2023-09-28,P0005,S002,26,52.0,25.993906851057186,25.993906851057186,0.006093148942813542
2023-09-28,P0006,S001,219,219.0,218.7280981693078,218.7280981693078,0.271901830692201
2023-09-28,P0002,S001,35,67.0,34.686453933837385,34.686453933837385,0.3135460661626155
2023-09-28,P0016,S002,274,33.0,274.93933968187787,274.93933968187787,-0.9393396818778683
2023-09-28,P0002,S005,20,66.0,20.87826206701976,20.87826206701976,-0.8782620670197616
2023-09-28,P0002,S004,41,27.0,40.749601624526996,40.749601624526996,0.25039837547300436
2023-09-28,P0006,S004,422,301.0,416.8826569045907,416.8826569045907,5.117343095409296
2023-09-28,P0020,S001,152,107.0,151.96115146477734,151.96115146477734,0.0388485352226553
2023-09-28,P0014,S002,136,66.0,135.51722365915396,135.51722365915396,0.48277634084604415
2023-09-28,P0009,S001,325,139.0,326.1731695053311,326.1731695053311,-1.1731695053310887
2023-09-28,P0012,S004,140,66.0,139.05804096788566,139.05804096788566,0.9419590321143403
2023-09-28,P0014,S003,18,328.0,18.0017119018667,18.0017119018667,-0.001711901866698895
2023-09-28,P0006,S003,109,34.0,109.881058478623,109.881058478623,-0.8810584786230038
2023-09-28,P0005,S005,104,65.0,103.66358277499648,103.66358277499648,0.33641722500351534
2023-09-28,P0012,S005,351,126.0,349.310531137292,349.310531137292,1.6894688627079972
2023-09-28,P0010,S002,176,85.0,176.53214860882233,176.53214860882233,-0.5321486088223253
2023-09-28,P0017,S002,63,80.0,62.910771751977116,62.910771751977116,0.08922824802288432
2023-09-28,P0009,S005,24,146.0,23.86188119222068,23.86188119222068,0.13811880777932117
2023-09-28,P0004,S005,129,36.0,129.0155004487282,129.0155004487282,-0.01550044872820422
2023-09-28,P0006,S002,70,153.0,70.21344698597369,70.21344698597369,-0.2134469859736896
2023-09-28,P0020,S004,6,30.0,6.386022367885056,6.386022367885056,-0.3860223678850563
2023-09-28,P0010,S003,141,14.0,140.65156496326523,140.65156496326523,0.34843503673477016
2023-09-28,P0018,S004,41,309.0,42.236045801821255,42.236045801821255,-1.2360458018212555
2023-09-28,P0020,S002,73,238.0,72.5764237710371,72.5764237710371,0.4235762289629008
2023-09-28,P0017,S005,80,54.0,80.51104067486392,80.51104067486392,-0.5110406748639207
2023-09-28,P0006,S005,194,73.0,194.0493746935506,194.0493746935506,-0.049374693550589654
2023-09-28,P0013,S005,2,84.0,1.9406109594695642,1.9406109594695642,0.05938904053043581
2023-09-28,P0009,S002,10,29.0,10.021173668385789,10.021173668385789,-0.021173668385788602
2023-09-28,P0005,S001,32,264.0,31.295802533686665,31.295802533686665,0.7041974663133352
2023-09-28,P0009,S004,2,105.0,1.3849722171982344,1.3849722171982344,0.6150277828017656
2023-09-28,P0014,S001,82,81.0,81.92859129069112,81.92859129069112,0.07140870930888354
2023-09-28,P0016,S005,42,210.0,42.002746112149794,42.002746112149794,-0.002746112149793589
2023-09-28,P0008,S004,22,63.0,22.03913247382243,22.03913247382243,-0.03913247382243057
2023-09-28,P0017,S004,14,84.0,15.30481826440913,15.30481826440913,-1.3048182644091302
2023-09-28,P0018,S005,255,209.0,255.52422309769884,255.52422309769884,-0.5242230976988367
2023-09-28,P0002,S002,126,28.0,126.87194036900257,126.87194036900257,-0.8719403690025729
2023-09-28,P0013,S001,241,82.0,239.9495513185223,239.9495513185223,1.0504486814776897
2023-09-28,P0001,S004,186,344.0,186.2789736962614,186.2789736962614,-0.2789736962614029
2023-09-28,P0010,S001,214,90.0,214.75619362419908,214.75619362419908,-0.756193624199085
2023-09-28,P0018,S002,122,168.0,121.95356918821803,121.95356918821803,0.04643081178197406
2023-09-28,P0004,S004,71,174.0,70.96679659620396,70.96679659620396,0.03320340379603692
2023-09-28,P0003,S004,323,35.0,321.08841646361657,321.08841646361657,1.9115835363834321
2023-09-28,P0012,S003,47,33.0,46.453847065346686,46.453847065346686,0.546152934653314
2023-09-29,P0009,S002,186,10.0,185.12520023246023,185.12520023246023,0.8747997675397698
2023-09-29,P0015,S003,70,7.0,70.19834587162372,70.19834587162372,-0.1983458716237152
2023-09-29,P0001,S001,279,217.0,277.6436979625509,277.6436979625509,1.3563020374490975
2023-09-29,P0003,S003,153,251.0,153.51823099994843,153.51823099994843,-0.5182309999484289
2023-09-29,P0002,S002,158,126.0,158.2468284664905,158.2468284664905,-0.2468284664905127
2023-09-29,P0008,S001,70,21.0,70.34845070533912,70.34845070533912,-0.34845070533911837
2023-09-29,P0002,S005,7,20.0,7.263346949361583,7.263346949361583,-0.2633469493615834
2023-09-29,P0010,S005,78,74.0,77.76707009491876,77.76707009491876,0.23292990508123523
2023-09-29,P0020,S005,321,310.0,320.2397098939556,320.2397098939556,0.7602901060444083
2023-09-29,P0011,S001,384,130.0,385.7630641282375,385.7630641282375,-1.7630641282374881
2023-09-29,P0009,S001,32,325.0,32.34931403419956,32.34931403419956,-0.3493140341995584
2023-09-29,P0002,S004,28,41.0,28.21762080063993,28.21762080063993,-0.2176208006399314
2023-09-29,P0010,S001,369,214.0,367.6698116349123,367.6698116349123,1.330188365087679
2023-09-29,P0002,S003,340,118.0,339.48632156894354,339.48632156894354,0.5136784310564622
2023-09-29,P0009,S003,37,137.0,37.31701675269669,37.31701675269669,-0.31701675269668783
2023-09-29,P0003,S001,164,348.0,163.3572183937481,163.3572183937481,0.6427816062519014
2023-09-29,P0016,S001,82,7.0,81.857972547892,81.857972547892,0.14202745210799606
2023-09-29,P0017,S005,154,80.0,154.67893913515465,154.67893913515465,-0.6789391351546499
2023-09-29,P0016,S003,95,49.0,94.9071959919894,94.9071959919894,0.09280400801060296
2023-09-29,P0008,S003,32,23.0,31.812974424668305,31.812974424668305,0.1870255753316954
2023-09-29,P0009,S004,338,2.0,338.5708971557401,338.5708971557401,-0.5708971557401128
2023-09-29,P0019,S002,315,397.0,316.0309808952979,316.0309808952979,-1.030980895297887
2023-09-29,P0008,S004,6,22.0,5.829638758293317,5.829638758293317,0.17036124170668288
2023-09-29,P0016,S005,47,42.0,46.649976737312315,46.649976737312315,0.35002326268768513
2023-09-29,P0019,S003,105,217.0,105.07050944254877,105.07050944254877,-0.07050944254876867
2023-09-29,P0010,S003,24,141.0,23.36626367915471,23.36626367915471,0.6337363208452906
2023-09-29,P0019,S004,127,147.0,127.55759600519703,127.55759600519703,-0.557596005197027
2023-09-29,P0003,S002,283,112.0,284.04721229109117,284.04721229109117,-1.0472122910911708
2023-09-29,P0018,S002,257,122.0,258.76362475968284,258.76362475968284,-1.7636247596828412
2023-09-29,P0010,S004,31,230.0,30.01126121297865,30.01126121297865,0.9887387870213509
2023-09-29,P0016,S002,21,274.0,21.112968560334892,21.112968560334892,-0.11296856033489178
2023-09-29,P0020,S004,142,6.0,141.79958896215655,141.79958896215655,0.20041103784345182
2023-09-29,P0008,S002,214,81.0,212.65436293579677,212.65436293579677,1.3456370642032311
2023-09-29,P0015,S004,224,7.0,223.94415855119408,223.94415855119408,0.055841448805921345
2023-09-29,P0008,S005,1,21.0,0.3395282853719713,0.3395282853719713,0.6604717146280288
2023-09-29,P0010,S002,15,176.0,14.769947278102936,14.769947278102936,0.2300527218970636
2023-09-29,P0018,S001,36,187.0,36.82127625567756,36.82127625567756,-0.8212762556775601
2023-09-29,P0020,S003,246,262.0,244.88287028626925,244.88287028626925,1.1171297137307477
2023-09-29,P0009,S005,163,24.0,162.27773505528754,162.27773505528754,0.7222649447124638
2023-09-29,P0015,S005,406,53.0,410.3182074386876,410.3182074386876,-4.31820743868758
2023-09-29,P0001,S002,42,129.0,43.09507685384569,43.09507685384569,-1.0950768538456899
2023-09-29,P0005,S004,232,47.0,231.18185050325962,231.18185050325962,0.8181494967403751
2023-09-29,P0001,S004,10,186.0,11.274909278711183,11.274909278711183,-1.274909278711183
2023-09-29,P0016,S004,42,25.0,42.2257561514265,42.2257561514265,-0.22575615142650207
2023-09-29,P0004,S002,92,81.0,92.15795505858343,92.15795505858343,-0.1579550585834255
2023-09-29,P0005,S005,144,104.0,143.0809350564231,143.0809350564231,0.9190649435768989
2023-09-29,P0012,S005,77,351.0,77.94991043110815,77.94991043110815,-0.949910431108151
2023-09-29,P0013,S001,147,241.0,146.72384597723777,146.72384597723777,0.27615402276222767
2023-09-29,P0014,S005,140,15.0,140.12399475272042,140.12399475272042,-0.12399475272042082
2023-09-29,P0007,S001,382,16.0,378.9116189938224,378.9116189938224,3.088381006177599
2023-09-29,P0019,S005,235,55.0,233.79275876458732,233.79275876458732,1.2072412354126811
2023-09-29,P0014,S001,18,82.0,17.45962183545332,17.45962183545332,0.5403781645466808
2023-09-29,P0004,S003,27,170.0,27.044311773025758,27.044311773025758,-0.04431177302575762
2023-09-29,P0014,S004,87,102.0,87.68710608527323,87.68710608527323,-0.6871060852732285
2023-09-29,P0012,S001,218,72.0,216.62644836269808,216.62644836269808,1.3735516373019152
2023-09-29,P0005,S001,34,32.0,34.092365150925154,34.092365150925154,-0.09236515092515418
2023-09-29,P0018,S005,0,255.0,0.7373733201713317,0.7373733201713317,-0.7373733201713317
2023-09-29,P0012,S002,92,195.0,91.52656887039612,91.52656887039612,0.4734311296038811
2023-09-29,P0014,S003,169,18.0,170.06626343282602,170.06626343282602,-1.0662634328260197
2023-09-29,P0018,S004,245,41.0,244.7064574973419,244.7064574973419,0.2935425026581129
2023-09-29,P0006,S003,22,109.0,22.318597537122557,22.318597537122557,-0.3185975371225567
2023-09-29,P0006,S002,195,70.0,195.76887987834428,195.76887987834428,-0.7688798783442792
2023-09-29,P0012,S004,97,140.0,97.60689753107306,97.60689753107306,-0.6068975310730593
2023-09-29,P0006,S004,438,422.0,436.18593524447175,436.18593524447175,1.8140647555282499
2023-09-29,P0004,S005,364,129.0,361.62865438577603,361.62865438577603,2.3713456142239693
2023-09-29,P0002,S001,87,35.0,86.29684970065037,86.29684970065037,0.7031502993496304
2023-09-29,P0011,S005,287,80.0,286.42691739773284,286.42691739773284,0.5730826022671636
2023-09-29,P0014,S002,101,136.0,100.86155325127605,100.86155325127605,0.13844674872395046
2023-09-29,P0004,S004,133,71.0,132.3109145970325,132.3109145970325,0.6890854029674927
2023-09-29,P0012,S003,111,47.0,111.48077757272443,111.48077757272443,-0.4807775727244348
2023-09-29,P0011,S002,35,3.0,35.280958884763045,35.280958884763045,-0.2809588847630451
2023-09-29,P0017,S004,97,14.0,96.61172754371873,96.61172754371873,0.38827245628127116
2023-09-29,P0020,S002,139,73.0,139.67843409720388,139.67843409720388,-0.6784340972038763
2023-09-29,P0006,S005,416,194.0,418.895330725414,418.895330725414,-2.8953307254139986
2023-09-29,P0006,S001,365,219.0,363.29371262451144,363.29371262451144,1.7062873754885572
2023-09-29,P0019,S001,23,66.0,23.024638090026883,23.024638090026883,-0.02463809002688322
2023-09-29,P0017,S002,292,63.0,292.38287755335483,292.38287755335483,-0.382877553354831
2023-09-29,P0011,S004,0,143.0,0.19450935831955501,0.19450935831955501,-0.19450935831955501
2023-09-29,P0003,S005,300,84.0,301.5890854432409,301.5890854432409,-1.58908544324089
2023-09-29,P0001,S005,101,162.0,100.96665446145768,100.96665446145768,0.033345538542320696
2023-09-29,P0013,S004,24,60.0,24.55181657570271,24.55181657570271,-0.5518165757027091
2023-09-29,P0011,S003,236,90.0,236.760683530157,236.760683530157,-0.7606835301569959
2023-09-29,P0013,S002,402,12.0,401.61788363842686,401.61788363842686,0.38211636157313933
2023-09-29,P0015,S001,85,29.0,84.9651111895575,84.9651111895575,0.03488881044249581
2023-09-29,P0015,S002,120,47.0,119.25261064444324,119.25261064444324,0.7473893555567628
2023-09-29,P0001,S003,104,166.0,104.29306912625131,104.29306912625131,-0.29306912625131076
2023-09-29,P0007,S004,127,325.0,127.46421983882956,127.46421983882956,-0.46421983882956397
2023-09-29,P0017,S003,211,76.0,210.78024395584623,210.78024395584623,0.21975604415376893
2023-09-29,P0018,S003,353,271.0,353.39280327091046,353.39280327091046,-0.39280327091046274
2023-09-29,P0017,S001,54,84.0,53.628039594515855,53.628039594515855,0.37196040548414544
2023-09-29,P0005,S003,34,22.0,33.49162172213852,33.49162172213852,0.5083782778614818
2023-09-29,P0005,S002,219,26.0,218.76461893359186,218.76461893359186,0.23538106640813794
2023-09-29,P0003,S004,185,323.0,184.72473086311115,184.72473086311115,0.275269136888852
2023-09-29,P0013,S003,49,28.0,49.184422243671335,49.184422243671335,-0.1844222436713352
2023-09-29,P0013,S005,280,2.0,278.73848948074374,278.73848948074374,1.2615105192562623
2023-09-29,P0007,S003,38,87.0,37.990204968027136,37.990204968027136,0.00979503197286391
2023-09-29,P0007,S005,403,50.0,401.9323252313256,401.9323252313256,1.067674768674408
2023-09-29,P0020,S001,173,152.0,173.1287741814833,173.1287741814833,-0.12877418148329411
2023-09-29,P0007,S002,176,67.0,174.26620372689567,174.26620372689567,1.733796273104332
2023-09-29,P0004,S001,311,49.0,312.25732514323477,312.25732514323477,-1.257325143234766
2023-09-30,P0016,S002,66,21.0,66.08839204470588,66.08839204470588,-0.08839204470588413
2023-09-30,P0012,S005,145,77.0,145.22021834359657,145.22021834359657,-0.22021834359657078
2023-09-30,P0006,S002,103,195.0,102.90587828478859,102.90587828478859,0.09412171521141488
2023-09-30,P0005,S004,143,232.0,143.0352128870958,143.0352128870958,-0.03521288709580972
2023-09-30,P0013,S003,182,49.0,181.96304455442348,181.96304455442348,0.03695544557652397
2023-09-30,P0004,S005,172,364.0,171.22642248364423,171.22642248364423,0.7735775163557719
2023-09-30,P0002,S005,112,7.0,111.5729335677223,111.5729335677223,0.427066432277698
2023-09-30,P0013,S004,171,24.0,170.25621591474774,170.25621591474774,0.7437840852522584
2023-09-30,P0013,S002,100,402.0,100.0794495657876,100.0794495657876,-0.07944956578759843
2023-09-30,P0006,S001,45,365.0,44.92153227703866,44.92153227703866,0.07846772296134219
2023-09-30,P0018,S002,133,257.0,134.1483912493147,134.1483912493147,-1.1483912493146988
2023-09-30,P0009,S001,32,32.0,32.08066722355483,32.08066722355483,-0.08066722355483336
2023-09-30,P0010,S001,90,369.0,90.00917312391444,90.00917312391444,-0.009173123914436587
2023-09-30,P0020,S005,241,321.0,240.17925748002148,240.17925748002148,0.8207425199785234
2023-09-30,P0009,S002,301,186.0,298.81312704945066,298.81312704945066,2.1868729505493434
2023-09-30,P0005,S002,121,219.0,121.18242191733495,121.18242191733495,-0.18242191733494906
2023-09-30,P0009,S004,44,338.0,43.736042153066116,43.736042153066116,0.26395784693388435
2023-09-30,P0005,S005,233,144.0,233.72120104355335,233.72120104355335,-0.72120104355335
2023-09-30,P0013,S005,179,280.0,179.39015810186484,179.39015810186484,-0.39015810186484146
2023-09-30,P0002,S004,226,28.0,226.96795232736307,226.96795232736307,-0.967952327363065
2023-09-30,P0005,S003,142,34.0,141.32805331657283,141.32805331657283,0.6719466834271657
2023-09-30,P0002,S003,20,340.0,19.310313916723157,19.310313916723157,0.6896860832768432
2023-09-30,P0014,S001,290,18.0,291.40698444619994,291.40698444619994,-1.4069844461999423
2023-09-30,P0009,S005,285,163.0,283.95839009496075,283.95839009496075,1.0416099050392518
2023-09-30,P0005,S001,48,34.0,47.21192984929274,47.21192984929274,0.7880701507072629
2023-09-30,P0020,S001,262,173.0,262.8590345788271,262.8590345788271,-0.8590345788271065
2023-09-30,P0019,S003,230,105.0,230.92910329566308,230.92910329566308,-0.9291032956630829
2023-09-30,P0018,S005,41,0.0,41.18080666407712,41.18080666407712,-0.18080666407711732
2023-09-30,P0018,S004,252,245.0,250.65099968211985,250.65099968211985,1.3490003178801544
2023-09-30,P0016,S003,66,95.0,65.63266732302877,65.63266732302877,0.3673326769712304
2023-09-30,P0013,S001,32,147.0,32.01006698861448,32.01006698861448,-0.010066988614482852
2023-09-30,P0011,S002,62,35.0,61.871271036163556,61.871271036163556,0.12872896383644417
2023-09-30,P0010,S002,88,15.0,87.80874597411162,87.80874597411162,0.1912540258883837
2023-09-30,P0008,S002,22,214.0,22.616170899417632,22.616170899417632,-0.6161708994176323
2023-09-30,P0019,S001,376,23.0,375.24684993299405,375.24684993299405,0.7531500670059472
2023-09-30,P0015,S004,91,224.0,90.83181573579014,90.83181573579014,0.16818426420985588
2023-09-30,P0015,S001,284,85.0,284.0990753155863,284.0990753155863,-0.09907531558627625
2023-09-30,P0004,S001,309,311.0,308.4215006580661,308.4215006580661,0.5784993419338775
2023-09-30,P0007,S002,10,176.0,10.129444100788438,10.129444100788438,-0.12944410078843838
2023-09-30,P0007,S003,313,38.0,312.5640027268088,312.5640027268088,0.4359972731912194
2023-09-30,P0020,S003,79,246.0,79.56509513879055,79.56509513879055,-0.5650951387905536
2023-09-30,P0011,S004,153,0.0,153.45142423705573,153.45142423705573,-0.45142423705573265
2023-09-30,P0019,S004,40,127.0,40.71857663378295,40.71857663378295,-0.718576633782952
2023-09-30,P0010,S004,105,31.0,105.5985943914285,105.5985943914285,-0.5985943914285059
2023-09-30,P0010,S005,163,78.0,162.88106477639516,162.88106477639516,0.11893522360483644
2023-09-30,P0003,S005,174,300.0,175.18127697003237,175.18127697003237,-1.1812769700323713
2023-09-30,P0007,S004,51,127.0,51.571301351524504,51.571301351524504,-0.5713013515245038
2023-09-30,P0011,S003,102,236.0,103.28858318905904,103.28858318905904,-1.2885831890590396
2023-09-30,P0003,S003,7,153.0,7.263346949361583,7.263346949361583,-0.2633469493615834
2023-09-30,P0015,S003,0,70.0,0.17845933158718363,0.17845933158718363,-0.17845933158718363
2023-09-30,P0018,S003,35,353.0,35.45091516966722,35.45091516966722,-0.4509151696672191
2023-09-30,P0011,S001,155,384.0,155.6586623735796,155.6586623735796,-0.6586623735796024
2023-09-30,P0008,S001,320,70.0,318.43981340410187,318.43981340410187,1.5601865958981307
2023-09-30,P0007,S005,195,403.0,195.78295199769977,195.78295199769977,-0.7829519976997688
2023-09-30,P0003,S004,41,185.0,40.68599772617481,40.68599772617481,0.31400227382518864
2023-09-30,P0015,S002,150,120.0,150.51399594188192,150.51399594188192,-0.513995941881916
2023-09-30,P0011,S005,118,287.0,116.98017426029985,116.98017426029985,1.0198257397001527
2023-09-30,P0015,S005,14,406.0,14.907961811253625,14.907961811253625,-0.9079618112536245
2023-09-30,P0003,S002,8,283.0,7.9569610023729025,7.9569610023729025,0.04303899762709751
2023-09-30,P0006,S003,15,22.0,14.891812505903022,14.891812505903022,0.10818749409697759
2023-09-30,P0012,S004,326,97.0,326.7916119764569,326.7916119764569,-0.7916119764569203
2023-09-30,P0006,S004,187,438.0,187.1672712787695,187.1672712787695,-0.16727127876950476
2023-09-30,P0012,S003,31,111.0,30.942804952735262,30.942804952735262,0.05719504726473801
2023-09-30,P0008,S004,334,6.0,335.081317598743,335.081317598743,-1.0813175987429986
2023-09-30,P0014,S002,157,101.0,156.66456227489007,156.66456227489007,0.33543772510992653
2023-09-30,P0004,S004,243,133.0,243.41052486125034,243.41052486125034,-0.4105248612503374
2023-09-30,P0010,S003,89,24.0,88.87195811172815,88.87195811172815,0.12804188827185214
2023-09-30,P0020,S002,55,139.0,54.09818344472281,54.09818344472281,0.9018165552771933
2023-09-30,P0006,S005,301,416.0,300.5377223742445,300.5377223742445,0.4622776257555188
2023-09-30,P0008,S003,33,32.0,32.782284579529716,32.782284579529716,0.21771542047028447
2023-09-30,P0012,S002,179,92.0,179.16526354875245,179.16526354875245,-0.1652635487524492
2023-09-30,P0014,S003,257,169.0,257.43444337565677,257.43444337565677,-0.4344433756567696
2023-09-30,P0003,S001,463,164.0,466.4609461109501,466.4609461109501,-3.46094611095009
2023-09-30,P0016,S001,83,82.0,82.86817060836071,82.86817060836071,0.1318293916392861
2023-09-30,P0012,S001,106,218.0,105.77490117558855,105.77490117558855,0.22509882441144669
2023-09-30,P0014,S004,333,87.0,333.2999398903011,333.2999398903011,-0.29993989030111834
2023-09-30,P0004,S003,256,27.0,256.1222809572972,256.1222809572972,-0.122280957297221
2023-09-30,P0019,S002,40,315.0,40.418848071540154,40.418848071540154,-0.4188480715401539
2023-09-30,P0019,S005,401,235.0,399.83387495717307,399.83387495717307,1.166125042826934
2023-09-30,P0007,S001,23,382.0,23.565763826135854,23.565763826135854,-0.5657638261358535
2023-09-30,P0014,S005,31,140.0,30.73898313661227,30.73898313661227,0.2610168633877308
2023-09-30,P0004,S002,68,92.0,67.46542615488926,67.46542615488926,0.5345738451107422
2023-09-30,P0008,S005,48,1.0,47.58816623246777,47.58816623246777,0.41183376753222944
2023-09-30,P0016,S004,76,42.0,76.35012131937526,76.35012131937526,-0.3501213193752619
2023-09-30,P0009,S003,97,37.0,97.31332624683778,97.31332624683778,-0.3133262468377751
2023-09-30,P0001,S002,109,42.0,108.64667356679863,108.64667356679863,0.35332643320137436
2023-09-30,P0020,S004,73,142.0,73.04131479467004,73.04131479467004,-0.0413147946700434
2023-09-30,P0002,S002,146,158.0,145.11355067122005,145.11355067122005,0.8864493287799462
2023-09-30,P0001,S001,64,279.0,64.1737355671205,64.1737355671205,-0.1737355671205023
2023-09-30,P0001,S004,79,10.0,79.70032840881181,79.70032840881181,-0.7003284088118136
2023-09-30,P0001,S005,153,101.0,154.31498956113094,154.31498956113094,-1.3149895611309432
2023-09-30,P0017,S004,327,97.0,328.44743936066817,328.44743936066817,-1.4474393606681701
2023-09-30,P0016,S005,302,47.0,300.8340643120432,300.8340643120432,1.1659356879567895
2023-09-30,P0017,S002,294,292.0,294.0548746917667,294.0548746917667,-0.05487469176671311
2023-09-30,P0017,S005,6,154.0,5.049115310905319,5.049115310905319,0.9508846890946812
2023-09-30,P0018,S001,76,36.0,76.84243833614184,76.84243833614184,-0.8424383361418393
2023-09-30,P0002,S001,224,87.0,224.11902764795093,224.11902764795093,-0.11902764795092935
2023-09-30,P0001,S003,150,104.0,150.11530665787427,150.11530665787427,-0.11530665787427097
2023-09-30,P0017,S001,49,54.0,49.002946364227235,49.002946364227235,-0.00294636422723471
2023-09-30,P0017,S003,40,211.0,39.89957857103379,39.89957857103379,0.10042142896620732
2023-10-01,P0005,S002,208,121.0,207.89253761510412,207.89253761510412,0.10746238489588222
2023-10-01,P0014,S001,27,290.0,27.821384045295705,27.821384045295705,-0.8213840452957051
2023-10-01,P0005,S001,29,48.0,28.768618722609382,28.768618722609382,0.23138127739061787
2023-10-01,P0012,S001,363,106.0,361.57214627754047,361.57214627754047,1.4278537224595311
2023-10-01,P0009,S004,58,44.0,57.9371716154296,57.9371716154296,0.06282838457040185
2023-10-01,P0011,S001,275,155.0,274.730139480854,274.730139480854,0.2698605191459933
2023-10-01,P0018,S004,206,252.0,207.5104945701177,207.5104945701177,-1.510494570117686
2023-10-01,P0004,S005,200,172.0,199.55164597711735,199.55164597711735,0.44835402288265414
2023-10-01,P0017,S002,33,294.0,33.195115494571354,33.195115494571354,-0.19511549457135402
2023-10-01,P0019,S004,280,40.0,279.44295832668877,279.44295832668877,0.5570416733112324
2023-10-01,P0018,S001,190,76.0,189.4896587410627,189.4896587410627,0.5103412589373022
2023-10-01,P0002,S001,303,224.0,300.8862517516022,300.8862517516022,2.113748248397826
2023-10-01,P0010,S005,307,163.0,308.58891886523026,308.58891886523026,-1.588918865230255
2023-10-01,P0013,S005,128,179.0,127.99121704847539,127.99121704847539,0.008782951524608507
2023-10-01,P0013,S004,66,171.0,65.63266732302877,65.63266732302877,0.3673326769712304
2023-10-01,P0008,S001,362,320.0,362.91933785918695,362.91933785918695,-0.9193378591869532
2023-10-01,P0001,S003,25,150.0,24.71416455657634,24.71416455657634,0.28583544342366096
2023-10-01,P0007,S004,35,51.0,35.59496405792424,35.59496405792424,-0.594964057924237
2023-10-01,P0001,S001,20,64.0,19.58535933378676,19.58535933378676,0.41464066621324136
2023-10-01,P0005,S005,156,233.0,156.13635606444288,156.13635606444288,-0.13635606444287873
2023-10-01,P0017,S003,75,40.0,75.61842036257235,75.61842036257235,-0.6184203625723512
2023-10-01,P0020,S001,24,262.0,23.654183321935882,23.654183321935882,0.34581667806411787
2023-10-01,P0019,S003,27,230.0,26.470430937772374,26.470430937772374,0.5295690622276261
2023-10-01,P0001,S005,45,153.0,45.23988781130568,45.23988781130568,-0.23988781130567816
2023-10-01,P0013,S002,152,100.0,152.17078690800207,152.17078690800207,-0.1707869080020714
2023-10-01,P0011,S003,164,102.0,163.99318493602414,163.99318493602414,0.006815063975864177
2023-10-01,P0007,S005,64,195.0,64.47526936245673,64.47526936245673,-0.4752693624567286
2023-10-01,P0013,S003,29,182.0,29.368755610766602,29.368755610766602,-0.3687556107666019
2023-10-01,P0005,S004,51,143.0,51.092800162092985,51.092800162092985,-0.0928001620929848
2023-10-01,P0011,S002,279,62.0,279.19666256851065,279.19666256851065,-0.19666256851064645
2023-10-01,P0002,S004,189,226.0,188.8630485982415,188.8630485982415,0.13695140175849474
2023-10-01,P0014,S002,5,157.0,5.542165081211833,5.542165081211833,-0.5421650812118326
2023-10-01,P0005,S003,122,142.0,121.01229796034661,121.01229796034661,0.9877020396533851
2023-10-01,P0009,S003,113,97.0,112.96833161955395,112.96833161955395,0.03166838044604958
2023-10-01,P0016,S003,334,66.0,334.07149175805665,334.07149175805665,-0.07149175805665209
2023-10-01,P0010,S004,61,105.0,60.49467728505444,60.49467728505444,0.5053227149455566
2023-10-01,P0020,S002,399,55.0,398.3408395761874,398.3408395761874,0.6591604238125797
2023-10-01,P0020,S004,479,73.0,477.69128195393915,477.69128195393915,1.3087180460608465
2023-10-01,P0018,S003,128,35.0,127.66087593291128,127.66087593291128,0.33912406708871856
2023-10-01,P0016,S005,11,302.0,11.551840582369438,11.551840582369438,-0.5518405823694383
2023-10-01,P0003,S004,67,41.0,66.9130532688918,66.9130532688918,0.08694673110819906
2023-10-01,P0010,S002,26,88.0,26.017546670557234,26.017546670557234,-0.017546670557234023
2023-10-01,P0008,S005,282,48.0,282.348696064351,282.348696064351,-0.34869606435097467
2023-10-01,P0015,S003,211,0.0,211.75002335448582,211.75002335448582,-0.750023354485819
2023-10-01,P0003,S003,51,7.0,51.20712110902098,51.20712110902098,-0.20712110902098146
2023-10-01,P0003,S001,66,463.0,65.91652269112419,65.91652269112419,0.08347730887581406
2023-10-01,P0020,S003,218,79.0,218.63860686159242,218.63860686159242,-0.6386068615924216
2023-10-01,P0015,S004,127,91.0,126.46314077678265,126.46314077678265,0.5368592232173484
2023-10-01,P0010,S001,213,90.0,212.89747329723494,212.89747329723494,0.10252670276506137
2023-10-01,P0009,S001,310,32.0,311.3620231915908,311.3620231915908,-1.362023191590822
2023-10-01,P0015,S005,87,14.0,87.01902202914506,87.01902202914506,-0.019022029145062902
2023-10-01,P0003,S002,175,8.0,176.27200311325697,176.27200311325697,-1.2720031132569716
2023-10-01,P0009,S005,55,285.0,55.20607740979906,55.20607740979906,-0.20607740979905742
2023-10-01,P0016,S001,239,83.0,239.1441478439851,239.1441478439851,-0.1441478439851096
2023-10-01,P0016,S002,93,66.0,92.69018404271591,92.69018404271591,0.30981595728408706
2023-10-01,P0003,S005,171,174.0,171.626149336706,171.626149336706,-0.6261493367059927
2023-10-01,P0008,S004,48,334.0,47.90174063159244,47.90174063159244,0.098259368407561
2023-10-01,P0015,S002,112,150.0,113.05134966280656,113.05134966280656,-1.0513496628065582
2023-10-01,P0014,S003,199,257.0,199.36373798519995,199.36373798519995,-0.36373798519994693
2023-10-01,P0013,S001,86,32.0,85.76343512218241,85.76343512218241,0.23656487781758528
2023-10-01,P0008,S002,160,22.0,159.68652384050597,159.68652384050597,0.31347615949403007
2023-10-01,P0002,S002,86,146.0,85.34718110984568,85.34718110984568,0.6528188901543217
2023-10-01,P0002,S005,7,112.0,6.444587484969196,6.444587484969196,0.5554125150308042
2023-10-01,P0014,S004,5,333.0,4.945807749519057,4.945807749519057,0.054192250480943116
2023-10-01,P0019,S002,86,40.0,86.50001248920712,86.50001248920712,-0.5000124892071227
2023-10-01,P0004,S003,55,256.0,54.587660625187645,54.587660625187645,0.4123393748123547
2023-10-01,P0004,S004,183,243.0,182.4900282016859,182.4900282016859,0.5099717983140977
2023-10-01,P0001,S002,212,109.0,211.79061075895393,211.79061075895393,0.20938924104606826
2023-10-01,P0014,S005,192,31.0,192.417645255765,192.417645255765,-0.4176452557649952
2023-10-01,P0004,S002,53,68.0,52.86393450127696,52.86393450127696,0.13606549872304186
2023-10-01,P0020,S005,60,241.0,60.11279116664858,60.11279116664858,-0.11279116664857725
2023-10-01,P0017,S005,90,6.0,90.02069885629749,90.02069885629749,-0.02069885629748569
2023-10-01,P0015,S001,79,284.0,79.21174913327127,79.21174913327127,-0.21174913327126887
2023-10-01,P0004,S001,83,309.0,83.00921574969412,83.00921574969412,-0.0092157496941212
2023-10-01,P0010,S003,66,89.0,65.6271941580712,65.6271941580712,0.37280584192879473
2023-10-01,P0017,S001,258,49.0,257.91335057072854,257.91335057072854,0.08664942927146058
2023-10-01,P0008,S003,118,33.0,118.14079712713311,118.14079712713311,-0.1407971271331121
2023-10-01,P0018,S005,50,41.0,50.59701334772682,50.59701334772682,-0.597013347726822
2023-10-01,P0009,S002,170,301.0,169.83096260620877,169.83096260620877,0.1690373937912284
2023-10-01,P0001,S004,132,79.0,132.3660921031516,132.3660921031516,-0.3660921031516011
2023-10-01,P0012,S003,94,31.0,94.40393632204366,94.40393632204366,-0.4039363220436627
2023-10-01,P0018,S002,35,133.0,35.24502736249776,35.24502736249776,-0.24502736249775836
2023-10-01,P0006,S005,325,301.0,325.9989550468378,325.9989550468378,-0.998955046837807
2023-10-01,P0006,S002,199,103.0,199.55164597711735,199.55164597711735,-0.5516459771173459
2023-10-01,P0011,S005,150,118.0,150.2420845322883,150.2420845322883,-0.2420845322882883
2023-10-01,P0006,S001,229,45.0,229.2036254767745,229.2036254767745,-0.20362547677450493
2023-10-01,P0012,S002,230,179.0,230.80048039573836,230.80048039573836,-0.8004803957383615
2023-10-01,P0012,S004,377,326.0,374.95278176048305,374.95278176048305,2.047218239516951
2023-10-01,P0006,S003,12,15.0,12.222117009104847,12.222117009104847,-0.22211700910484744
2023-10-01,P0007,S003,236,313.0,235.43066516242789,235.43066516242789,0.5693348375721143
2023-10-01,P0007,S002,68,10.0,67.64495798598996,67.64495798598996,0.35504201401003854
2023-10-01,P0002,S003,126,20.0,126.38617219738268,126.38617219738268,-0.3861721973826775
2023-10-01,P0016,S004,129,76.0,128.76318159638598,128.76318159638598,0.2368184036140235
2023-10-01,P0011,S004,27,153.0,26.63927503274207,26.63927503274207,0.36072496725793
2023-10-01,P0012,S005,237,145.0,237.14118000810416,237.14118000810416,-0.14118000810415765
2023-10-01,P0019,S005,45,401.0,44.78823566488482,44.78823566488482,0.211764335115177
2023-10-01,P0007,S001,19,23.0,18.73689578278146,18.73689578278146,0.26310421721854027
2023-10-01,P0017,S004,294,327.0,293.4561817685609,293.4561817685609,0.5438182314391042
2023-10-01,P0006,S004,58,187.0,58.00504020067432,58.00504020067432,-0.005040200674322648
2023-10-01,P0019,S001,319,376.0,317.7450010021438,317.7450010021438,1.2549989978562053
2023-10-02,P0012,S004,132,377.0,131.33244861314546,131.33244861314546,0.6675513868545409
2023-10-02,P0002,S001,296,303.0,296.7558327881905,296.7558327881905,-0.7558327881905029
2023-10-02,P0012,S001,61,363.0,61.31381295594129,61.31381295594129,-0.31381295594128744
2023-10-02,P0016,S003,268,334.0,267.23785380129925,267.23785380129925,0.7621461987007478
2023-10-02,P0014,S002,257,5.0,256.57843506299685,256.57843506299685,0.4215649370031542
2023-10-02,P0020,S002,67,399.0,66.49026940128995,66.49026940128995,0.5097305987100498
2023-10-02,P0004,S004,348,183.0,348.7896088888158,348.7896088888158,-0.7896088888157919
2023-10-02,P0003,S001,33,66.0,32.81817702962954,32.81817702962954,0.1818229703704617
2023-10-02,P0007,S001,35,19.0,35.23430347159743,35.23430347159743,-0.23430347159742837
2023-10-02,P0018,S001,298,190.0,298.11740058537083,298.11740058537083,-0.11740058537083087
2023-10-02,P0014,S001,20,27.0,21.42397066495287,21.42397066495287,-1.4239706649528685
2023-10-02,P0015,S004,208,127.0,207.78088348073283,207.78088348073283,0.21911651926717468
2023-10-02,P0005,S001,75,29.0,75.60502602382844,75.60502602382844,-0.6050260238284437
2023-10-02,P0020,S004,221,479.0,222.0607908481533,222.0607908481533,-1.0607908481532888
2023-10-02,P0010,S005,13,307.0,12.619788156789143,12.619788156789143,0.38021184321085677
2023-10-02,P0007,S002,15,68.0,14.872947779321734,14.872947779321734,0.12705222067826583
2023-10-02,P0009,S002,27,170.0,28.238308010161308,28.238308010161308,-1.2383080101613082
2023-10-02,P0009,S004,230,58.0,229.22882658041988,229.22882658041988,0.7711734195801228
2023-10-02,P0018,S004,9,206.0,8.553265047381444,8.553265047381444,0.4467349526185558
2023-10-02,P0004,S005,44,200.0,43.705219128406995,43.705219128406995,0.29478087159300514
2023-10-02,P0006,S003,35,12.0,35.6069889088777,35.6069889088777,-0.6069889088777032
2023-10-02,P0017,S002,71,33.0,70.5355893735645,70.5355893735645,0.4644106264354946
2023-10-02,P0020,S003,60,218.0,59.82865401270043,59.82865401270043,0.17134598729956707
2023-10-02,P0019,S001,101,319.0,101.18089185324146,101.18089185324146,-0.18089185324146229
2023-10-02,P0019,S004,423,280.0,417.54444702905215,417.54444702905215,5.455552970947849
2023-10-02,P0002,S003,3,126.0,2.6888145080040893,2.6888145080040893,0.3111854919959107
2023-10-02,P0014,S003,45,199.0,45.0436299665756,45.0436299665756,-0.04362996657560103
2023-10-02,P0008,S002,21,160.0,20.5119287104085,20.5119287104085,0.4880712895914989
2023-10-02,P0018,S005,280,50.0,281.1767965031805,281.1767965031805,-1.176796503180526
2023-10-02,P0015,S001,281,79.0,281.57567407040546,281.57567407040546,-0.575674070405455
2023-10-02,P0004,S001,30,83.0,29.55632150046852,29.55632150046852,0.44367849953147953
2023-10-02,P0010,S003,389,66.0,387.3494262920683,387.3494262920683,1.6505737079316987
2023-10-02,P0009,S003,182,113.0,181.01886082827957,181.01886082827957,0.9811391717204287
2023-10-02,P0003,S004,236,67.0,235.6332344137779,235.6332344137779,0.3667655862221011
2023-10-02,P0017,S001,130,258.0,130.57994860448485,130.57994860448485,-0.579948604484855
2023-10-02,P0010,S002,453,26.0,454.33211388119855,454.33211388119855,-1.332113881198552
2023-10-02,P0016,S004,40,129.0,40.445608036546425,40.445608036546425,-0.44560803654642456
2023-10-02,P0008,S004,116,48.0,115.4229029759191,115.4229029759191,0.5770970240808992
2023-10-02,P0016,S005,89,11.0,88.90319149746709,88.90319149746709,0.09680850253290885
2023-10-02,P0003,S005,233,171.0,234.71811693981013,234.71811693981013,-1.7181169398101304
2023-10-02,P0018,S003,97,128.0,97.34072514844559,97.34072514844559,-0.34072514844558555
2023-10-02,P0016,S002,49,93.0,49.45279117673592,49.45279117673592,-0.4527911767359214
2023-10-02,P0017,S004,359,294.0,357.01383437621496,357.01383437621496,1.9861656237850411
2023-10-02,P0015,S002,76,112.0,76.35012131937526,76.35012131937526,-0.3501213193752619
2023-10-02,P0017,S005,38,90.0,38.57352107202753,38.57352107202753,-0.5735210720275319
2023-10-02,P0011,S005,51,150.0,51.16622126347944,51.16622126347944,-0.16622126347944288
2023-10-02,P0001,S004,170,132.0,170.41596695700287,170.41596695700287,-0.41596695700286546
2023-10-02,P0010,S004,103,61.0,102.71342832221227,102.71342832221227,0.28657167778773385
2023-10-02,P0002,S002,29,86.0,29.30195030897853,29.30195030897853,-0.3019503089785296
2023-10-02,P0006,S004,223,58.0,224.30821831169203,224.30821831169203,-1.3082183116920305
2023-10-02,P0002,S005,36,7.0,36.40861333879505,36.40861333879505,-0.4086133387950497
2023-10-02,P0014,S004,1,5.0,1.5241719275266874,1.5241719275266874,-0.5241719275266874
2023-10-02,P0019,S002,133,86.0,132.72369361685162,132.72369361685162,0.2763063831483805
2023-10-02,P0015,S003,87,211.0,87.15614536048966,87.15614536048966,-0.15614536048965988
2023-10-02,P0004,S003,50,55.0,48.99672735928019,48.99672735928019,1.003272640719807
2023-10-02,P0001,S002,92,212.0,91.97093483352782,91.97093483352782,0.02906516647217927
2023-10-02,P0012,S003,184,94.0,184.05233392213373,184.05233392213373,-0.052333922133726674
2023-10-02,P0008,S003,270,118.0,268.94425689460263,268.94425689460263,1.0557431053973687
2023-10-02,P0014,S005,38,192.0,37.56757854007682,37.56757854007682,0.4324214599231766
2023-10-02,P0008,S005,181,282.0,180.98656302873115,180.98656302873115,0.013436971268845355
2023-10-02,P0012,S002,76,230.0,76.00815989588341,76.00815989588341,-0.008159895883409263
2023-10-02,P0004,S002,162,53.0,162.95231208457122,162.95231208457122,-0.9523120845712185
2023-10-02,P0003,S003,155,51.0,155.2328998261842,155.2328998261842,-0.23289982618419458
2023-10-02,P0005,S002,53,208.0,52.97866198684287,52.97866198684287,0.021338013157127023
2023-10-02,P0006,S005,86,325.0,85.33749179673205,85.33749179673205,0.6625082032679472
2023-10-02,P0002,S004,14,189.0,13.952629680784087,13.952629680784087,0.04737031921591317
2023-10-02,P0005,S004,325,51.0,325.19144031174085,325.19144031174085,-0.1914403117408483
2023-10-02,P0007,S005,202,64.0,202.3000219449741,202.3000219449741,-0.3000219449741053
2023-10-02,P0019,S003,59,27.0,59.42242283716019,59.42242283716019,-0.422422837160191
2023-10-02,P0007,S004,3,35.0,2.418956138290008,2.418956138290008,0.581043861709992
2023-10-02,P0007,S003,166,236.0,166.46840169205197,166.46840169205197,-0.4684016920519696
2023-10-02,P0016,S001,195,239.0,194.49263813626797,194.49263813626797,0.5073618637320294
2023-10-02,P0013,S004,39,66.0,39.151725758555095,39.151725758555095,-0.15172575855509507
2023-10-02,P0013,S003,121,29.0,121.09061653691269,121.09061653691269,-0.090616536912691
2023-10-02,P0005,S005,189,156.0,189.99360318493675,189.99360318493675,-0.9936031849367453
2023-10-02,P0006,S001,298,229.0,298.33434393900154,298.33434393900154,-0.3343439390015419
2023-10-02,P0009,S005,32,55.0,31.9773368755671,31.9773368755671,0.022663124432899195
2023-10-02,P0001,S001,38,20.0,37.71183332312963,37.71183332312963,0.2881666768703681
2023-10-02,P0006,S002,24,199.0,22.68815160360979,22.68815160360979,1.3118483963902108
2023-10-02,P0011,S002,21,279.0,21.001127946697892,21.001127946697892,-0.0011279466978919572
2023-10-02,P0020,S001,171,24.0,171.21642252832427,171.21642252832427,-0.2164225283242729
2023-10-02,P0018,S002,65,35.0,64.6448045521748,64.6448045521748,0.35519544782519574
2023-10-02,P0015,S005,375,87.0,378.0092774914834,378.0092774914834,-3.009277491483374
2023-10-02,P0005,S003,169,122.0,168.69192850282346,168.69192850282346,0.3080714971765417
2023-10-02,P0009,S001,46,310.0,45.46994316589641,45.46994316589641,0.5300568341035898
2023-10-02,P0011,S004,128,27.0,128.55953756748042,128.55953756748042,-0.5595375674804188
2023-10-02,P0019,S005,125,45.0,125.47096097334861,125.47096097334861,-0.4709609733486104
2023-10-02,P0008,S001,7,362.0,7.015035996314037,7.015035996314037,-0.015035996314036737
2023-10-02,P0013,S002,25,152.0,24.94383557843187,24.94383557843187,0.05616442156813051
2023-10-02,P0012,S005,329,237.0,328.0149020234527,328.0149020234527,0.9850979765473085
2023-10-02,P0013,S001,9,86.0,9.158426825907316,9.158426825907316,-0.15842682590731627
2023-10-02,P0020,S005,87,60.0,87.0012775574709,87.0012775574709,-0.0012775574708996373
2023-10-02,P0011,S003,62,164.0,62.42988205854919,62.42988205854919,-0.4298820585491896
2023-10-02,P0010,S001,21,213.0,20.982058976145932,20.982058976145932,0.017941023854067595
2023-10-02,P0011,S001,99,275.0,99.53979973642687,99.53979973642687,-0.5397997364268718
2023-10-02,P0017,S003,64,75.0,64.37196609227507,64.37196609227507,-0.3719660922750734
2023-10-02,P0003,S002,35,175.0,34.805647241553515,34.805647241553515,0.19435275844648459
2023-10-02,P0013,S005,167,128.0,167.14048041023116,167.14048041023116,-0.14048041023116298
2023-10-02,P0001,S005,11,45.0,11.283999305553703,11.283999305553703,-0.2839993055537029
2023-10-02,P0001,S003,182,25.0,181.57926188272774,181.57926188272774,0.42073811727226484
2023-10-03,P0006,S001,79,298.0,79.14801458648898,79.14801458648898,-0.14801458648898347
2023-10-03,P0018,S002,0,65.0,0.001619751543672534,0.001619751543672534,-0.001619751543672534
2023-10-03,P0019,S002,41,133.0,41.44335337533252,41.44335337533252,-0.4433533753325207
2023-10-03,P0019,S003,14,59.0,14.265009706751355,14.265009706751355,-0.26500970675135527
2023-10-03,P0008,S005,10,181.0,10.155227365933854,10.155227365933854,-0.1552273659338539
2023-10-03,P0009,S005,310,32.0,310.42264261806287,310.42264261806287,-0.4226426180628664
2023-10-03,P0001,S002,315,92.0,314.99876089035394,314.99876089035394,0.0012391096460646622
2023-10-03,P0001,S004,135,170.0,134.34900798772333,134.34900798772333,0.6509920122766744
2023-10-03,P0020,S001,22,171.0,21.694971878782287,21.694971878782287,0.3050281212177133
2023-10-03,P0008,S003,165,270.0,164.20869771528464,164.20869771528464,0.791302284715357
2023-10-03,P0004,S003,61,50.0,61.2583098692893,61.2583098692893,-0.2583098692892989
2023-10-03,P0014,S005,76,38.0,76.1038404880456,76.1038404880456,-0.10384048804560564
2023-10-03,P0020,S005,18,87.0,18.118831513830667,18.118831513830667,-0.11883151383066703
2023-10-03,P0012,S003,78,184.0,78.20593596446518,78.20593596446518,-0.20593596446518347
2023-10-03,P0004,S002,273,162.0,274.2315180118265,274.2315180118265,-1.2315180118264948
2023-10-03,P0012,S002,101,76.0,100.50016426854035,100.50016426854035,0.49983573145965465
2023-10-03,P0010,S001,427,21.0,424.5527325485683,424.5527325485683,2.447267451431685
2023-10-03,P0017,S005,75,38.0,74.70766434514886,74.70766434514886,0.29233565485114354
2023-10-03,P0006,S005,334,86.0,335.1072608442268,335.1072608442268,-1.1072608442268006
2023-10-03,P0017,S004,271,359.0,271.19879727346455,271.19879727346455,-0.19879727346454956
2023-10-03,P0009,S002,49,27.0,49.16659332928721,49.16659332928721,-0.1665933292872097
2023-10-03,P0016,S002,214,49.0,213.44747649337742,213.44747649337742,0.5525235066225775
2023-10-03,P0013,S001,150,9.0,150.57236603597082,150.57236603597082,-0.5723660359708163
2023-10-03,P0018,S003,81,97.0,81.20285764555167,81.20285764555167,-0.20285764555167418
2023-10-03,P0016,S001,99,195.0,98.8873014541989,98.8873014541989,0.11269854580109495
2023-10-03,P0003,S005,7,233.0,6.92521747887469,6.92521747887469,0.07478252112530992
2023-10-03,P0001,S003,116,182.0,116.70948806842144,116.70948806842144,-0.709488068421436
2023-10-03,P0016,S005,107,89.0,107.67492324436772,107.67492324436772,-0.6749232443677187
2023-10-03,P0008,S004,74,116.0,73.4484277357105,73.4484277357105,0.5515722642895042
2023-10-03,P0003,S004,4,236.0,4.187547551973492,4.187547551973492,-0.18754755197349215
2023-10-03,P0015,S002,182,76.0,181.01886082827957,181.01886082827957,0.9811391717204287
2023-10-03,P0016,S004,229,40.0,230.32743713794113,230.32743713794113,-1.327437137941132
2023-10-03,P0011,S004,352,128.0,352.2193255835486,352.2193255835486,-0.21932558354859566
2023-10-03,P0007,S004,53,3.0,52.40559246171926,52.40559246171926,0.5944075382807412
2023-10-03,P0017,S001,158,130.0,157.8392863036461,157.8392863036461,0.16071369635389487
2023-10-03,P0005,S005,63,189.0,62.19748174327276,62.19748174327276,0.8025182567272395
2023-10-03,P0010,S003,219,389.0,218.7497842444367,218.7497842444367,0.2502157555632891
2023-10-03,P0009,S003,140,182.0,139.99344504598582,139.99344504598582,0.006554954014177383
2023-10-03,P0012,S001,266,61.0,266.16777513318686,266.16777513318686,-0.16777513318686488
2023-10-03,P0004,S001,77,30.0,76.53559040867448,76.53559040867448,0.46440959132551995
2023-10-03,P0010,S002,160,453.0,160.13115356998858,160.13115356998858,-0.13115356998858374
2023-10-03,P0013,S002,147,25.0,146.27268596703408,146.27268596703408,0.7273140329659213
2023-10-03,P0015,S001,255,281.0,255.4595999505497,255.4595999505497,-0.4595999505496877
2023-10-03,P0011,S005,109,51.0,108.71725896294932,108.71725896294932,0.282741037050684
2023-10-03,P0001,S001,204,38.0,204.19153896049144,204.19153896049144,-0.19153896049144237
2023-10-03,P0017,S003,33,64.0,33.20597708862675,33.20597708862675,-0.2059770886267529
2023-10-03,P0015,S003,228,87.0,228.71562706082298,228.71562706082298,-0.7156270608229818
2023-10-03,P0011,S003,10,62.0,9.490556761753542,9.490556761753542,0.5094432382464582
2023-10-03,P0002,S004,54,14.0,54.40264681220767,54.40264681220767,-0.40264681220767073
2023-10-03,P0012,S004,55,132.0,55.23599477253229,55.23599477253229,-0.23599477253228685
2023-10-03,P0003,S001,47,33.0,47.48292528844406,47.48292528844406,-0.4829252884440578
2023-10-03,P0014,S004,260,1.0,259.6308744729617,259.6308744729617,0.3691255270383067
2023-10-03,P0007,S005,36,202.0,35.24589349865255,35.24589349865255,0.7541065013474508
2023-10-03,P0018,S001,105,298.0,105.13171825207914,105.13171825207914,-0.13171825207913912
2023-10-03,P0002,S003,132,3.0,131.60851732683852,131.60851732683852,0.39148267316147667
2023-10-03,P0019,S005,61,125.0,60.241011382206075,60.241011382206075,0.7589886177939249
2023-10-03,P0019,S004,53,423.0,52.549820100299776,52.549820100299776,0.450179899700224
2023-10-03,P0006,S002,113,24.0,112.6002208232956,112.6002208232956,0.3997791767043992
2023-10-03,P0006,S003,236,35.0,237.39890156649264,237.39890156649264,-1.3989015664926399
2023-10-03,P0013,S004,11,39.0,10.86278383116226,10.86278383116226,0.13721616883774068
2023-10-03,P0017,S002,141,71.0,140.8017366680173,140.8017366680173,0.19826333198270163
2023-10-03,P0020,S003,60,60.0,59.83800026537814,59.83800026537814,0.16199973462185824
2023-10-03,P0009,S001,159,46.0,158.68361585381894,158.68361585381894,0.3163841461810648
2023-10-03,P0005,S003,131,169.0,131.91605912389667,131.91605912389667,-0.9160591238966731
2023-10-03,P0018,S004,268,9.0,267.8077286851246,267.8077286851246,0.19227131487542692
2023-10-03,P0004,S005,7,44.0,7.657255077383303,7.657255077383303,-0.6572550773833026
2023-10-03,P0020,S004,65,221.0,65.62639649384191,65.62639649384191,-0.6263964938419093
2023-10-03,P0012,S005,101,329.0,100.81420240829382,100.81420240829382,0.1857975917061765
2023-10-03,P0010,S005,71,13.0,70.36914339728388,70.36914339728388,0.630856602716122
2023-10-03,P0013,S005,202,167.0,201.04894472159373,201.04894472159373,0.9510552784062725
2023-10-03,P0007,S002,4,15.0,4.596937365219688,4.596937365219688,-0.5969373652196879
2023-10-03,P0011,S001,470,99.0,469.99958844213495,469.99958844213495,0.0004115578650498719
2023-10-03,P0005,S001,73,75.0,73.0832231621139,73.0832231621139,-0.08322316211389591
2023-10-03,P0015,S004,312,208.0,311.8057020859597,311.8057020859597,0.1942979140403054
2023-10-03,P0014,S001,175,20.0,173.90661155089086,173.90661155089086,1.093388449109142
2023-10-03,P0008,S001,2,7.0,1.451183542674529,1.451183542674529,0.548816457325471
2023-10-03,P0014,S002,42,257.0,42.47162046497648,42.47162046497648,-0.4716204649764819
2023-10-03,P0016,S003,159,268.0,158.64819722445876,158.64819722445876,0.3518027755412447
2023-10-03,P0018,S005,64,280.0,64.12574887083163,64.12574887083163,-0.12574887083162878
2023-10-03,P0007,S003,167,166.0,167.3197394313776,167.3197394313776,-0.31973943137759875
2023-10-03,P0005,S002,229,53.0,229.17780770317353,229.17780770317353,-0.1778077031735279
2023-10-03,P0008,S002,33,21.0,32.873413207993224,32.873413207993224,0.12658679200677625
2023-10-03,P0003,S002,44,35.0,44.006032414243116,44.006032414243116,-0.006032414243115625
2023-10-03,P0001,S005,54,11.0,53.50794054360899,53.50794054360899,0.49205945639101145
2023-10-03,P0011,S002,292,21.0,291.5322724384118,291.5322724384118,0.4677275615882195
2023-10-03,P0010,S004,228,103.0,229.1209388784929,229.1209388784929,-1.1209388784928933
2023-10-03,P0006,S004,46,223.0,46.49482420129989,46.49482420129989,-0.4948242012998918
2023-10-03,P0014,S003,231,45.0,231.4927120098957,231.4927120098957,-0.49271200989571184
2023-10-03,P0002,S005,100,36.0,100.09042700515973,100.09042700515973,-0.09042700515972513
2023-10-03,P0003,S003,308,155.0,306.10609915609393,306.10609915609393,1.8939008439060672
2023-10-03,P0013,S003,225,121.0,224.12986885581662,224.12986885581662,0.8701311441833752
2023-10-03,P0020,S002,39,67.0,38.895208317132294,38.895208317132294,0.10479168286770602
2023-10-03,P0019,S001,100,101.0,99.97203779022084,99.97203779022084,0.02796220977916164
2023-10-03,P0002,S001,105,296.0,105.29207266049659,105.29207266049659,-0.2920726604965864
2023-10-03,P0015,S005,245,375.0,245.83734127380777,245.83734127380777,-0.8373412738077661
2023-10-03,P0005,S004,232,325.0,231.81104431904834,231.81104431904834,0.18895568095166482
2023-10-03,P0004,S004,78,348.0,77.83525598907974,77.83525598907974,0.16474401092025914
2023-10-03,P0007,S001,52,35.0,51.79969456080664,51.79969456080664,0.20030543919335742
2023-10-03,P0009,S004,117,230.0,116.58903647926049,116.58903647926049,0.41096352073951437
2023-10-03,P0002,S002,93,29.0,93.25669509892627,93.25669509892627,-0.2566950989262722
2023-10-04,P0003,S003,103,308.0,103.0986035272197,103.0986035272197,-0.09860352721969434
2023-10-04,P0015,S004,10,312.0,10.477856206125287,10.477856206125287,-0.4778562061252867
2023-10-04,P0019,S005,400,61.0,400.1357570534927,400.1357570534927,-0.1357570534926822
2023-10-04,P0010,S001,251,427.0,251.94365025666286,251.94365025666286,-0.9436502566628633
2023-10-04,P0009,S005,36,310.0,37.02702432410107,37.02702432410107,-1.0270243241010704
2023-10-04,P0006,S005,127,334.0,127.46421983882956,127.46421983882956,-0.46421983882956397
2023-10-04,P0016,S001,7,99.0,7.503159472365208,7.503159472365208,-0.5031594723652084
2023-10-04,P0012,S001,238,266.0,237.60459436793136,237.60459436793136,0.39540563206864476
2023-10-04,P0003,S004,204,4.0,204.44941035939644,204.44941035939644,-0.44941035939643825
2023-10-04,P0020,S003,249,60.0,249.27728814927434,249.27728814927434,-0.27728814927434087
2023-10-04,P0009,S001,75,159.0,74.92178876041953,74.92178876041953,0.07821123958046883
2023-10-04,P0003,S002,98,44.0,98.49746784476571,98.49746784476571,-0.4974678447657084
2023-10-04,P0007,S001,152,52.0,151.35873009183138,151.35873009183138,0.6412699081686242
2023-10-04,P0012,S002,5,101.0,4.194573403703669,4.194573403703669,0.8054265962963312
2023-10-04,P0015,S005,89,245.0,88.8287632203112,88.8287632203112,0.17123677968879747
2023-10-04,P0010,S002,61,160.0,60.57061241458624,60.57061241458624,0.42938758541375677
2023-10-04,P0020,S004,20,65.0,19.945872710497447,19.945872710497447,0.054127289502552856
2023-10-04,P0008,S005,149,10.0,148.27352166097606,148.27352166097606,0.7264783390239415
2023-10-04,P0015,S003,227,228.0,228.74152348489866,228.74152348489866,-1.7415234848986643
2023-10-04,P0010,S004,126,228.0,124.97978359381929,124.97978359381929,1.0202164061807082
2023-10-04,P0018,S003,151,81.0,151.05865997672328,151.05865997672328,-0.05865997672327694
2023-10-04,P0005,S001,30,73.0,30.282084031090154,30.282084031090154,-0.2820840310901538
2023-10-04,P0014,S001,74,175.0,73.76784429008998,73.76784429008998,0.23215570991001755
2023-10-04,P0007,S002,249,4.0,248.29131918319993,248.29131918319993,0.7086808168000687
2023-10-04,P0008,S001,249,2.0,250.13399446945814,250.13399446945814,-1.1339944694581447
2023-10-04,P0005,S002,177,229.0,176.11835214023125,176.11835214023125,0.8816478597687478
2023-10-04,P0011,S001,13,470.0,13.582553385553767,13.582553385553767,-0.5825533855537675
2023-10-04,P0013,S005,259,202.0,257.48477581850125,257.48477581850125,1.515224181498752
2023-10-04,P0012,S005,415,101.0,416.044006378326,416.044006378326,-1.044006378326003
2023-10-04,P0006,S002,67,113.0,67.45390902374633,67.45390902374633,-0.45390902374633413
2023-10-04,P0005,S003,43,131.0,43.58849497090579,43.58849497090579,-0.5884949709057921
2023-10-04,P0013,S004,163,11.0,162.28465663765667,162.28465663765667,0.715343362343333
2023-10-04,P0007,S005,87,36.0,87.26055146757264,87.26055146757264,-0.2605514675726397
2023-10-04,P0011,S002,324,292.0,324.58503487477185,324.58503487477185,-0.5850348747718499
2023-10-04,P0020,S005,108,18.0,108.05270531390761,108.05270531390761,-0.0527053139076088
2023-10-04,P0005,S004,182,232.0,182.48632875578267,182.48632875578267,-0.4863287557826652
2023-10-04,P0001,S005,128,54.0,128.53884352620602,128.53884352620602,-0.5388435262060227
2023-10-04,P0007,S004,226,53.0,226.10932603177088,226.10932603177088,-0.10932603177087685
2023-10-04,P0007,S003,118,167.0,118.17060279466389,118.17060279466389,-0.1706027946638926
2023-10-04,P0011,S003,50,10.0,49.776876907877046,49.776876907877046,0.2231230921229539
2023-10-04,P0013,S002,60,147.0,60.10019284703919,60.10019284703919,-0.10019284703918885
2023-10-04,P0006,S001,126,79.0,125.39429056200231,125.39429056200231,0.6057094379976888
2023-10-04,P0020,S001,65,22.0,65.10941771000348,65.10941771000348,-0.1094177100034841
2023-10-04,P0017,S003,331,33.0,331.53865733149735,331.53865733149735,-0.5386573314973475
2023-10-04,P0011,S004,55,352.0,54.99116704228328,54.99116704228328,0.008832957716720102
2023-10-04,P0005,S005,21,63.0,20.960177873842227,20.960177873842227,0.03982212615777314
2023-10-04,P0001,S003,217,116.0,217.27159276358094,217.27159276358094,-0.27159276358094075
2023-10-04,P0013,S001,176,150.0,175.55893251903112,175.55893251903112,0.4410674809688828
2023-10-04,P0018,S005,292,64.0,292.4500482834007,292.4500482834007,-0.45004828340069025
2023-10-04,P0013,S003,220,225.0,221.0630674912595,221.0630674912595,-1.0630674912594884
2023-10-04,P0010,S005,49,71.0,49.17304651171212,49.17304651171212,-0.1730465117121227
2023-10-04,P0004,S005,56,7.0,56.41187100795304,56.41187100795304,-0.41187100795303877
2023-10-04,P0018,S004,265,268.0,265.73713278088997,265.73713278088997,-0.737132780889965
2023-10-04,P0003,S005,98,7.0,97.99335568841158,97.99335568841158,0.00664431158841694
2023-10-04,P0008,S004,223,74.0,221.4887467396467,221.4887467396467,1.5112532603532998
2023-10-04,P0011,S005,205,109.0,206.09639272476676,206.09639272476676,-1.0963927247667584
2023-10-04,P0015,S002,353,182.0,352.6868825695871,352.6868825695871,0.31311743041288764
2023-10-04,P0017,S001,218,158.0,218.21693879765138,218.21693879765138,-0.21693879765138036
2023-10-04,P0010,S003,116,219.0,116.90417337108232,116.90417337108232,-0.9041733710823223
2023-10-04,P0004,S001,133,77.0,132.9912845451341,132.9912845451341,0.00871545486589298
2023-10-04,P0015,S001,257,255.0,258.45767948734687,258.45767948734687,-1.4576794873468657
2023-10-04,P0017,S005,112,75.0,112.6548937928424,112.6548937928424,-0.654893792842401
2023-10-04,P0004,S002,33,273.0,32.59106456021979,32.59106456021979,0.4089354397802083
2023-10-04,P0008,S003,159,165.0,158.67178813988374,158.67178813988374,0.32821186011625514
2023-10-04,P0014,S005,201,76.0,200.5787273883043,200.5787273883043,0.42127261169571284
2023-10-04,P0001,S004,122,135.0,121.5224149888403,121.5224149888403,0.47758501115970375
2023-10-04,P0001,S002,337,315.0,335.2331610303162,335.2331610303162,1.7668389696838176
2023-10-04,P0004,S003,68,61.0,68.04613354536376,68.04613354536376,-0.0461335453637588
2023-10-04,P0019,S002,183,41.0,182.97093604881331,182.97093604881331,0.0290639511866857
2023-10-04,P0012,S003,156,78.0,155.4831104958172,155.4831104958172,0.5168895041828137
2023-10-04,P0014,S004,106,260.0,105.62841170886509,105.62841170886509,0.37158829113491265
2023-10-04,P0006,S004,160,46.0,159.7518945758436,159.7518945758436,0.24810542415639247
2023-10-04,P0008,S002,17,33.0,16.43124930050617,16.43124930050617,0.5687506994938296
2023-10-04,P0014,S003,274,231.0,272.8269572483695,272.8269572483695,1.1730427516304758
2023-10-04,P0020,S002,191,39.0,191.5328112459379,191.5328112459379,-0.5328112459378929
2023-10-04,P0019,S001,257,100.0,256.20631067607155,256.20631067607155,0.7936893239284473
2023-10-04,P0004,S004,4,78.0,3.4692709296926,3.4692709296926,0.5307290703073999
2023-10-04,P0014,S002,117,42.0,117.30939196612331,117.30939196612331,-0.30939196612331443
2023-10-04,P0012,S004,266,55.0,266.497740632201,266.497740632201,-0.49774063220098697
2023-10-04,P0019,S004,409,53.0,412.7980424232955,412.7980424232955,-3.798042423295499
2023-10-04,P0006,S003,24,236.0,23.158360909076013,23.158360909076013,0.8416390909239873
2023-10-04,P0017,S002,7,141.0,7.597471612978711,7.597471612978711,-0.597471612978711
2023-10-04,P0017,S004,16,271.0,15.095219819978634,15.095219819978634,0.9047801800213655
2023-10-04,P0018,S001,148,105.0,148.32687684658742,148.32687684658742,-0.32687684658742455
2023-10-04,P0002,S001,91,105.0,91.1418684431024,91.1418684431024,-0.1418684431023962
2023-10-04,P0018,S002,26,0.0,26.657661087945907,26.657661087945907,-0.6576610879459075
2023-10-04,P0009,S003,377,140.0,375.41541490446645,375.41541490446645,1.584585095533555
2023-10-04,P0016,S004,44,229.0,44.633579177113205,44.633579177113205,-0.6335791771132051
2023-10-04,P0019,S003,154,14.0,153.65979715833274,153.65979715833274,0.34020284166726356
2023-10-04,P0009,S002,346,49.0,345.5980231557372,345.5980231557372,0.40197684426277647
2023-10-04,P0016,S005,87,107.0,87.25660066548845,87.25660066548845,-0.25660066548844895
2023-10-04,P0003,S001,27,47.0,27.15108463884025,27.15108463884025,-0.15108463884024914
2023-10-04,P0009,S004,147,117.0,147.93368704566598,147.93368704566598,-0.9336870456659767
2023-10-04,P0001,S001,87,204.0,87.18947452612284,87.18947452612284,-0.18947452612283655
2023-10-04,P0002,S004,51,54.0,51.48460615077913,51.48460615077913,-0.48460615077912905
2023-10-04,P0002,S005,79,100.0,79.27651422912007,79.27651422912007,-0.2765142291200675
2023-10-04,P0002,S003,258,132.0,256.33419154891186,256.33419154891186,1.6658084510881395
2023-10-04,P0016,S002,25,214.0,25.085558385116077,25.085558385116077,-0.08555838511607661
2023-10-04,P0016,S003,15,159.0,15.581348206701879,15.581348206701879,-0.5813482067018789
2023-10-04,P0002,S002,123,93.0,123.4512967740169,123.4512967740169,-0.45129677401689605
2023-10-05,P0017,S001,86,218.0,86.16776688793217,86.16776688793217,-0.1677668879321743
2023-10-05,P0008,S003,93,159.0,92.81104061209102,92.81104061209102,0.18895938790898015
2023-10-05,P0002,S002,228,123.0,227.1650582609724,227.1650582609724,0.834941739027613
2023-10-05,P0011,S001,99,13.0,98.96139930628243,98.96139930628243,0.038600693717569357
2023-10-05,P0003,S003,82,103.0,82.02446595702355,82.02446595702355,-0.024465957023551255
2023-10-05,P0001,S003,52,217.0,52.61127209304442,52.61127209304442,-0.6112720930444198
2023-10-05,P0015,S002,117,353.0,117.99100924246002,117.99100924246002,-0.9910092424600236
2023-10-05,P0006,S004,25,160.0,24.694477010036174,24.694477010036174,0.3055229899638263
2023-10-05,P0009,S003,282,377.0,280.7453069717871,280.7453069717871,1.2546930282128983
2023-10-05,P0017,S004,67,16.0,67.17352779670145,67.17352779670145,-0.1735277967014497
2023-10-05,P0007,S004,175,226.0,175.09927182249746,175.09927182249746,-0.0992718224974567
2023-10-05,P0019,S005,107,400.0,106.40064426002148,106.40064426002148,0.5993557399785203
2023-10-05,P0004,S001,303,133.0,302.89481961954453,302.89481961954453,0.10518038045546518
2023-10-05,P0001,S001,72,87.0,71.92433582913979,71.92433582913979,0.07566417086020749
2023-10-05,P0006,S002,236,67.0,236.18316280760217,236.18316280760217,-0.18316280760217296
2023-10-05,P0019,S002,172,183.0,171.51323886201018,171.51323886201018,0.48676113798981646
2023-10-05,P0010,S004,117,126.0,117.34008718747508,117.34008718747508,-0.3400871874750777
2023-10-05,P0004,S005,137,56.0,137.8179393240269,137.8179393240269,-0.8179393240268951
2023-10-05,P0010,S003,22,116.0,21.4635786181854,21.4635786181854,0.5364213818145984
2023-10-05,P0001,S005,35,128.0,34.53794208674217,34.53794208674217,0.46205791325782997
2023-10-05,P0013,S005,18,259.0,17.623973901780275,17.623973901780275,0.3760260982197252
2023-10-05,P0017,S005,309,112.0,310.4652860299031,310.4652860299031,-1.4652860299030976
2023-10-05,P0013,S004,34,163.0,34.583137406648184,34.583137406648184,-0.5831374066481843
2023-10-05,P0006,S001,292,126.0,293.0881252844255,293.0881252844255,-1.0881252844254732
2023-10-05,P0007,S001,35,152.0,34.600873974992766,34.600873974992766,0.3991260250072344
2023-10-05,P0015,S001,206,257.0,205.44944234273922,205.44944234273922,0.5505576572607822
2023-10-05,P0017,S002,107,7.0,106.78714840876584,106.78714840876584,0.21285159123415553
2023-10-05,P0013,S001,410,176.0,413.3677727253436,413.3677727253436,-3.3677727253436274
2023-10-05,P0015,S004,66,10.0,65.82294784952046,65.82294784952046,0.1770521504795397
2023-10-05,P0014,S004,135,106.0,135.811051691211,135.811051691211,-0.8110516912109915
2023-10-05,P0007,S003,25,118.0,24.507032142617565,24.507032142617565,0.4929678573824354
2023-10-05,P0012,S003,174,156.0,173.90661155089086,173.90661155089086,0.0933884491091419
2023-10-05,P0013,S002,131,60.0,131.64806998361334,131.64806998361334,-0.6480699836133397
2023-10-05,P0014,S001,289,74.0,287.43957629098753,287.43957629098753,1.5604237090124684
2023-10-05,P0019,S003,4,154.0,4.2326766907445466,4.2326766907445466,-0.23267669074454655
2023-10-05,P0002,S005,95,79.0,94.09168901151283,94.09168901151283,0.9083109884871732
2023-10-05,P0018,S002,405,26.0,409.1221680446889,409.1221680446889,-4.1221680446889195
2023-10-05,P0004,S002,14,33.0,13.42160412031083,13.42160412031083,0.57839587968917
2023-10-05,P0020,S003,391,249.0,391.4497515754071,391.4497515754071,-0.449751575407106
2023-10-05,P0003,S001,152,27.0,152.2604486231979,152.2604486231979,-0.2604486231979024
2023-10-05,P0012,S002,107,5.0,106.40064426002148,106.40064426002148,0.5993557399785203
2023-10-05,P0011,S003,174,50.0,173.83706715994174,173.83706715994174,0.1629328400582608
2023-10-05,P0011,S004,445,55.0,444.72759221816415,444.72759221816415,0.27240778183585235
2023-10-05,P0020,S004,95,20.0,94.22907702796314,94.22907702796314,0.7709229720368569
2023-10-05,P0006,S005,247,127.0,245.40967390034533,245.40967390034533,1.5903260996546749
2023-10-05,P0018,S001,89,148.0,89.21150161161383,89.21150161161383,-0.2115016116138264
2023-10-05,P0003,S002,20,98.0,19.32337341928468,19.32337341928468,0.6766265807153182
2023-10-05,P0008,S002,219,17.0,219.58424117180576,219.58424117180576,-0.5842411718057576
2023-10-05,P0008,S004,69,223.0,69.40112323357489,69.40112323357489,-0.4011232335748929
2023-10-05,P0019,S004,81,409.0,81.45870456416763,81.45870456416763,-0.4587045641676326
2023-10-05,P0018,S005,235,292.0,236.39837240827183,236.39837240827183,-1.3983724082718254
2023-10-05,P0018,S004,308,265.0,307.4204730911189,307.4204730911189,0.579526908881121
2023-10-05,P0007,S002,175,249.0,174.6766981833289,174.6766981833289,0.3233018166710906
2023-10-05,P0009,S002,161,346.0,161.0004416573893,161.0004416573893,-0.00044165738930246334
2023-10-05,P0016,S001,29,7.0,30.29064574916566,30.29064574916566,-1.2906457491656589
2023-10-05,P0008,S005,42,149.0,42.07084119492753,42.07084119492753,-0.0708411949275316
2023-10-05,P0011,S005,63,205.0,63.08495595164603,63.08495595164603,-0.08495595164603031
2023-10-05,P0005,S001,86,30.0,86.25902642363334,86.25902642363334,-0.25902642363334394
2023-10-05,P0002,S001,70,91.0,69.37610712304131,69.37610712304131,0.623892876958692
2023-10-05,P0004,S004,31,4.0,31.071833218617126,31.071833218617126,-0.071833218617126
2023-10-05,P0002,S003,214,258.0,215.13819289353262,215.13819289353262,-1.1381928935326187
2023-10-05,P0006,S003,218,24.0,217.12053165790405,217.12053165790405,0.8794683420959473
2023-10-05,P0010,S005,52,49.0,52.44108162485947,52.44108162485947,-0.44108162485947133
2023-10-05,P0020,S001,198,65.0,198.76482971366397,198.76482971366397,-0.7648297136639712
2023-10-05,P0010,S002,1,61.0,0.33260530316463904,0.33260530316463904,0.667394696835361
2023-10-05,P0016,S003,180,15.0,180.18551489140876,180.18551489140876,-0.18551489140875788
2023-10-05,P0010,S001,81,251.0,81.58875346148368,81.58875346148368,-0.5887534614836767
2023-10-05,P0018,S003,24,151.0,23.666204055634786,23.666204055634786,0.33379594436521387
2023-10-05,P0005,S004,165,182.0,165.23748564734348,165.23748564734348,-0.2374856473434761
2023-10-05,P0014,S002,214,117.0,214.83386172515193,214.83386172515193,-0.8338617251519338
2023-10-05,P0001,S002,144,337.0,143.75425446773954,143.75425446773954,0.24574553226045737
2023-10-05,P0003,S004,20,204.0,19.669116734540353,19.669116734540353,0.3308832654596472
2023-10-05,P0017,S003,57,331.0,56.790797930968736,56.790797930968736,0.2092020690312637
2023-10-05,P0016,S002,75,25.0,75.25763503543058,75.25763503543058,-0.25763503543058164
2023-10-05,P0012,S001,249,238.0,248.4656228342399,248.4656228342399,0.5343771657601053
2023-10-05,P0012,S004,235,266.0,235.41592531790428,235.41592531790428,-0.4159253179042821
2023-10-05,P0011,S002,301,324.0,302.38869094032935,302.38869094032935,-1.3886909403293544
2023-10-05,P0016,S004,39,44.0,39.3721084947948,39.3721084947948,-0.37210849479480146
2023-10-05,P0019,S001,3,257.0,2.565759603856551,2.565759603856551,0.4342403961434491
2023-10-05,P0007,S005,52,87.0,52.167519189837535,52.167519189837535,-0.16751918983753455
2023-10-05,P0002,S004,117,51.0,116.8511841019601,116.8511841019601,0.14881589803989925
2023-10-05,P0001,S004,38,122.0,38.15216931279463,38.15216931279463,-0.15216931279463353
2023-10-05,P0014,S003,78,274.0,78.7890418230249,78.7890418230249,-0.7890418230249026
2023-10-05,P0005,S003,63,43.0,63.43147843272867,63.43147843272867,-0.43147843272866737
2023-10-05,P0020,S005,35,108.0,35.3229989401715,35.3229989401715,-0.32299894017150166
2023-10-05,P0013,S003,34,220.0,33.690870054487874,33.690870054487874,0.3091299455121259
2023-10-05,P0004,S003,149,68.0,148.81775583025012,148.81775583025012,0.1822441697498789
2023-10-05,P0009,S001,279,75.0,279.74212964865734,279.74212964865734,-0.7421296486573397
2023-10-05,P0003,S005,110,98.0,110.26015130101719,110.26015130101719,-0.26015130101718853
2023-10-05,P0014,S005,58,201.0,58.35009556544155,58.35009556544155,-0.3500955654415492
2023-10-05,P0015,S005,25,89.0,24.924058829904553,24.924058829904553,0.07594117009544732
2023-10-05,P0008,S001,33,249.0,32.61409807482167,32.61409807482167,0.3859019251783309
2023-10-05,P0005,S005,177,21.0,177.61308300720333,177.61308300720333,-0.6130830072033291
2023-10-05,P0009,S005,385,36.0,382.31588850633227,382.31588850633227,2.6841114936677286
2023-10-05,P0005,S002,103,177.0,103.42093029508813,103.42093029508813,-0.4209302950881266
2023-10-05,P0016,S005,38,87.0,38.484334324316194,38.484334324316194,-0.48433432431619394
2023-10-05,P0020,S002,71,191.0,70.26044621215485,70.26044621215485,0.7395537878451535
2023-10-05,P0015,S003,414,227.0,411.94241281844677,411.94241281844677,2.057587181553231
2023-10-05,P0012,S005,0,415.0,0.06723167913618648,0.06723167913618648,-0.06723167913618648
2023-10-05,P0009,S004,66,147.0,65.77219804001291,65.77219804001291,0.22780195998709019
2023-10-06,P0004,S002,222,14.0,223.17245001220797,223.17245001220797,-1.1724500122079746
2023-10-06,P0020,S005,482,35.0,482.17367002425766,482.17367002425766,-0.17367002425766032
2023-10-06,P0008,S003,12,93.0,12.780181623533398,12.780181623533398,-0.780181623533398
2023-10-06,P0005,S005,179,177.0,179.6883702021527,179.6883702021527,-0.6883702021526972
2023-10-06,P0009,S003,136,282.0,136.43578384830963,136.43578384830963,-0.4357838483096259
2023-10-06,P0017,S003,133,57.0,132.8349480574915,132.8349480574915,0.16505194250851218
2023-10-06,P0018,S004,105,308.0,104.63521118969356,104.63521118969356,0.36478881030643606
2023-10-06,P0011,S005,34,63.0,34.322644344822415,34.322644344822415,-0.32264434482241455
2023-10-06,P0014,S005,65,58.0,64.34228832428322,64.34228832428322,0.6577116757167829
2023-10-06,P0013,S001,141,410.0,140.77485103026308,140.77485103026308,0.2251489697369209
2023-10-06,P0011,S001,1,99.0,0.8741502844757784,0.8741502844757784,0.12584971552422164
2023-10-06,P0017,S001,122,86.0,121.57724493059197,121.57724493059197,0.42275506940802643
2023-10-06,P0001,S003,172,52.0,172.5360958062149,172.5360958062149,-0.5360958062148882
2023-10-06,P0005,S003,157,63.0,156.57982702085835,156.57982702085835,0.42017297914165397
2023-10-06,P0003,S005,400,110.0,397.9802022107923,397.9802022107923,2.0197977892077006
2023-10-06,P0012,S005,173,0.0,174.43472906285504,174.43472906285504,-1.434729062855041
2023-10-06,P0015,S003,115,414.0,115.50909486948946,115.50909486948946,-0.5090948694894593
2023-10-06,P0016,S005,454,38.0,454.47105691493886,454.47105691493886,-0.47105691493885615
2023-10-06,P0019,S001,10,3.0,10.432273204004604,10.432273204004604,-0.4322732040046038
2023-10-06,P0010,S005,194,52.0,193.42137915664998,193.42137915664998,0.5786208433500235
2023-10-06,P0007,S002,100,175.0,100.12886342946959,100.12886342946959,-0.12886342946958962
2023-10-06,P0008,S005,369,42.0,367.51876273787786,367.51876273787786,1.4812372621221357
2023-10-06,P0005,S001,188,86.0,188.6183975953119,188.6183975953119,-0.6183975953119045
2023-10-06,P0002,S003,70,214.0,70.23288618109636,70.23288618109636,-0.2328861810963616
2023-10-06,P0006,S003,63,218.0,63.41977389590651,63.41977389590651,-0.41977389590650915
2023-10-06,P0018,S003,118,24.0,117.66274775331962,117.66274775331962,0.3372522466803787
2023-10-06,P0010,S002,158,1.0,157.35614317179292,157.35614317179292,0.6438568282070776
2023-10-06,P0012,S004,304,235.0,303.7812242424701,303.7812242424701,0.21877575752989742
2023-10-06,P0016,S002,116,75.0,115.7179798273103,115.7179798273103,0.28202017268969826
2023-10-06,P0003,S004,53,20.0,52.69592962211459,52.69592962211459,0.30407037788540947
2023-10-06,P0001,S004,47,38.0,46.87019477087169,46.87019477087169,0.1298052291283085
2023-10-06,P0008,S004,34,69.0,34.395988923994,34.395988923994,-0.3959889239939969
2023-10-06,P0006,S002,85,236.0,84.88106663735536,84.88106663735536,0.11893336264463983
2023-10-06,P0015,S002,8,117.0,8.895212452668105,8.895212452668105,-0.8952124526681047
2023-10-06,P0018,S005,324,235.0,322.4019498317031,322.4019498317031,1.5980501682968793
2023-10-06,P0015,S004,40,66.0,39.55046120697582,39.55046120697582,0.44953879302418187
2023-10-06,P0007,S003,17,25.0,16.321459721944926,16.321459721944926,0.678540278055074
2023-10-06,P0012,S003,8,174.0,8.67907263619609,8.67907263619609,-0.6790726361960893
2023-10-06,P0018,S002,26,405.0,25.718159673398493,25.718159673398493,0.2818403266015075
2023-10-06,P0020,S003,88,391.0,87.4936118416288,87.4936118416288,0.5063881583711947
2023-10-06,P0003,S001,85,152.0,85.25424409338994,85.25424409338994,-0.2542440933899428
2023-10-06,P0020,S004,199,95.0,199.27096768384743,199.27096768384743,-0.27096768384743086
2023-10-06,P0013,S004,257,34.0,257.0453536817348,257.0453536817348,-0.04535368173480947
2023-10-06,P0011,S004,6,445.0,5.213158321784731,5.213158321784731,0.7868416782152687
2023-10-06,P0006,S001,236,292.0,236.599220641789,236.599220641789,-0.5992206417890031
2023-10-06,P0003,S003,2,82.0,2.511427572856886,2.511427572856886,-0.5114275728568858
2023-10-06,P0004,S001,84,303.0,83.04496342450884,83.04496342450884,0.9550365754911638
2023-10-06,P0010,S003,258,22.0,256.85586876290887,256.85586876290887,1.1441312370911305
2023-10-06,P0017,S005,211,309.0,210.88941683083078,210.88941683083078,0.1105831691692174
2023-10-06,P0013,S005,37,18.0,37.15306508016898,37.15306508016898,-0.1530650801689788
2023-10-06,P0004,S005,21,137.0,20.62025135680415,20.62025135680415,0.37974864319584967
2023-10-06,P0006,S004,120,25.0,119.50681257235816,119.50681257235816,0.49318742764184265
2023-10-06,P0018,S001,120,89.0,119.47097096571511,119.47097096571511,0.5290290342848891
2023-10-06,P0001,S001,415,72.0,418.2425800669024,418.2425800669024,-3.2425800669024056
2023-10-06,P0015,S001,337,206.0,336.2145465936269,336.2145465936269,0.785453406373108
2023-10-06,P0007,S004,382,175.0,384.1646719952159,384.1646719952159,-2.1646719952158833
2023-10-06,P0013,S002,35,131.0,35.7843464763995,35.7843464763995,-0.7843464763994987
2023-10-06,P0007,S001,50,35.0,49.50578807885144,49.50578807885144,0.49421192114856183
2023-10-06,P0015,S005,305,25.0,305.54579082424846,305.54579082424846,-0.5457908242484564
2023-10-06,P0017,S002,135,107.0,135.4051200495173,135.4051200495173,-0.40512004951730773
2023-10-06,P0014,S004,2,135.0,1.988131312237401,1.988131312237401,0.011868687762599084
2023-10-06,P0004,S004,13,31.0,12.881475174948191,12.881475174948191,0.11852482505180895
2023-10-06,P0014,S001,478,289.0,476.73862713063704,476.73862713063704,1.2613728693629582
2023-10-06,P0002,S001,408,70.0,410.3115020862852,410.3115020862852,-2.311502086285202
2023-10-06,P0002,S005,95,95.0,95.11623015952165,95.11623015952165,-0.11623015952164906
2023-10-06,P0012,S002,11,107.0,11.045120398997001,11.045120398997001,-0.04512039899700149
2023-10-06,P0019,S003,11,4.0,11.25558892537848,11.25558892537848,-0.2555889253784809
2023-10-06,P0017,S004,60,67.0,60.58239611465423,60.58239611465423,-0.5823961146542302
2023-10-06,P0008,S002,182,219.0,182.60821517501253,182.60821517501253,-0.608215175012532
2023-10-06,P0016,S001,50,29.0,49.95849225805125,49.95849225805125,0.041507741948748844
2023-10-06,P0006,S005,106,247.0,105.45498765526611,105.45498765526611,0.545012344733891
2023-10-06,P0009,S002,81,161.0,80.33684760988082,80.33684760988082,0.6631523901191798
2023-10-06,P0007,S005,268,52.0,269.41467648445,269.41467648445,-1.4146764844500126
2023-10-06,P0010,S004,2,117.0,1.4038504310978717,1.4038504310978717,0.5961495689021283
2023-10-06,P0005,S002,196,103.0,196.306413278974,196.306413278974,-0.3064132789739915
2023-10-06,P0011,S002,390,301.0,387.24927495208453,387.24927495208453,2.7507250479154663
2023-10-06,P0001,S005,22,35.0,21.024843553070323,21.024843553070323,0.9751564469296774
2023-10-06,P0019,S004,79,81.0,78.2604601525443,78.2604601525443,0.7395398474557027
2023-10-06,P0008,S001,457,33.0,453.58569670679054,453.58569670679054,3.414303293209457
2023-10-06,P0003,S002,84,20.0,83.94699240199746,83.94699240199746,0.05300759800253729
2023-10-06,P0009,S004,18,66.0,17.63277861203216,17.63277861203216,0.36722138796784165
2023-10-06,P0019,S005,43,107.0,43.22393221633433,43.22393221633433,-0.22393221633433313
2023-10-06,P0020,S002,36,71.0,35.98778012832631,35.98778012832631,0.012219871673693206
2023-10-06,P0014,S003,88,78.0,88.23390934907201,88.23390934907201,-0.23390934907200744
2023-10-06,P0009,S005,53,385.0,53.012079322774845,53.012079322774845,-0.012079322774845025
2023-10-06,P0013,S003,4,34.0,3.610139343433613,3.610139343433613,0.38986065656638713
2023-10-06,P0002,S002,24,228.0,23.745988238790456,23.745988238790456,0.2540117612095436
2023-10-06,P0016,S003,16,180.0,16.40215320134562,16.40215320134562,-0.4021532013456195
2023-10-06,P0011,S003,365,174.0,367.37361948638613,367.37361948638613,-2.373619486386133
2023-10-06,P0014,S002,0,214.0,0.0,0.0,0.0
2023-10-06,P0002,S004,44,117.0,44.54884037277762,44.54884037277762,-0.5488403727776188
2023-10-06,P0001,S002,68,144.0,67.9733250006415,67.9733250006415,0.026674999358505147
2023-10-06,P0009,S001,413,279.0,414.34153364809487,414.34153364809487,-1.3415336480948667
2023-10-06,P0020,S001,19,198.0,17.84022165168177,17.84022165168177,1.1597783483182305
2023-10-06,P0019,S002,131,172.0,130.43903872030006,130.43903872030006,0.5609612796999386
2023-10-06,P0012,S001,49,249.0,48.74311994744175,48.74311994744175,0.25688005255825175
2023-10-06,P0010,S001,26,81.0,26.67527083716225,26.67527083716225,-0.6752708371622482
2023-10-06,P0004,S003,287,149.0,286.4753208892615,286.4753208892615,0.5246791107384752
2023-10-06,P0016,S004,88,39.0,87.86265726282527,87.86265726282527,0.137342737174734
2023-10-06,P0005,S004,305,165.0,303.42875072347834,303.42875072347834,1.5712492765216552
2023-10-07,P0005,S002,262,196.0,262.43795270351035,262.43795270351035,-0.4379527035103479
2023-10-07,P0007,S002,301,100.0,299.9853769548568,299.9853769548568,1.0146230451431961
2023-10-07,P0017,S005,29,211.0,29.144625087204012,29.144625087204012,-0.14462508720401246
2023-10-07,P0010,S005,80,194.0,80.34866565227205,80.34866565227205,-0.3486656522720466
2023-10-07,P0010,S004,20,2.0,20.47966234502408,20.47966234502408,-0.47966234502408156
2023-10-07,P0019,S004,199,79.0,198.80348850669523,198.80348850669523,0.1965114933047687
2023-10-07,P0004,S005,266,21.0,265.28645719736363,265.28645719736363,0.7135428026363684
2023-10-07,P0011,S002,140,390.0,139.39120231639117,139.39120231639117,0.6087976836088274
2023-10-07,P0009,S002,186,81.0,186.11679562915367,186.11679562915367,-0.11679562915367114
2023-10-07,P0010,S003,389,258.0,387.23285741656974,387.23285741656974,1.7671425834302568
2023-10-07,P0007,S004,32,382.0,31.761855403535638,31.761855403535638,0.23814459646436248
2023-10-07,P0017,S001,160,122.0,158.6723245467518,158.6723245467518,1.3276754532481903
2023-10-07,P0008,S005,52,369.0,51.72482760990561,51.72482760990561,0.2751723900943901
2023-10-07,P0001,S001,16,415.0,15.955486308048263,15.955486308048263,0.044513691951737044
2023-10-07,P0009,S001,101,413.0,100.51901550950416,100.51901550950416,0.48098449049584246
2023-10-07,P0003,S003,257,2.0,257.90777118750407,257.90777118750407,-0.9077711875040677
2023-10-07,P0002,S002,79,24.0,79.40256722295395,79.40256722295395,-0.4025672229539481
2023-10-07,P0014,S002,230,0.0,230.38278476255041,230.38278476255041,-0.3827847625504148
2023-10-07,P0016,S005,56,454.0,55.998368009971074,55.998368009971074,0.0016319900289261113
2023-10-07,P0004,S001,174,84.0,174.5986897329007,174.5986897329007,-0.5986897329007093
2023-10-07,P0013,S005,68,37.0,67.4519473525068,67.4519473525068,0.5480526474931935
2023-10-07,P0002,S004,35,44.0,35.817151743039496,35.817151743039496,-0.8171517430394957
2023-10-07,P0008,S003,1,12.0,0.6990595612365216,0.6990595612365216,0.3009404387634784
2023-10-07,P0014,S005,2,65.0,1.334205534377119,1.334205534377119,0.6657944656228809
2023-10-07,P0015,S003,1,115.0,1.4467691272533263,1.4467691272533263,-0.4467691272533263
2023-10-07,P0013,S003,24,4.0,24.7200158877734,24.7200158877734,-0.7200158877733998
2023-10-07,P0010,S001,97,26.0,97.87327099644448,97.87327099644448,-0.8732709964444751
2023-10-07,P0003,S005,395,400.0,398.92483718643626,398.92483718643626,-3.924837186436264
2023-10-07,P0005,S001,5,188.0,4.916375805031587,4.916375805031587,0.08362419496841333
2023-10-07,P0020,S005,229,482.0,227.72353466044464,227.72353466044464,1.276465339555358
2023-10-07,P0009,S004,61,18.0,60.89830597139101,60.89830597139101,0.10169402860898913
2023-10-07,P0009,S005,242,53.0,242.67924755081117,242.67924755081117,-0.6792475508111693
2023-10-07,P0020,S002,320,36.0,319.2432358164879,319.2432358164879,0.7567641835120753
2023-10-07,P0001,S004,160,47.0,160.00649409878005,160.00649409878005,-0.006494098780052582
2023-10-07,P0014,S003,435,88.0,436.20017016803246,436.20017016803246,-1.2001701680324572
2023-10-07,P0019,S001,80,10.0,80.20092291755607,80.20092291755607,-0.2009229175560705
2023-10-07,P0008,S004,128,34.0,128.666654403627,128.666654403627,-0.6666544036270068
2023-10-07,P0017,S003,134,133.0,133.6342530242443,133.6342530242443,0.36574697575571236
2023-10-07,P0005,S003,87,157.0,87.06241047853779,87.06241047853779,-0.06241047853778525
2023-10-07,P0003,S004,29,53.0,29.064667052600754,29.064667052600754,-0.064667052600754
2023-10-07,P0006,S002,15,85.0,14.905426145171555,14.905426145171555,0.09457385482844494
2023-10-07,P0011,S005,103,34.0,102.9389743293545,102.9389743293545,0.061025670645506125
2023-10-07,P0015,S002,229,8.0,229.12572912461698,229.12572912461698,-0.12572912461698138
2023-10-07,P0003,S002,43,84.0,43.56605536535726,43.56605536535726,-0.5660553653572578
2023-10-07,P0020,S001,104,19.0,104.01257225385353,104.01257225385353,-0.012572253853534221
2023-10-07,P0008,S001,93,457.0,92.31459587446437,92.31459587446437,0.6854041255356265
2023-10-07,P0001,S005,274,22.0,276.08814465036613,276.08814465036613,-2.0881446503661323
2023-10-07,P0006,S004,107,120.0,107.35062403313157,107.35062403313157,-0.35062403313156665
2023-10-07,P0019,S005,94,43.0,93.86475084731136,93.86475084731136,0.1352491526886439
2023-10-07,P0012,S001,44,49.0,44.30893975103551,44.30893975103551,-0.30893975103550986
2023-10-07,P0018,S001,185,120.0,186.06426159043883,186.06426159043883,-1.0642615904388322
2023-10-07,P0016,S001,64,50.0,63.91415814748217,63.91415814748217,0.08584185251783083
2023-10-07,P0001,S003,47,172.0,47.650915717115154,47.650915717115154,-0.6509157171151543
2023-10-07,P0019,S002,321,131.0,321.5783518447521,321.5783518447521,-0.5783518447520919
2023-10-07,P0007,S003,123,17.0,122.73660875552666,122.73660875552666,0.2633912444733397
2023-10-07,P0004,S004,110,13.0,110.57342124991327,110.57342124991327,-0.5734212499132667
2023-10-07,P0014,S004,361,2.0,362.4390639288752,362.4390639288752,-1.439063928875214
2023-10-07,P0015,S004,163,40.0,162.88106477639516,162.88106477639516,0.11893522360483644
2023-10-07,P0015,S001,127,337.0,126.8863412257469,126.8863412257469,0.11365877425309634
2023-10-07,P0007,S001,58,50.0,57.210445130831005,57.210445130831005,0.7895548691689953
2023-10-07,P0006,S003,37,63.0,36.81472866960895,36.81472866960895,0.18527133039105337
2023-10-07,P0018,S005,9,324.0,8.518736161622863,8.518736161622863,0.4812638383771368
2023-10-07,P0013,S002,78,35.0,78.21234581483039,78.21234581483039,-0.2123458148303854
2023-10-07,P0015,S005,99,305.0,98.60317362506981,98.60317362506981,0.39682637493018547
2023-10-07,P0013,S004,63,257.0,63.59443081427192,63.59443081427192,-0.5944308142719166
2023-10-07,P0016,S004,237,88.0,235.3624148573541,235.3624148573541,1.6375851426458894
2023-10-07,P0018,S004,210,105.0,209.68998862970696,209.68998862970696,0.31001137029304004
2023-10-07,P0006,S005,62,106.0,61.85871595766392,61.85871595766392,0.14128404233608194
2023-10-07,P0010,S002,113,158.0,113.38783481701704,113.38783481701704,-0.3878348170170369
2023-10-07,P0009,S003,117,136.0,117.37505053851054,117.37505053851054,-0.3750505385105356
2023-10-07,P0004,S002,4,222.0,4.997870185386639,4.997870185386639,-0.9978701853866392
2023-10-07,P0018,S003,23,118.0,22.29497217894807,22.29497217894807,0.7050278210519316
2023-10-07,P0013,S001,18,141.0,18.30531835448357,18.30531835448357,-0.30531835448357114
2023-10-07,P0016,S003,144,16.0,143.30660427733125,143.30660427733125,0.6933957226687539
2023-10-07,P0001,S002,205,68.0,205.69189231361176,205.69189231361176,-0.6918923136117598
2023-10-07,P0014,S001,84,478.0,84.07972155754474,84.07972155754474,-0.07972155754474386
2023-10-07,P0017,S002,155,135.0,154.50941525186556,154.50941525186556,0.4905847481344381
2023-10-07,P0002,S005,147,95.0,146.77131775820294,146.77131775820294,0.22868224179705976
2023-10-07,P0005,S004,65,305.0,65.05561402326295,65.05561402326295,-0.0556140232629474
2023-10-07,P0006,S001,114,236.0,113.31091404833197,113.31091404833197,0.6890859516680337
2023-10-07,P0002,S001,61,408.0,61.51700512841089,61.51700512841089,-0.5170051284108865
2023-10-07,P0008,S002,112,182.0,111.8122930660732,111.8122930660732,0.1877069339268047
2023-10-07,P0017,S004,94,60.0,93.86876130553705,93.86876130553705,0.1312386944629509
2023-10-07,P0011,S001,61,1.0,61.31561171519367,61.31561171519367,-0.3156117151936684
2023-10-07,P0011,S004,136,6.0,136.51989764610283,136.51989764610283,-0.5198976461028337
2023-10-07,P0004,S003,59,287.0,58.75259940328213,58.75259940328213,0.24740059671786696
2023-10-07,P0020,S004,115,199.0,115.41647678289237,115.41647678289237,-0.41647678289237433
2023-10-07,P0007,S005,3,268.0,2.6403081426952797,2.6403081426952797,0.3596918573047203
2023-10-07,P0019,S003,101,11.0,100.6966915459754,100.6966915459754,0.30330845402460227
2023-10-07,P0012,S003,23,8.0,22.796320563591415,22.796320563591415,0.203679436408585
2023-10-07,P0012,S002,89,11.0,88.38196227258345,88.38196227258345,0.6180377274165494
2023-10-07,P0005,S005,186,179.0,186.26329889062083,186.26329889062083,-0.2632988906208311
2023-10-07,P0020,S003,281,88.0,280.48684521383757,280.48684521383757,0.5131547861624313
2023-10-07,P0018,S002,181,26.0,180.6453335783359,180.6453335783359,0.354666421664092
2023-10-07,P0012,S004,185,304.0,184.91652792801108,184.91652792801108,0.08347207198892193
2023-10-07,P0002,S003,341,70.0,339.3522724662229,339.3522724662229,1.647727533777072
2023-10-07,P0016,S002,43,116.0,43.04894123315029,43.04894123315029,-0.048941233150287644
2023-10-07,P0012,S005,287,173.0,286.7404693799355,286.7404693799355,0.25953062006448135
2023-10-07,P0011,S003,245,365.0,244.53376556212132,244.53376556212132,0.4662344378786827
2023-10-07,P0003,S001,290,85.0,288.43940596444503,288.43940596444503,1.5605940355549706
2023-10-08,P0016,S003,65,144.0,65.60112634880647,65.60112634880647,-0.6011263488064742
2023-10-08,P0002,S003,46,341.0,45.168766068139995,45.168766068139995,0.8312339318600053
2023-10-08,P0004,S004,67,110.0,66.42245754546332,66.42245754546332,0.5775424545366832
2023-10-08,P0018,S003,374,23.0,371.8924923629637,371.8924923629637,2.107507637036292
2023-10-08,P0020,S002,27,320.0,27.543268435622114,27.543268435622114,-0.5432684356221138
2023-10-08,P0010,S005,9,80.0,8.644306312539687,8.644306312539687,0.35569368746031316
2023-10-08,P0005,S004,141,65.0,140.84299724203586,140.84299724203586,0.1570027579641362
2023-10-08,P0002,S001,135,61.0,135.33529510222957,135.33529510222957,-0.3352951022295656
2023-10-08,P0011,S002,81,140.0,80.4693312449408,80.4693312449408,0.530668755059196
2023-10-08,P0007,S002,140,301.0,139.23919936760245,139.23919936760245,0.7608006323975474
2023-10-08,P0006,S003,26,37.0,25.01424596851113,25.01424596851113,0.9857540314888702
2023-10-08,P0001,S001,24,16.0,23.272996286299247,23.272996286299247,0.7270037137007535
2023-10-08,P0016,S002,111,43.0,110.56021493798771,110.56021493798771,0.43978506201229095
2023-10-08,P0001,S003,131,47.0,130.47062082216445,130.47062082216445,0.5293791778355512
2023-10-08,P0007,S003,198,123.0,197.47501028749284,197.47501028749284,0.5249897125071641
2023-10-08,P0015,S001,95,127.0,95.69814229629439,95.69814229629439,-0.6981422962943924
2023-10-08,P0014,S004,162,361.0,162.2168275777448,162.2168275777448,-0.21682757774479455
2023-10-08,P0018,S005,288,9.0,287.83664255944524,287.83664255944524,0.16335744055476198
2023-10-08,P0013,S002,91,78.0,91.39924242295355,91.39924242295355,-0.3992424229535487
2023-10-08,P0013,S004,63,63.0,63.60642134343781,63.60642134343781,-0.606421343437809
2023-10-08,P0004,S002,77,4.0,77.5941775649492,77.5941775649492,-0.5941775649492058
2023-10-08,P0013,S001,270,18.0,270.3453169312385,270.3453169312385,-0.3453169312384716
2023-10-08,P0018,S004,68,210.0,67.22453749246804,67.22453749246804,0.7754625075319552
2023-10-08,P0008,S003,276,1.0,276.87070995377246,276.87070995377246,-0.8707099537724616
2023-10-08,P0001,S002,55,205.0,55.0990887912741,55.0990887912741,-0.09908879127409875
2023-10-08,P0002,S005,179,147.0,178.59510997504512,178.59510997504512,0.4048900249548808
2023-10-08,P0017,S002,6,155.0,5.7152807767768685,5.7152807767768685,0.2847192232231315
2023-10-08,P0004,S003,73,59.0,73.85935441154393,73.85935441154393,-0.8593544115439329
2023-10-08,P0005,S005,39,186.0,39.94653627994472,39.94653627994472,-0.9465362799447234
2023-10-08,P0014,S005,66,2.0,65.04245763664773,65.04245763664773,0.9575423633522746
2023-10-08,P0019,S002,6,321.0,6.451014002465032,6.451014002465032,-0.4510140024650324
2023-10-08,P0020,S001,405,104.0,409.47869176207377,409.47869176207377,-4.478691762073765
2023-10-08,P0017,S003,61,134.0,61.51972967250164,61.51972967250164,-0.51972967250164
2023-10-08,P0002,S004,86,35.0,85.79708188930907,85.79708188930907,0.20291811069093058
2023-10-08,P0018,S002,168,181.0,168.2871051693936,168.2871051693936,-0.2871051693936124
2023-10-08,P0007,S005,73,3.0,72.5501081853966,72.5501081853966,0.4498918146034043
2023-10-08,P0011,S003,64,245.0,63.40847668151933,63.40847668151933,0.5915233184806681
2023-10-08,P0011,S004,190,136.0,189.54240333371067,189.54240333371067,0.4575966662893336
2023-10-08,P0003,S005,467,395.0,469.8029312674599,469.8029312674599,-2.8029312674598827
2023-10-08,P0012,S005,131,287.0,130.35902515329798,130.35902515329798,0.6409748467020222
2023-10-08,P0009,S004,135,61.0,135.17863620781918,135.17863620781918,-0.17863620781918144
2023-10-08,P0008,S004,2,128.0,2.7912677515652713,2.7912677515652713,-0.7912677515652713
2023-10-08,P0014,S003,54,435.0,53.13652480768393,53.13652480768393,0.8634751923160735
2023-10-08,P0005,S003,36,87.0,36.01413408714249,36.01413408714249,-0.014134087142487317
2023-10-08,P0015,S002,51,229.0,51.201862063829886,51.201862063829886,-0.20186206382988559
2023-10-08,P0001,S005,44,274.0,43.43278067477545,43.43278067477545,0.5672193252245492
2023-10-08,P0017,S005,107,29.0,106.57777795876058,106.57777795876058,0.4222220412394222
2023-10-08,P0020,S005,26,229.0,27.35932103450373,27.35932103450373,-1.3593210345037292
2023-10-08,P0013,S003,102,24.0,101.9058582632813,101.9058582632813,0.09414173671869719
2023-10-08,P0004,S005,23,266.0,22.952635318233348,22.952635318233348,0.047364681766651984
2023-10-08,P0010,S004,57,20.0,56.122400751300056,56.122400751300056,0.8775992486999442
2023-10-08,P0007,S004,348,32.0,347.8428738136378,347.8428738136378,0.15712618636217712
2023-10-08,P0002,S002,6,79.0,5.292135728954164,5.292135728954164,0.7078642710458363
2023-10-08,P0010,S003,80,389.0,80.62400574092642,80.62400574092642,-0.624005740926421
2023-10-08,P0017,S001,177,160.0,177.41151330672187,177.41151330672187,-0.41151330672187214
2023-10-08,P0004,S001,57,174.0,56.863095236393676,56.863095236393676,0.1369047636063243
2023-10-08,P0018,S001,318,185.0,318.84006009829784,318.84006009829784,-0.8400600982978403
2023-10-08,P0006,S001,133,114.0,132.16730864333607,132.16730864333607,0.8326913566639291
2023-10-08,P0019,S003,65,101.0,64.92261536448136,64.92261536448136,0.07738463551864072
2023-10-08,P0008,S002,27,112.0,26.726513471432344,26.726513471432344,0.27348652856765554
2023-10-08,P0019,S004,87,199.0,86.80217195667797,86.80217195667797,0.1978280433220334
2023-10-08,P0010,S002,151,113.0,151.37212443057527,151.37212443057527,-0.3721244305752691
2023-10-08,P0006,S002,61,15.0,61.53014366001173,61.53014366001173,-0.5301436600117313
2023-10-08,P0014,S002,227,230.0,227.93501395758526,227.93501395758526,-0.9350139575852552
2023-10-08,P0015,S005,179,99.0,177.94554454102783,177.94554454102783,1.0544554589721713
2023-10-08,P0014,S001,80,84.0,80.17187705197873,80.17187705197873,-0.1718770519787256
2023-10-08,P0012,S002,20,89.0,19.47529005459232,19.47529005459232,0.5247099454076789
2023-10-08,P0011,S001,9,61.0,8.774068317642467,8.774068317642467,0.22593168235753325
2023-10-08,P0015,S004,239,163.0,240.26065478555395,240.26065478555395,-1.2606547855539532
2023-10-08,P0017,S004,361,94.0,361.2811746307289,361.2811746307289,-0.2811746307289127
2023-10-08,P0003,S001,365,290.0,367.92761754487117,367.92761754487117,-2.9276175448711683
2023-10-08,P0012,S003,304,23.0,302.60616206627134,302.60616206627134,1.393837933728662
2023-10-08,P0020,S003,243,281.0,241.7546746270974,241.7546746270974,1.245325372902613
2023-10-08,P0020,S004,104,115.0,103.96930066420794,103.96930066420794,0.03069933579206463
2023-10-08,P0019,S001,46,80.0,46.078023920095326,46.078023920095326,-0.0780239200953261
2023-10-08,P0016,S001,138,64.0,138.48593744290645,138.48593744290645,-0.48593744290644736
2023-10-08,P0016,S005,174,56.0,173.92000588963475,173.92000588963475,0.07999411036524862
2023-10-08,P0003,S003,47,257.0,47.450016293796665,47.450016293796665,-0.45001629379666497
2023-10-08,P0005,S002,76,262.0,75.76148770561542,75.76148770561542,0.23851229438457722
2023-10-08,P0013,S005,11,68.0,11.067943950678874,11.067943950678874,-0.06794395067887393
2023-10-08,P0015,S003,25,1.0,24.336934898092842,24.336934898092842,0.6630651019071578
2023-10-08,P0008,S001,29,93.0,28.96116125039208,28.96116125039208,0.038838749607919
2023-10-08,P0009,S002,1,186.0,0.8361673310160077,0.8361673310160077,0.1638326689839923
2023-10-08,P0006,S004,183,107.0,183.24895091035063,183.24895091035063,-0.24895091035062933
2023-10-08,P0003,S002,7,43.0,7.7325077193862315,7.7325077193862315,-0.7325077193862315
2023-10-08,P0009,S005,92,242.0,91.60885276952247,91.60885276952247,0.39114723047752875
2023-10-08,P0019,S005,236,94.0,236.47038623466102,236.47038623466102,-0.4703862346610208
2023-10-08,P0005,S001,102,5.0,101.56134546005421,101.56134546005421,0.4386545399457873
2023-10-08,P0001,S004,5,160.0,5.546879414618039,5.546879414618039,-0.5468794146180391
2023-10-08,P0009,S003,175,117.0,174.54137341242034,174.54137341242034,0.45862658757965846
2023-10-08,P0006,S005,103,62.0,102.45722206722215,102.45722206722215,0.5427779327778524
2023-10-08,P0008,S005,151,52.0,150.74760405781691,150.74760405781691,0.25239594218308525
2023-10-08,P0007,S001,322,58.0,323.91287899387345,323.91287899387345,-1.9128789938734485
2023-10-08,P0016,S004,30,237.0,30.097988156260826,30.097988156260826,-0.09798815626082558
2023-10-08,P0012,S004,37,185.0,36.906649814396694,36.906649814396694,0.0933501856033061
2023-10-08,P0009,S001,221,101.0,220.27464184354372,220.27464184354372,0.7253581564562808
2023-10-08,P0012,S001,113,44.0,112.96990842128756,112.96990842128756,0.030091578712443834
2023-10-08,P0011,S005,148,103.0,147.83710621911737,147.83710621911737,0.16289378088262652
2023-10-08,P0010,S001,50,97.0,50.026445327557106,50.026445327557106,-0.026445327557105713
2023-10-08,P0003,S004,266,29.0,265.8723472334736,265.8723472334736,0.12765276652640978
2023-10-09,P0019,S004,19,87.0,19.532019042176138,19.532019042176138,-0.5320190421761382
2023-10-09,P0011,S004,101,190.0,100.87355875080164,100.87355875080164,0.12644124919836486
2023-10-09,P0007,S001,130,322.0,129.8675261882893,129.8675261882893,0.13247381171069605
2023-10-09,P0010,S004,239,57.0,240.22803894457604,240.22803894457604,-1.228038944576042
2023-10-09,P0009,S001,109,221.0,108.72489290785431,108.72489290785431,0.2751070921456886
2023-10-09,P0010,S003,222,80.0,223.36072036974974,223.36072036974974,-1.3607203697497425
2023-10-09,P0005,S002,23,76.0,22.79828875018744,22.79828875018744,0.20171124981256128
2023-10-09,P0017,S001,90,177.0,90.21010024622014,90.21010024622014,-0.21010024622013646
2023-10-09,P0003,S003,58,47.0,58.452709384499755,58.452709384499755,-0.4527093844997552
2023-10-09,P0014,S005,38,66.0,38.22094845113372,38.22094845113372,-0.2209484511337223
2023-10-09,P0003,S002,235,7.0,235.47557979470412,235.47557979470412,-0.4755797947041174
2023-10-09,P0001,S005,86,44.0,86.06465456663554,86.06465456663554,-0.06465456663553937
2023-10-09,P0006,S004,65,183.0,64.92687551955505,64.92687551955505,0.07312448044494602
2023-10-09,P0004,S005,80,23.0,80.28401725000622,80.28401725000622,-0.28401725000621525
2023-10-09,P0001,S001,110,24.0,109.63890032061342,109.63890032061342,0.3610996793865837
2023-10-09,P0005,S001,403,102.0,400.5316007268496,400.5316007268496,2.4683992731503963
2023-10-09,P0008,S005,187,151.0,186.53968275061192,186.53968275061192,0.4603172493880834
2023-10-09,P0013,S003,136,102.0,135.53588501960044,135.53588501960044,0.46411498039955745
2023-10-09,P0017,S005,46,107.0,46.16599427806553,46.16599427806553,-0.1659942780655328
2023-10-09,P0005,S003,81,36.0,80.24416431385879,80.24416431385879,0.7558356861412108
2023-10-09,P0009,S004,147,135.0,146.79201179947734,146.79201179947734,0.20798820052266365
2023-10-09,P0004,S003,91,73.0,90.9560813381158,90.9560813381158,0.04391866188420579
2023-10-09,P0006,S002,88,61.0,87.86467778339394,87.86467778339394,0.13532221660605614
2023-10-09,P0019,S005,273,236.0,273.42905017983566,273.42905017983566,-0.42905017983565585
2023-10-09,P0010,S001,66,50.0,66.16078092378366,66.16078092378366,-0.16078092378366193
2023-10-09,P0019,S002,285,6.0,287.7131938125326,287.7131938125326,-2.7131938125326087
2023-10-09,P0014,S003,420,54.0,417.7429413459008,417.7429413459008,2.2570586540991826
2023-10-09,P0015,S002,15,51.0,15.277052926157806,15.277052926157806,-0.27705292615780586
2023-10-09,P0011,S005,260,148.0,260.3169894735969,260.3169894735969,-0.316989473596891
2023-10-09,P0017,S003,139,61.0,139.05283658942594,139.05283658942594,-0.05283658942593661
2023-10-09,P0014,S002,287,227.0,287.19775137088163,287.19775137088163,-0.1977513708816332
2023-10-09,P0016,S005,57,174.0,56.37208755760647,56.37208755760647,0.6279124423935301
2023-10-09,P0007,S004,65,348.0,65.53516823654876,65.53516823654876,-0.5351682365487562
2023-10-09,P0004,S002,133,77.0,132.6799929984143,132.6799929984143,0.32000700158570794
2023-10-09,P0002,S005,168,179.0,167.95538457527567,167.95538457527567,0.04461542472432711
2023-10-09,P0012,S002,4,20.0,4.087453260695889,4.087453260695889,-0.08745326069588888
2023-10-09,P0011,S003,30,64.0,29.87598713361163,29.87598713361163,0.1240128663883695
2023-10-09,P0007,S005,315,73.0,312.83145597415466,312.83145597415466,2.1685440258453355
2023-10-09,P0018,S005,159,288.0,158.41703988170752,158.41703988170752,0.5829601182924762
2023-10-09,P0018,S002,272,168.0,273.59120766915595,273.59120766915595,-1.5912076691559491
2023-10-09,P0018,S004,96,68.0,95.34447114526226,95.34447114526226,0.6555288547377387
2023-10-09,P0008,S003,12,276.0,12.11074277309217,12.11074277309217,-0.11074277309216995
2023-10-09,P0020,S005,293,26.0,294.52115146303794,294.52115146303794,-1.5211514630379384
2023-10-09,P0014,S004,277,162.0,274.998797725104,274.998797725104,2.001202274896002
2023-10-09,P0013,S004,12,63.0,12.043393347319599,12.043393347319599,-0.043393347319598874
2023-10-09,P0013,S002,227,91.0,225.43808143422808,225.43808143422808,1.5619185657719186
2023-10-09,P0015,S005,194,179.0,194.39929660132017,194.39929660132017,-0.39929660132017375
2023-10-09,P0001,S002,224,55.0,224.9541348643742,224.9541348643742,-0.9541348643741969
2023-10-09,P0009,S003,93,175.0,92.8077077758695,92.8077077758695,0.1922922241304974
2023-10-09,P0013,S001,77,270.0,77.28827223245037,77.28827223245037,-0.2882722324503675
2023-10-09,P0014,S001,46,80.0,45.4990655560429,45.4990655560429,0.5009344439570995
2023-10-09,P0004,S001,88,57.0,87.7302694295503,87.7302694295503,0.2697305704496955
2023-10-09,P0015,S004,140,239.0,139.23919936760245,139.23919936760245,0.7608006323975474
2023-10-09,P0015,S001,114,95.0,113.62761946389676,113.62761946389676,0.3723805361032362
2023-10-09,P0006,S001,241,133.0,241.46157477476882,241.46157477476882,-0.46157477476882036
2023-10-09,P0012,S003,31,304.0,30.939548827468343,30.939548827468343,0.060451172531656994
2023-10-09,P0002,S004,18,86.0,18.008983595552554,18.008983595552554,-0.00898359555255368
2023-10-09,P0013,S005,53,11.0,52.28460627533146,52.28460627533146,0.7153937246685373
2023-10-09,P0006,S005,251,103.0,249.891396993408,249.891396993408,1.1086030065920056
2023-10-09,P0020,S004,127,104.0,127.48423065710351,127.48423065710351,-0.48423065710350954
2023-10-09,P0020,S003,17,243.0,17.047318222814425,17.047318222814425,-0.047318222814425326
2023-10-09,P0016,S004,156,30.0,156.49102498471407,156.49102498471407,-0.4910249847140733
2023-10-09,P0005,S005,96,39.0,95.73727898301154,95.73727898301154,0.26272101698846484
2023-10-09,P0003,S001,92,365.0,92.00657893765097,92.00657893765097,-0.006578937650971284
2023-10-09,P0019,S003,18,65.0,17.13621499988762,17.13621499988762,0.8637850001123795
2023-10-09,P0001,S003,73,131.0,73.03871404045803,73.03871404045803,-0.03871404045803217
2023-10-09,P0008,S004,210,2.0,210.43740666943793,210.43740666943793,-0.4374066694379337
2023-10-09,P0007,S003,18,198.0,17.428306188927326,17.428306188927326,0.5716938110726737
2023-10-09,P0017,S004,18,361.0,17.444745580459568,17.444745580459568,0.5552544195404323
2023-10-09,P0008,S002,52,27.0,51.664481590958836,51.664481590958836,0.33551840904116403
2023-10-09,P0017,S002,32,6.0,32.31268510810685,32.31268510810685,-0.312685108106848
2023-10-09,P0001,S004,130,5.0,129.21534374386866,129.21534374386866,0.7846562561313419
2023-10-09,P0020,S001,49,405.0,49.05437815475806,49.05437815475806,-0.05437815475806218
2023-10-09,P0006,S003,59,26.0,59.29687465020662,59.29687465020662,-0.2968746502066182
2023-10-09,P0003,S005,428,467.0,429.7618534241685,429.7618534241685,-1.761853424168521
2023-10-09,P0020,S002,60,27.0,60.18599918892576,60.18599918892576,-0.18599918892576284
2023-10-09,P0010,S005,113,9.0,112.52504635064174,112.52504635064174,0.47495364935825535
2023-10-09,P0019,S001,177,46.0,177.87391628345196,177.87391628345196,-0.8739162834519618
2023-10-09,P0004,S004,231,67.0,232.25842248959816,232.25842248959816,-1.2584224895981606
2023-10-09,P0015,S003,31,25.0,31.694956927746542,31.694956927746542,-0.6949569277465422
2023-10-09,P0009,S002,389,1.0,388.74697285417733,388.74697285417733,0.2530271458226707
2023-10-09,P0002,S002,25,6.0,25.52061509506046,25.52061509506046,-0.5206150950604602
2023-10-09,P0002,S003,69,46.0,69.43684450059662,69.43684450059662,-0.43684450059662083
2023-10-09,P0011,S001,52,9.0,51.99671649183505,51.99671649183505,0.0032835081649480458
2023-10-09,P0010,S002,35,151.0,34.139865517894,34.139865517894,0.8601344821059982
2023-10-09,P0012,S001,239,113.0,238.01127546841974,238.01127546841974,0.9887245315802602
2023-10-09,P0008,S001,27,29.0,27.149220094193804,27.149220094193804,-0.14922009419380444
2023-10-09,P0005,S004,115,141.0,115.61580967737444,115.61580967737444,-0.6158096773744433
2023-10-09,P0009,S005,120,92.0,119.7466023781958,119.7466023781958,0.2533976218041971
2023-10-09,P0018,S001,18,318.0,17.884446712840735,17.884446712840735,0.1155532871592655
2023-10-09,P0016,S001,135,138.0,134.97976715003162,134.97976715003162,0.02023284996838015
2023-10-09,P0007,S002,76,140.0,76.0821820355795,76.0821820355795,-0.08218203557950687
2023-10-09,P0002,S001,299,135.0,299.4263808724138,299.4263808724138,-0.4263808724138016
2023-10-09,P0012,S005,32,131.0,31.720820065769082,31.720820065769082,0.2791799342309176
2023-10-09,P0003,S004,4,266.0,4.132848242108604,4.132848242108604,-0.13284824210860435
2023-10-09,P0016,S002,23,111.0,23.627790155368334,23.627790155368334,-0.6277901553683343
2023-10-09,P0012,S004,50,37.0,50.083446660762554,50.083446660762554,-0.08344666076255436
2023-10-09,P0016,S003,26,65.0,26.504611789681352,26.504611789681352,-0.504611789681352
2023-10-09,P0018,S003,54,374.0,54.26280846764201,54.26280846764201,-0.26280846764201016
2023-10-09,P0011,S002,96,81.0,96.30445287439353,96.30445287439353,-0.3044528743935331
2023-10-10,P0006,S005,136,251.0,135.90454723634147,135.90454723634147,0.09545276365852828
2023-10-10,P0006,S004,216,65.0,215.5968471603129,215.5968471603129,0.40315283968709537
2023-10-10,P0013,S005,9,53.0,8.935970749754194,8.935970749754194,0.06402925024580597
2023-10-10,P0019,S001,116,177.0,115.49871836341987,115.49871836341987,0.5012816365801314
2023-10-10,P0012,S003,15,31.0,14.273997810199504,14.273997810199504,0.7260021898004965
2023-10-10,P0002,S002,171,25.0,170.68567115842168,170.68567115842168,0.3143288415783161
2023-10-10,P0006,S001,59,241.0,59.4007725057441,59.4007725057441,-0.4007725057441007
2023-10-10,P0005,S004,352,115.0,350.23720314386725,350.23720314386725,1.762796856132752
2023-10-10,P0012,S004,271,50.0,270.99215608931115,270.99215608931115,0.007843910688848155
2023-10-10,P0016,S005,61,57.0,61.45736822408535,61.45736822408535,-0.45736822408535005
2023-10-10,P0008,S003,131,12.0,130.49663312011938,130.49663312011938,0.5033668798806161
2023-10-10,P0004,S001,19,88.0,18.78085941906005,18.78085941906005,0.21914058093994981
2023-10-10,P0016,S001,145,135.0,144.1017028138075,144.1017028138075,0.898297186192508
2023-10-10,P0018,S001,205,18.0,205.05593270161035,205.05593270161035,-0.05593270161034525
2023-10-10,P0007,S004,171,65.0,170.74644612089952,170.74644612089952,0.25355387910047966
2023-10-10,P0002,S005,165,168.0,164.57179300493544,164.57179300493544,0.4282069950645564
2023-10-10,P0008,S001,172,27.0,173.35962649708918,173.35962649708918,-1.359626497089181
2023-10-10,P0020,S001,70,49.0,69.56097113389521,69.56097113389521,0.43902886610479186
2023-10-10,P0016,S004,198,156.0,196.78035065199646,196.78035065199646,1.2196493480035429
2023-10-10,P0020,S004,98,127.0,98.26027907474678,98.26027907474678,-0.2602790747467765
2023-10-10,P0019,S003,309,18.0,307.94168695760476,307.94168695760476,1.0583130423952412
2023-10-10,P0013,S001,117,77.0,117.02400972698712,117.02400972698712,-0.02400972698711712
2023-10-10,P0010,S005,349,113.0,350.7394432083766,350.7394432083766,-1.7394432083765992
2023-10-10,P0014,S004,32,277.0,32.041710270825355,32.041710270825355,-0.04171027082535517
2023-10-10,P0018,S002,133,272.0,132.65545305824986,132.65545305824986,0.34454694175013856
2023-10-10,P0011,S001,397,52.0,399.7565310133611,399.7565310133611,-2.756531013361098
2023-10-10,P0007,S005,132,315.0,131.93248758444432,131.93248758444432,0.06751241555568299
2023-10-10,P0015,S004,315,140.0,316.45162272402524,316.45162272402524,-1.451622724025242
2023-10-10,P0013,S004,64,12.0,64.0075455754665,64.0075455754665,-0.00754557546649437
2023-10-10,P0018,S005,5,159.0,4.737980440941635,4.737980440941635,0.2620195590583654
2023-10-10,P0016,S003,82,26.0,81.77772731431403,81.77772731431403,0.22227268568596514
2023-10-10,P0015,S005,183,194.0,181.75526004596304,181.75526004596304,1.2447399540369588
2023-10-10,P0011,S003,56,30.0,56.699870383017576,56.699870383017576,-0.6998703830175756
2023-10-10,P0012,S002,69,4.0,69.36591075406177,69.36591075406177,-0.36591075406177254
2023-10-10,P0013,S002,67,227.0,66.9773873257493,66.9773873257493,0.02261267425069491
2023-10-10,P0001,S002,191,224.0,191.64631518768272,191.64631518768272,-0.6463151876827169
2023-10-10,P0002,S003,134,69.0,133.3318854041033,133.3318854041033,0.6681145958966965
2023-10-10,P0015,S001,138,114.0,137.9540356326218,137.9540356326218,0.04596436737818976
2023-10-10,P0009,S003,130,93.0,130.0927559934039,130.0927559934039,-0.09275599340389817
2023-10-10,P0014,S001,90,46.0,89.8490760818855,89.8490760818855,0.15092391811450057
2023-10-10,P0011,S002,218,96.0,219.0245083980704,219.0245083980704,-1.0245083980703953
2023-10-10,P0007,S003,135,18.0,135.50468439312252,135.50468439312252,-0.5046843931225169
2023-10-10,P0004,S004,98,231.0,98.02031518952661,98.02031518952661,-0.020315189526613153
2023-10-10,P0017,S004,24,18.0,24.336573485795924,24.336573485795924,-0.33657348579592394
2023-10-10,P0003,S001,271,92.0,270.8883508623822,270.8883508623822,0.11164913761780326
2023-10-10,P0004,S002,231,133.0,231.65695370402932,231.65695370402932,-0.6569537040293199
2023-10-10,P0001,S003,26,73.0,26.448486138152724,26.448486138152724,-0.44848613815272387
2023-10-10,P0018,S004,129,96.0,128.6828338018285,128.6828338018285,0.31716619817149194
2023-10-10,P0007,S001,108,130.0,107.68925922945945,107.68925922945945,0.31074077054054783
2023-10-10,P0007,S002,18,76.0,17.89740696970294,17.89740696970294,0.10259303029706146
2023-10-10,P0006,S003,15,59.0,15.1551802333298,15.1551802333298,-0.15518023332979958
2023-10-10,P0017,S002,39,32.0,38.66178226501834,38.66178226501834,0.3382177349816615
2023-10-10,P0008,S002,92,52.0,91.51696950334426,91.51696950334426,0.4830304966557435
2023-10-10,P0003,S003,19,58.0,18.305215728288847,18.305215728288847,0.6947842717111534
2023-10-10,P0020,S002,45,60.0,45.39766877364595,45.39766877364595,-0.39766877364594677
2023-10-10,P0015,S003,255,31.0,256.1015751770699,256.1015751770699,-1.1015751770698898
2023-10-10,P0009,S001,208,109.0,208.7328297397376,208.7328297397376,-0.7328297397376105
2023-10-10,P0004,S005,267,80.0,267.6056117724953,267.6056117724953,-0.6056117724953083
2023-10-10,P0009,S005,36,120.0,35.94729014774618,35.94729014774618,0.05270985225381963
2023-10-10,P0017,S003,158,139.0,157.9043543989807,157.9043543989807,0.09564560101929942
2023-10-10,P0016,S002,54,23.0,54.35201532991979,54.35201532991979,-0.35201532991978723
2023-10-10,P0015,S002,153,15.0,152.7310732650486,152.7310732650486,0.26892673495140684
2023-10-10,P0003,S004,73,4.0,73.00883707631192,73.00883707631192,-0.0088370763119201
2023-10-10,P0014,S002,283,287.0,281.8396146447309,281.8396146447309,1.1603853552691135
2023-10-10,P0001,S005,317,86.0,317.084225500029,317.084225500029,-0.08422550002899243
2023-10-10,P0017,S001,102,90.0,102.42352124666336,102.42352124666336,-0.42352124666335556
2023-10-10,P0011,S005,90,260.0,89.8091146747022,89.8091146747022,0.1908853252977991
2023-10-10,P0019,S005,273,273.0,272.71270909118283,272.71270909118283,0.28729090881716957
2023-10-10,P0010,S002,97,35.0,97.4664481919556,97.4664481919556,-0.4664481919556067
2023-10-10,P0003,S005,137,428.0,137.29637410246175,137.29637410246175,-0.2963741024617548
2023-10-10,P0017,S005,40,46.0,40.108998143642324,40.108998143642324,-0.10899814364232441
2023-10-10,P0010,S001,383,66.0,379.4640849823123,379.4640849823123,3.535915017687728
2023-10-10,P0006,S002,23,88.0,22.904199321730008,22.904199321730008,0.09580067826999183
2023-10-10,P0019,S002,151,285.0,150.7007566959035,150.7007566959035,0.2992433040965068
2023-10-10,P0008,S005,255,187.0,253.49156455776813,253.49156455776813,1.508435442231871
2023-10-10,P0009,S004,220,147.0,218.809500540604,218.809500540604,1.190499459395994
2023-10-10,P0014,S003,35,420.0,35.08977224718477,35.08977224718477,-0.08977224718476862
2023-10-10,P0009,S002,12,389.0,12.59272565337621,12.59272565337621,-0.5927256533762097
2023-10-10,P0001,S001,32,110.0,31.56095446607385,31.56095446607385,0.4390455339261514
2023-10-10,P0005,S003,142,81.0,142.20384304798228,142.20384304798228,-0.20384304798227504
2023-10-10,P0002,S001,101,299.0,101.07399286598881,101.07399286598881,-0.0739928659888136
2023-10-10,P0018,S003,230,54.0,231.14682039372454,231.14682039372454,-1.1468203937245391
2023-10-10,P0005,S005,40,96.0,39.94134794439394,39.94134794439394,0.05865205560606057
2023-10-10,P0020,S003,74,17.0,74.2405770951899,74.2405770951899,-0.24057709518990578
2023-10-10,P0003,S002,183,235.0,182.38691577752107,182.38691577752107,0.6130842224789319
2023-10-10,P0010,S004,37,239.0,37.533819926831505,37.533819926831505,-0.5338199268315051
2023-10-10,P0005,S002,101,23.0,100.50562117076025,100.50562117076025,0.49437882923974996
2023-10-10,P0020,S005,49,293.0,49.18086997263917,49.18086997263917,-0.18086997263917226
2023-10-10,P0011,S004,268,101.0,266.8173070830795,266.8173070830795,1.1826929169204732
2023-10-10,P0010,S003,163,222.0,162.06733400307417,162.06733400307417,0.9326659969258344
2023-10-10,P0012,S005,162,32.0,162.48445520591383,162.48445520591383,-0.4844552059138323
2023-10-10,P0012,S001,70,239.0,69.83361792666412,69.83361792666412,0.16638207333588184
2023-10-10,P0019,S004,49,19.0,48.8364749190851,48.8364749190851,0.16352508091490137
2023-10-10,P0002,S004,37,18.0,37.67360999418517,37.67360999418517,-0.6736099941851705
2023-10-10,P0013,S003,215,136.0,215.15567006709034,215.15567006709034,-0.15567006709034104
2023-10-10,P0004,S003,36,91.0,36.4177771050924,36.4177771050924,-0.41777710509239796
2023-10-10,P0005,S001,33,403.0,32.64677540917075,32.64677540917075,0.3532245908292495
2023-10-10,P0014,S005,220,38.0,218.8159252222879,218.8159252222879,1.1840747777121123
2023-10-10,P0001,S004,80,130.0,81.1156344463748,81.1156344463748,-1.1156344463747985
2023-10-10,P0008,S004,60,210.0,60.1597408252567,60.1597408252567,-0.15974082525669786
2023-10-11,P0010,S001,74,383.0,74.81599110221848,74.81599110221848,-0.8159911022184758
2023-10-11,P0020,S001,73,70.0,72.59365327232572,72.59365327232572,0.4063467276742756
2023-10-11,P0001,S001,17,32.0,17.518622702581446,17.518622702581446,-0.518622702581446
2023-10-11,P0013,S002,346,67.0,346.22410619871215,346.22410619871215,-0.22410619871214976
2023-10-11,P0009,S003,36,130.0,36.363254402448014,36.363254402448014,-0.363254402448014
2023-10-11,P0013,S004,10,64.0,8.92574334771614,8.92574334771614,1.0742566522838608
2023-10-11,P0020,S005,3,49.0,3.6002798866356427,3.6002798866356427,-0.6002798866356427
2023-10-11,P0013,S005,20,9.0,20.241140520923025,20.241140520923025,-0.2411405209230253
2023-10-11,P0015,S005,13,183.0,11.798568895865763,11.798568895865763,1.2014311041342367
2023-10-11,P0010,S005,186,349.0,185.55875120094922,185.55875120094922,0.44124879905078274
2023-10-11,P0014,S004,70,32.0,69.74533013327436,69.74533013327436,0.2546698667256351
2023-10-11,P0008,S001,227,172.0,228.72015166301267,228.72015166301267,-1.7201516630126719
2023-10-11,P0001,S002,38,191.0,38.280115375187904,38.280115375187904,-0.2801153751879042
2023-10-11,P0014,S001,110,90.0,110.77491641058349,110.77491641058349,-0.7749164105834865
2023-10-11,P0018,S003,45,230.0,44.29073574256942,44.29073574256942,0.7092642574305827
2023-10-11,P0012,S001,99,70.0,99.3959267533293,99.3959267533293,-0.3959267533293058
2023-10-11,P0017,S002,216,39.0,216.39438397320157,216.39438397320157,-0.39438397320157037
2023-10-11,P0005,S005,84,40.0,84.64659605147511,84.64659605147511,-0.6465960514751146
2023-10-11,P0003,S004,371,73.0,372.3907200100257,372.3907200100257,-1.3907200100256887
2023-10-11,P0006,S004,196,216.0,197.10783836343796,197.10783836343796,-1.1078383634379634
2023-10-11,P0008,S003,263,131.0,264.12773942931193,264.12773942931193,-1.12773942931193
2023-10-11,P0020,S003,107,74.0,106.69341969157887,106.69341969157887,0.3065803084211325
2023-10-11,P0004,S003,115,36.0,115.39314232539188,115.39314232539188,-0.393142325391878
2023-10-11,P0014,S005,75,220.0,75.83266817925934,75.83266817925934,-0.8326681792593433
2023-10-11,P0016,S004,133,198.0,132.4638894991409,132.4638894991409,0.5361105008591096
2023-10-11,P0019,S002,383,151.0,382.274777682161,382.274777682161,0.725222317838984
2023-10-11,P0011,S001,149,397.0,149.88057504438834,149.88057504438834,-0.8805750443883369
2023-10-11,P0012,S004,20,271.0,20.075098962798045,20.075098962798045,-0.07509896279804451
2023-10-11,P0013,S001,96,117.0,96.18689596761017,96.18689596761017,-0.18689596761016958
2023-10-11,P0017,S003,21,158.0,20.836116894454737,20.836116894454737,0.16388310554526342
2023-10-11,P0005,S004,72,352.0,71.85557046903388,71.85557046903388,0.14442953096612143
2023-10-11,P0018,S004,60,129.0,59.428083786913135,59.428083786913135,0.5719162130868654
2023-10-11,P0014,S002,168,283.0,168.75239781016856,168.75239781016856,-0.75239781016856
2023-10-11,P0004,S002,45,231.0,45.20373348400719,45.20373348400719,-0.20373348400718783
2023-10-11,P0011,S005,458,90.0,454.51424696497975,454.51424696497975,3.4857530350202524
2023-10-11,P0010,S002,101,97.0,101.09070355254646,101.09070355254646,-0.0907035525464579
2023-10-11,P0007,S001,144,108.0,143.73208371604105,143.73208371604105,0.2679162839589537
2023-10-11,P0011,S002,89,218.0,88.798032384031,88.798032384031,0.20196761596899648
2023-10-11,P0009,S001,198,208.0,197.84274456610981,197.84274456610981,0.15725543389018526
2023-10-11,P0002,S005,145,165.0,145.3847577574777,145.3847577574777,-0.3847577574777006
2023-10-11,P0019,S003,107,309.0,106.45514767445735,106.45514767445735,0.5448523255426494
2023-10-11,P0007,S002,212,18.0,211.64963204303947,211.64963204303947,0.35036795696052536
2023-10-11,P0019,S001,37,116.0,36.72232041644837,36.72232041644837,0.277679583551631
2023-10-11,P0001,S005,142,317.0,142.1108266408549,142.1108266408549,-0.11082664085489569
2023-10-11,P0016,S005,82,61.0,82.89409496580276,82.89409496580276,-0.8940949658027648
2023-10-11,P0016,S001,186,145.0,186.40748727621332,186.40748727621332,-0.4074872762133168
2023-10-11,P0019,S005,90,273.0,90.70697975916535,90.70697975916535,-0.7069797591653497
2023-10-11,P0009,S002,54,12.0,53.628039594515855,53.628039594515855,0.37196040548414544
2023-10-11,P0020,S004,122,98.0,122.1787743233103,122.1787743233103,-0.17877432331029297
2023-10-11,P0006,S005,203,136.0,202.67113775062865,202.67113775062865,0.32886224937135466
2023-10-11,P0014,S003,5,35.0,5.048421199060402,5.048421199060402,-0.04842119906040221
2023-10-11,P0002,S002,271,171.0,272.19242819430434,272.19242819430434,-1.192428194304341
2023-10-11,P0006,S001,46,59.0,46.39279228971235,46.39279228971235,-0.3927922897123466
2023-10-11,P0015,S002,52,153.0,52.190932765685574,52.190932765685574,-0.1909327656855737
2023-10-11,P0009,S004,56,220.0,55.47004053691284,55.47004053691284,0.5299594630871596
2023-10-11,P0004,S001,48,19.0,48.04024582160162,48.04024582160162,-0.04024582160162282
2023-10-11,P0018,S001,46,205.0,46.18695447091184,46.18695447091184,-0.18695447091184292
2023-10-11,P0007,S004,158,171.0,157.61970242058777,157.61970242058777,0.38029757941222897
2023-10-11,P0005,S001,126,33.0,125.16622765377565,125.16622765377565,0.8337723462243503
2023-10-11,P0005,S003,170,142.0,170.5416095827459,170.5416095827459,-0.541609582745906
2023-10-11,P0017,S001,371,102.0,368.814694656714,368.814694656714,2.185305343286018
2023-10-11,P0003,S003,19,19.0,19.302461705626598,19.302461705626598,-0.30246170562659813
2023-10-11,P0019,S004,369,49.0,370.67108283981173,370.67108283981173,-1.6710828398117314
2023-10-11,P0010,S003,288,163.0,287.76874989255964,287.76874989255964,0.2312501074403599
2023-10-11,P0002,S001,36,101.0,35.1657279680436,35.1657279680436,0.8342720319564023
2023-10-11,P0004,S005,50,267.0,49.65839317634564,49.65839317634564,0.34160682365435946
2023-10-11,P0015,S003,90,255.0,90.20126564011125,90.20126564011125,-0.20126564011124515
2023-10-11,P0012,S003,55,15.0,55.092939602409835,55.092939602409835,-0.09293960240983523
2023-10-11,P0010,S004,226,37.0,226.24246594987557,226.24246594987557,-0.2424659498755659
2023-10-11,P0008,S004,86,60.0,85.7330343342653,85.7330343342653,0.26696566573470193
2023-10-11,P0011,S004,90,268.0,89.75289306446666,89.75289306446666,0.2471069355333384
2023-10-11,P0003,S005,321,137.0,321.68133243227817,321.68133243227817,-0.6813324322781682
2023-10-11,P0006,S002,245,23.0,244.57265022595254,244.57265022595254,0.4273497740474568
2023-10-11,P0003,S002,185,183.0,184.76001738201555,184.76001738201555,0.23998261798445242
2023-10-11,P0001,S003,67,26.0,67.14794821190787,67.14794821190787,-0.14794821190787388
2023-10-11,P0018,S002,207,133.0,207.6744113795818,207.6744113795818,-0.6744113795818123
2023-10-11,P0007,S005,19,132.0,18.853346322071275,18.853346322071275,0.1466536779287253
2023-10-11,P0015,S004,48,315.0,47.86129994417328,47.86129994417328,0.13870005582671752
2023-10-11,P0006,S003,74,15.0,74.11927830523332,74.11927830523332,-0.11927830523332261
2023-10-11,P0018,S005,182,5.0,181.01886082827957,181.01886082827957,0.9811391717204287
2023-10-11,P0013,S003,31,215.0,30.857321327410766,30.857321327410766,0.14267867258923417
2023-10-11,P0012,S002,135,69.0,134.13446371967453,134.13446371967453,0.8655362803254718
2023-10-11,P0011,S003,68,56.0,68.58922902523747,68.58922902523747,-0.5892290252374721
2023-10-11,P0016,S003,27,82.0,26.78448369377186,26.78448369377186,0.2155163062281389
2023-10-11,P0001,S004,67,80.0,67.16228527950317,67.16228527950317,-0.16228527950316618
2023-10-11,P0002,S004,393,37.0,395.55563554917904,395.55563554917904,-2.555635549179044
2023-10-11,P0005,S002,134,101.0,134.15772283144437,134.15772283144437,-0.15772283144437438
2023-10-11,P0009,S005,96,36.0,96.21583471767826,96.21583471767826,-0.21583471767826268
2023-10-11,P0002,S003,31,134.0,30.448558136969318,30.448558136969318,0.5514418630306821
2023-10-11,P0016,S002,233,54.0,234.25144189470512,234.25144189470512,-1.251441894705124
2023-10-11,P0015,S001,51,138.0,51.40936415805505,51.40936415805505,-0.4093641580550482
2023-10-11,P0020,S002,165,45.0,165.88343219815087,165.88343219815087,-0.8834321981508708
2023-10-11,P0008,S005,46,255.0,46.03379093213494,46.03379093213494,-0.03379093213494144
2023-10-11,P0017,S005,316,40.0,317.1420435022354,317.1420435022354,-1.142043502235424
2023-10-11,P0017,S004,30,24.0,29.768692381120147,29.768692381120147,0.2313076188798533
2023-10-11,P0003,S001,23,271.0,23.435972620573104,23.435972620573104,-0.4359726205731036
2023-10-11,P0007,S003,199,135.0,199.5112581449967,199.5112581449967,-0.5112581449967024
2023-10-11,P0004,S004,358,98.0,360.26927310343814,360.26927310343814,-2.269273103438138
2023-10-11,P0012,S005,76,162.0,76.01061798557484,76.01061798557484,-0.010617985574839395
2023-10-11,P0008,S002,466,92.0,466.4843744454448,466.4843744454448,-0.48437444544481423
2023-10-12,P0019,S002,55,383.0,55.22393067681075,55.22393067681075,-0.22393067681075252
2023-10-12,P0019,S005,56,90.0,55.39897290186333,55.39897290186333,0.6010270981366688
2023-10-12,P0014,S003,11,5.0,11.641077661430364,11.641077661430364,-0.6410776614303639
2023-10-12,P0020,S001,263,73.0,263.3498594180461,263.3498594180461,-0.3498594180460941
2023-10-12,P0009,S002,182,54.0,181.77316059392902,181.77316059392902,0.22683940607097952
2023-10-12,P0017,S002,135,216.0,135.18981088077578,135.18981088077578,-0.1898108807757808
2023-10-12,P0014,S002,130,168.0,129.50392377583137,129.50392377583137,0.4960762241686325
2023-10-12,P0020,S002,375,165.0,373.243373820676,373.243373820676,1.7566261793239732
2023-10-12,P0009,S005,20,96.0,20.049508033546402,20.049508033546402,-0.04950803354640243
2023-10-12,P0009,S001,383,198.0,383.67795978015323,383.67795978015323,-0.6779597801532304
2023-10-12,P0002,S005,153,145.0,152.7044443067378,152.7044443067378,0.29555569326220166
2023-10-12,P0012,S002,242,135.0,242.58873081031072,242.58873081031072,-0.5887308103107216
2023-10-12,P0007,S004,1,158.0,0.7288672796319411,0.7288672796319411,0.2711327203680589
2023-10-12,P0019,S003,60,107.0,59.968792494325406,59.968792494325406,0.03120750567459396
2023-10-12,P0014,S004,302,70.0,300.1450731912671,300.1450731912671,1.8549268087328983
2023-10-12,P0011,S003,213,68.0,212.4778981493739,212.4778981493739,0.5221018506260862
2023-10-12,P0013,S002,32,346.0,32.225375469996926,32.225375469996926,-0.22537546999692637
2023-10-12,P0016,S003,165,27.0,164.44068470083727,164.44068470083727,0.5593152991627335
2023-10-12,P0020,S005,85,3.0,84.62657150140465,84.62657150140465,0.3734284985953451
2023-10-12,P0008,S002,58,466.0,57.938569986315024,57.938569986315024,0.06143001368497636
2023-10-12,P0008,S001,121,227.0,120.79887981713301,120.79887981713301,0.20112018286698685
2023-10-12,P0011,S002,84,89.0,83.44136301124051,83.44136301124051,0.5586369887594884
2023-10-12,P0004,S004,73,358.0,72.79175409388175,72.79175409388175,0.20824590611825045
2023-10-12,P0017,S004,12,30.0,11.644312719434796,11.644312719434796,0.3556872805652045
2023-10-12,P0007,S005,61,19.0,61.0086360866477,61.0086360866477,-0.008636086647697994
2023-10-12,P0001,S002,227,38.0,226.38587828452927,226.38587828452927,0.6141217154707306
2023-10-12,P0005,S002,72,134.0,72.11750631808697,72.11750631808697,-0.1175063180869671
2023-10-12,P0016,S001,349,186.0,349.6938973935486,349.6938973935486,-0.6938973935485819
2023-10-12,P0005,S004,65,72.0,65.19194762203635,65.19194762203635,-0.19194762203635207
2023-10-12,P0002,S002,15,271.0,14.257545322859608,14.257545322859608,0.7424546771403921
2023-10-12,P0016,S004,271,133.0,272.52461980948027,272.52461980948027,-1.5246198094802708
2023-10-12,P0006,S005,76,203.0,76.240891154639,76.240891154639,-0.24089115463900157
2023-10-12,P0009,S004,45,56.0,44.81040409841299,44.81040409841299,0.1895959015870119
2023-10-12,P0016,S005,96,82.0,95.37822742494929,95.37822742494929,0.6217725750507128
2023-10-12,P0015,S005,108,13.0,107.98962579058146,107.98962579058146,0.0103742094185435
2023-10-12,P0012,S001,105,99.0,104.60990146697156,104.60990146697156,0.39009853302843567
2023-10-12,P0001,S005,42,142.0,42.45018970027968,42.45018970027968,-0.4501897002796795
2023-10-12,P0014,S001,397,110.0,393.9133794986936,393.9133794986936,3.086620501306413
2023-10-12,P0019,S004,380,369.0,382.72466092395274,382.72466092395274,-2.72466092395274
2023-10-12,P0004,S003,279,115.0,279.6613376738746,279.6613376738746,-0.6613376738745842
2023-10-12,P0002,S001,153,36.0,153.0475292497827,153.0475292497827,-0.04752924978271267
2023-10-12,P0010,S004,180,226.0,180.90275154788168,180.90275154788168,-0.9027515478816781
2023-10-12,P0018,S001,93,46.0,93.06556314678845,93.06556314678845,-0.06556314678844899
2023-10-12,P0003,S002,37,185.0,37.08452842260615,37.08452842260615,-0.08452842260614801
2023-10-12,P0013,S003,291,31.0,289.66134200871005,289.66134200871005,1.3386579912899492
2023-10-12,P0003,S004,357,371.0,358.63950612268195,358.63950612268195,-1.6395061226819507
2023-10-12,P0003,S003,351,19.0,349.11402496903895,349.11402496903895,1.885975030961049
2023-10-12,P0012,S003,404,55.0,407.2243506980082,407.2243506980082,-3.224350698008209
2023-10-12,P0010,S003,295,288.0,294.00499061912916,294.00499061912916,0.9950093808708402
2023-10-12,P0017,S001,148,371.0,148.79339965787491,148.79339965787491,-0.7933996578749145
2023-10-12,P0006,S001,364,46.0,362.65054916293866,362.65054916293866,1.3494508370613403
2023-10-12,P0004,S001,119,48.0,118.30953182514922,118.30953182514922,0.6904681748507784
2023-10-12,P0020,S004,68,122.0,68.00600732767465,68.00600732767465,-0.006007327674652174
2023-10-12,P0001,S003,79,67.0,79.5842364252318,79.5842364252318,-0.5842364252317935
2023-10-12,P0009,S003,26,36.0,26.29051368302924,26.29051368302924,-0.2905136830292392
2023-10-12,P0003,S001,50,23.0,49.49110615820563,49.49110615820563,0.508893841794368
2023-10-12,P0005,S003,231,170.0,230.9433385768661,230.9433385768661,0.0566614231339031
2023-10-12,P0015,S001,207,51.0,207.36358613975997,207.36358613975997,-0.363586139759974
2023-10-12,P0018,S005,136,182.0,136.55956030386903,136.55956030386903,-0.5595603038690342
2023-10-12,P0015,S004,89,48.0,88.66043716335908,88.66043716335908,0.3395628366409227
2023-10-12,P0018,S002,42,207.0,43.201273858768566,43.201273858768566,-1.201273858768566
2023-10-12,P0007,S003,130,199.0,129.7850094793032,129.7850094793032,0.21499052069680147
2023-10-12,P0013,S004,104,10.0,104.3892109668964,104.3892109668964,-0.38921096689639967
2023-10-12,P0013,S005,51,20.0,50.54140410157174,50.54140410157174,0.458595898428257
2023-10-12,P0018,S004,96,60.0,95.67476613339899,95.67476613339899,0.3252338666010104
2023-10-12,P0007,S001,131,144.0,130.12977192610288,130.12977192610288,0.870228073897124
2023-10-12,P0011,S004,35,90.0,35.250306933480594,35.250306933480594,-0.2503069334805943
2023-10-12,P0004,S002,110,45.0,110.57681563333722,110.57681563333722,-0.576815633337219
2023-10-12,P0005,S001,49,126.0,48.798673751444326,48.798673751444326,0.20132624855567371
2023-10-12,P0004,S005,26,50.0,25.14243838827106,25.14243838827106,0.85756161172894
2023-10-12,P0010,S002,117,101.0,117.77359297440479,117.77359297440479,-0.7735929744047922
2023-10-12,P0018,S003,37,45.0,36.648229363135336,36.648229363135336,0.35177063686466425
2023-10-12,P0011,S001,102,149.0,101.82717603476895,101.82717603476895,0.17282396523104637
2023-10-12,P0012,S004,200,20.0,199.5860669219569,199.5860669219569,0.413933078043101
2023-10-12,P0010,S005,151,186.0,151.54058612695107,151.54058612695107,-0.5405861269510694
2023-10-12,P0006,S003,58,74.0,58.51377721387614,58.51377721387614,-0.5137772138761392
2023-10-12,P0019,S001,234,37.0,233.6986990029016,233.6986990029016,0.3013009970983944
2023-10-12,P0007,S002,163,212.0,162.38877603085467,162.38877603085467,0.6112239691453283
2023-10-12,P0006,S002,123,245.0,122.94609270948108,122.94609270948108,0.05390729051892151
2023-10-12,P0002,S003,221,31.0,222.1557922190465,222.1557922190465,-1.1557922190465035
2023-10-12,P0002,S004,197,393.0,196.11092531340867,196.11092531340867,0.8890746865913286
2023-10-12,P0008,S004,66,86.0,65.95373984756712,65.95373984756712,0.046260152432878954
2023-10-12,P0015,S003,183,90.0,182.70792412207783,182.70792412207783,0.2920758779221728
2023-10-12,P0001,S004,2,67.0,1.6683578697322223,1.6683578697322223,0.33164213026777767
2023-10-12,P0003,S005,99,321.0,99.46587190611389,99.46587190611389,-0.4658719061138896
2023-10-12,P0012,S005,30,76.0,29.485027687591298,29.485027687591298,0.5149723124087018
2023-10-12,P0016,S002,396,233.0,395.5678411721886,395.5678411721886,0.43215882781140635
2023-10-12,P0017,S005,136,316.0,135.53326834692308,135.53326834692308,0.4667316530769199
2023-10-12,P0008,S005,15,46.0,15.324385862580405,15.324385862580405,-0.3243858625804048
2023-10-12,P0015,S002,104,52.0,104.91095346865363,104.91095346865363,-0.9109534686536307
2023-10-12,P0013,S001,48,96.0,48.537837440616805,48.537837440616805,-0.5378374406168049
2023-10-12,P0006,S004,88,196.0,87.83897733065841,87.83897733065841,0.16102266934159104
2023-10-12,P0001,S001,77,17.0,76.76604051619564,76.76604051619564,0.23395948380435527
2023-10-12,P0014,S005,57,75.0,57.56667223039419,57.56667223039419,-0.5666722303941896
2023-10-12,P0005,S005,90,84.0,90.14858933829711,90.14858933829711,-0.14858933829711418
2023-10-12,P0008,S003,157,263.0,157.35031445057592,157.35031445057592,-0.35031445057592236
2023-10-12,P0020,S003,265,107.0,263.8869933954991,263.8869933954991,1.1130066045009244
2023-10-12,P0017,S003,100,21.0,100.5455483951762,100.5455483951762,-0.5455483951761977
2023-10-12,P0011,S005,215,458.0,213.91698423699256,213.91698423699256,1.0830157630074382
2023-10-12,P0010,S001,37,74.0,37.42816746961051,37.42816746961051,-0.4281674696105071
2023-10-13,P0010,S004,12,180.0,12.254421667506225,12.254421667506225,-0.2544216675062252
2023-10-13,P0012,S003,3,404.0,3.1280182366041536,3.1280182366041536,-0.12801823660415357
2023-10-13,P0010,S001,37,37.0,37.01912329236972,37.01912329236972,-0.01912329236971999
2023-10-13,P0007,S002,94,163.0,94.1200961668731,94.1200961668731,-0.12009616687309688
2023-10-13,P0003,S003,149,351.0,149.30589820200836,149.30589820200836,-0.3058982020083647
2023-10-13,P0004,S003,61,279.0,61.714215543139574,61.714215543139574,-0.7142155431395736
2023-10-13,P0010,S003,144,295.0,144.52233102496547,144.52233102496547,-0.5223310249654673
2023-10-13,P0002,S002,114,15.0,114.30255618623589,114.30255618623589,-0.30255618623588987
2023-10-13,P0017,S001,152,148.0,151.9946282205618,151.9946282205618,0.005371779438206659
2023-10-13,P0019,S004,300,380.0,298.56991276215405,298.56991276215405,1.430087237845953
2023-10-13,P0007,S004,175,1.0,174.6253850867889,174.6253850867889,0.3746149132111043
2023-10-13,P0020,S004,165,68.0,164.46656240822554,164.46656240822554,0.533437591774458
2023-10-13,P0019,S001,66,234.0,65.73583640119188,65.73583640119188,0.2641635988081248
2023-10-13,P0017,S004,135,12.0,134.41472389423927,134.41472389423927,0.5852761057607268
2023-10-13,P0003,S004,215,357.0,215.18199179126862,215.18199179126862,-0.1819917912686151
2023-10-13,P0006,S002,51,123.0,50.86256292515526,50.86256292515526,0.13743707484474044
2023-10-13,P0001,S003,382,79.0,381.22183443817556,381.22183443817556,0.7781655618244372
2023-10-13,P0020,S001,38,263.0,38.82770870171795,38.82770870171795,-0.8277087017179525
2023-10-13,P0005,S005,85,90.0,84.68827765693285,84.68827765693285,0.31172234306714586
2023-10-13,P0016,S001,42,349.0,42.57194233615828,42.57194233615828,-0.5719423361582798
2023-10-13,P0006,S005,170,76.0,169.08375595485973,169.08375595485973,0.9162440451402745
2023-10-13,P0004,S001,193,119.0,192.11314299181777,192.11314299181777,0.8868570081822327
2023-10-13,P0003,S005,351,99.0,349.61743025124673,349.61743025124673,1.3825697487532693
2023-10-13,P0009,S004,255,45.0,254.72594129044887,254.72594129044887,0.2740587095511273
2023-10-13,P0006,S001,10,364.0,10.670750881842348,10.670750881842348,-0.6707508818423484
2023-10-13,P0019,S002,70,55.0,70.05993434986038,70.05993434986038,-0.05993434986038437
2023-10-13,P0020,S005,29,85.0,28.42803314446031,28.42803314446031,0.5719668555396886
2023-10-13,P0019,S003,358,60.0,358.271307861423,358.271307861423,-0.2713078614229971
2023-10-13,P0013,S003,40,291.0,40.092121074434914,40.092121074434914,-0.09212107443491391
2023-10-13,P0002,S005,136,153.0,136.24209353316334,136.24209353316334,-0.2420935331633416
2023-10-13,P0012,S005,55,30.0,54.608704030389575,54.608704030389575,0.39129596961042523
2023-10-13,P0016,S002,95,396.0,95.73830212893962,95.73830212893962,-0.7383021289396225
2023-10-13,P0015,S003,73,183.0,72.9395870421652,72.9395870421652,0.060412957834799386
2023-10-13,P0017,S005,394,136.0,391.2964582393798,391.2964582393798,2.703541760620226
2023-10-13,P0017,S003,208,100.0,208.5334239681464,208.5334239681464,-0.5334239681463941
2023-10-13,P0019,S005,129,56.0,128.9482929473162,128.9482929473162,0.05170705268380971
2023-10-13,P0008,S004,122,66.0,121.61115603431718,121.61115603431718,0.388843965682824
2023-10-13,P0020,S003,27,265.0,26.554456335116914,26.554456335116914,0.44554366488308617
2023-10-13,P0008,S005,160,15.0,160.55159490718611,160.55159490718611,-0.5515949071861144
2023-10-13,P0004,S005,1,26.0,1.2326281264486514,1.2326281264486514,-0.23262812644865138
2023-10-13,P0011,S004,443,35.0,440.2574579384109,440.2574579384109,2.74254206158912
2023-10-13,P0015,S002,348,104.0,348.3373243511176,348.3373243511176,-0.3373243511176156
2023-10-13,P0014,S003,101,11.0,101.10384745030481,101.10384745030481,-0.10384745030481213
2023-10-13,P0014,S005,40,57.0,39.65833302743605,39.65833302743605,0.3416669725639494
2023-10-13,P0016,S005,174,96.0,175.2871638321038,175.2871638321038,-1.2871638321038006
2023-10-13,P0009,S002,266,182.0,264.20911630090296,264.20911630090296,1.7908836990970372
2023-10-13,P0005,S001,87,49.0,86.56443408770706,86.56443408770706,0.43556591229294384
2023-10-13,P0013,S001,17,48.0,17.039547452330936,17.039547452330936,-0.03954745233093604
2023-10-13,P0002,S001,236,153.0,236.59306888923993,236.59306888923993,-0.5930688892399303
2023-10-13,P0002,S003,90,221.0,89.54227017751292,89.54227017751292,0.4577298224870816
2023-10-13,P0007,S001,205,131.0,206.02999472760072,206.02999472760072,-1.029994727600723
2023-10-13,P0011,S005,60,215.0,60.30403253231972,60.30403253231972,-0.3040325323197166
2023-10-13,P0003,S002,126,37.0,125.65849173349203,125.65849173349203,0.3415082665079723
2023-10-13,P0004,S004,129,73.0,128.78214639812268,128.78214639812268,0.21785360187732294
2023-10-13,P0002,S004,14,197.0,14.17405469241641,14.17405469241641,-0.17405469241641036
2023-10-13,P0009,S005,14,20.0,13.522138342951276,13.522138342951276,0.47786165704872374
2023-10-13,P0020,S002,117,375.0,116.18067332377868,116.18067332377868,0.8193266762213227
2023-10-13,P0016,S003,1,165.0,1.5991702636319773,1.5991702636319773,-0.5991702636319773
2023-10-13,P0018,S003,345,37.0,342.8590090017828,342.8590090017828,2.1409909982172053
2023-10-13,P0008,S001,59,121.0,59.38831122660839,59.38831122660839,-0.388311226608387
2023-10-13,P0007,S005,226,61.0,225.2885847597173,225.2885847597173,0.7114152402826903
2023-10-13,P0011,S003,136,213.0,136.07116375998993,136.07116375998993,-0.07116375998992908
2023-10-13,P0018,S002,177,42.0,177.36527525383607,177.36527525383607,-0.3652752538360744
2023-10-13,P0018,S005,5,136.0,4.380471559373747,4.380471559373747,0.6195284406262527
2023-10-13,P0013,S002,147,32.0,147.04747874834078,147.04747874834078,-0.047478748340779475
2023-10-13,P0005,S004,59,65.0,58.93464906170135,58.93464906170135,0.06535093829864991
2023-10-13,P0012,S004,418,200.0,415.68792686550483,415.68792686550483,2.312073134495165
2023-10-13,P0014,S002,139,130.0,139.62023598018752,139.62023598018752,-0.6202359801875161
2023-10-13,P0015,S004,226,89.0,225.4637562557636,225.4637562557636,0.5362437442364012
2023-10-13,P0011,S001,206,102.0,205.95877635335896,205.95877635335896,0.04122364664104339
2023-10-13,P0012,S002,27,242.0,25.301789265995023,25.301789265995023,1.6982107340049772
2023-10-13,P0001,S001,221,77.0,220.229976017784,220.229976017784,0.7700239822160029
2023-10-13,P0014,S004,35,302.0,35.19773885390862,35.19773885390862,-0.19773885390861778
2023-10-13,P0001,S005,101,42.0,101.07680951751543,101.07680951751543,-0.07680951751542864
2023-10-13,P0007,S003,39,130.0,39.661723687112435,39.661723687112435,-0.6617236871124348
2023-10-13,P0006,S004,6,88.0,5.892016523948381,5.892016523948381,0.1079834760516194
2023-10-13,P0012,S001,129,105.0,128.37674935005023,128.37674935005023,0.6232506499497674
2023-10-13,P0015,S005,117,108.0,116.8158652764547,116.8158652764547,0.18413472354529858
2023-10-13,P0018,S001,299,93.0,300.01231869136694,300.01231869136694,-1.0123186913669429
2023-10-13,P0013,S005,16,51.0,15.737415085449406,15.737415085449406,0.26258491455059385
2023-10-13,P0013,S004,117,104.0,116.85692377553569,116.85692377553569,0.14307622446430912
2023-10-13,P0018,S004,127,96.0,127.07397812127668,127.07397812127668,-0.07397812127668146
2023-10-13,P0004,S002,2,110.0,1.8941398717918239,1.8941398717918239,0.10586012820817614
2023-10-13,P0009,S003,275,26.0,275.79821208245477,275.79821208245477,-0.7982120824547678
2023-10-13,P0001,S002,16,227.0,15.600896066451986,15.600896066451986,0.3991039335480142
2023-10-13,P0010,S002,76,117.0,75.55582391987681,75.55582391987681,0.4441760801231851
2023-10-13,P0009,S001,80,383.0,79.84894734075782,79.84894734075782,0.15105265924218259
2023-10-13,P0006,S003,108,58.0,108.25984413073535,108.25984413073535,-0.2598441307353454
2023-10-13,P0005,S003,53,231.0,52.351439424803736,52.351439424803736,0.6485605751962638
2023-10-13,P0015,S001,231,207.0,231.71570936648567,231.71570936648567,-0.7157093664856689
2023-10-13,P0011,S002,4,84.0,4.430394320502185,4.430394320502185,-0.4303943205021854
2023-10-13,P0003,S001,58,50.0,58.35009556544155,58.35009556544155,-0.3500955654415492
2023-10-13,P0014,S001,168,397.0,167.69961088509163,167.69961088509163,0.30038911490836995
2023-10-13,P0001,S004,375,2.0,374.4843998090819,374.4843998090819,0.5156001909181214
2023-10-13,P0005,S002,84,72.0,83.51292662374179,83.51292662374179,0.4870733762582091
2023-10-13,P0016,S004,244,271.0,244.95876508729563,244.95876508729563,-0.9587650872956317
2023-10-13,P0017,S002,24,135.0,23.7634598627325,23.7634598627325,0.23654013726750023
2023-10-13,P0010,S005,201,151.0,200.92506684160324,200.92506684160324,0.07493315839676029
2023-10-13,P0008,S003,2,157.0,1.3831358553831237,1.3831358553831237,0.6168641446168763
2023-10-13,P0008,S002,11,58.0,11.815619804040267,11.815619804040267,-0.8156198040402671
2023-10-14,P0015,S003,301,73.0,299.7990746013748,299.7990746013748,1.200925398625202
2023-10-14,P0001,S001,18,221.0,17.31598299889442,17.31598299889442,0.6840170011055804
2023-10-14,P0002,S005,112,136.0,111.5314132008503,111.5314132008503,0.4685867991497048
2023-10-14,P0001,S005,95,101.0,94.90799642648625,94.90799642648625,0.09200357351375033
2023-10-14,P0020,S005,48,29.0,47.96241449350433,47.96241449350433,0.03758550649566672
2023-10-14,P0010,S002,122,76.0,122.00562983269589,122.00562983269589,-0.005629832695888126
2023-10-14,P0008,S004,64,122.0,64.68604760634553,64.68604760634553,-0.6860476063455252
2023-10-14,P0009,S002,6,266.0,5.811602460207292,5.811602460207292,0.18839753979270757
2023-10-14,P0014,S002,128,139.0,128.73119994797867,128.73119994797867,-0.7311999479786664
2023-10-14,P0007,S002,188,94.0,188.61433266415327,188.61433266415327,-0.6143326641532667
2023-10-14,P0018,S003,119,345.0,118.59875859725047,118.59875859725047,0.4012414027495339
2023-10-14,P0006,S003,221,108.0,221.3951174297033,221.3951174297033,-0.3951174297033049
2023-10-14,P0013,S003,332,40.0,329.06528678300236,329.06528678300236,2.934713216997636
2023-10-14,P0003,S004,42,215.0,41.97064441457386,41.97064441457386,0.029355585426138475
2023-10-14,P0019,S002,52,70.0,51.529271792961445,51.529271792961445,0.47072820703855456
2023-10-14,P0016,S001,4,42.0,4.622263408406181,4.622263408406181,-0.6222634084061811
2023-10-14,P0001,S004,295,375.0,295.7964380482628,295.7964380482628,-0.7964380482628144
2023-10-14,P0003,S001,1,58.0,1.4271645630944012,1.4271645630944012,-0.4271645630944012
2023-10-14,P0016,S003,246,1.0,245.80789997192736,245.80789997192736,0.1921000280726446
2023-10-14,P0011,S002,47,4.0,46.84737461974039,46.84737461974039,0.15262538025960737
2023-10-14,P0002,S002,180,114.0,179.38203865294784,179.38203865294784,0.6179613470521588
2023-10-14,P0016,S005,333,174.0,333.8041570785933,333.8041570785933,-0.8041570785932777
2023-10-14,P0017,S002,62,24.0,62.69519843546738,62.69519843546738,-0.6951984354673826
2023-10-14,P0012,S004,75,418.0,74.96381125799522,74.96381125799522,0.03618874200478217
2023-10-14,P0008,S001,407,59.0,408.4798195884247,408.4798195884247,-1.4798195884246752
2023-10-14,P0006,S002,36,51.0,35.655370224327804,35.655370224327804,0.3446297756721961
2023-10-14,P0005,S004,243,59.0,243.0210136606097,243.0210136606097,-0.02101366060969667
2023-10-14,P0017,S005,142,394.0,142.65498555003256,142.65498555003256,-0.6549855500325634
2023-10-14,P0004,S004,98,129.0,97.35833018164534,97.35833018164534,0.6416698183546572
2023-10-14,P0012,S001,146,129.0,145.58043342780527,145.58043342780527,0.41956657219472504
2023-10-14,P0002,S003,197,90.0,196.75476223050728,196.75476223050728,0.24523776949271792
2023-10-14,P0002,S004,185,14.0,184.93722196928547,184.93722196928547,0.06277803071452581
2023-10-14,P0002,S001,74,236.0,73.58961020261427,73.58961020261427,0.4103897973857329
2023-10-14,P0011,S001,42,206.0,42.02609575721117,42.02609575721117,-0.02609575721117352
2023-10-14,P0019,S001,7,66.0,6.898711819693058,6.898711819693058,0.10128818030694209
2023-10-14,P0004,S002,140,2.0,140.6451854045959,140.6451854045959,-0.6451854045959067
2023-10-14,P0003,S005,151,351.0,151.32129765655193,151.32129765655193,-0.3212976565519341
2023-10-14,P0018,S005,106,5.0,105.95855026403153,105.95855026403153,0.041449735968470236
2023-10-14,P0007,S005,329,226.0,330.3050207280822,330.3050207280822,-1.3050207280821837
2023-10-14,P0016,S004,137,244.0,137.24118352327727,137.24118352327727,-0.24118352327727166
2023-10-14,P0005,S002,366,84.0,368.9481691926264,368.9481691926264,-2.9481691926263807
2023-10-14,P0005,S003,60,53.0,60.15331086500354,60.15331086500354,-0.1533108650035402
2023-10-14,P0008,S002,249,11.0,249.31696304359562,249.31696304359562,-0.3169630435956208
2023-10-14,P0017,S001,46,152.0,46.356330086300595,46.356330086300595,-0.35633008630059493
2023-10-14,P0015,S001,109,231.0,109.46770636837248,109.46770636837248,-0.46770636837247537
2023-10-14,P0010,S001,10,37.0,10.381147726811758,10.381147726811758,-0.3811477268117578
2023-10-14,P0009,S003,165,275.0,164.7882190931497,164.7882190931497,0.2117809068502936
2023-10-14,P0020,S001,65,38.0,65.59194591140988,65.59194591140988,-0.59194591140988
2023-10-14,P0020,S002,176,117.0,177.71239688555391,177.71239688555391,-1.7123968855539147
2023-10-14,P0001,S002,90,16.0,90.70401882727042,90.70401882727042,-0.7040188272704171
2023-10-14,P0001,S003,2,382.0,1.7576625609347816,1.7576625609347816,0.24233743906521843
2023-10-14,P0009,S001,197,80.0,196.99406147647662,196.99406147647662,0.00593852352338331
2023-10-14,P0010,S003,278,144.0,279.7649277655802,279.7649277655802,-1.7649277655801825
2023-10-14,P0011,S003,305,136.0,306.6085253996139,306.6085253996139,-1.6085253996138817
2023-10-14,P0013,S002,24,147.0,23.207457455165773,23.207457455165773,0.7925425448342267
2023-10-14,P0013,S001,377,17.0,377.03822202290655,377.03822202290655,-0.03822202290655241
2023-10-14,P0008,S003,148,2.0,148.67394496556096,148.67394496556096,-0.6739449655609633
2023-10-14,P0018,S004,340,127.0,342.4858402714674,342.4858402714674,-2.4858402714673957
2023-10-14,P0018,S002,38,177.0,37.427298670052174,37.427298670052174,0.5727013299478259
2023-10-14,P0017,S003,183,208.0,183.74452244796163,183.74452244796163,-0.7445224479616286
2023-10-14,P0015,S004,124,226.0,124.71518014442886,124.71518014442886,-0.7151801444288566
2023-10-14,P0013,S005,218,16.0,218.74602221204668,218.74602221204668,-0.7460222120466824
2023-10-14,P0014,S004,363,35.0,360.7592636912696,360.7592636912696,2.2407363087303906
2023-10-14,P0013,S004,44,117.0,44.558398394120296,44.558398394120296,-0.5583983941202959
2023-10-14,P0007,S003,75,39.0,75.40951693104564,75.40951693104564,-0.40951693104564413
2023-10-14,P0015,S005,6,117.0,6.190226884279376,6.190226884279376,-0.19022688427937595
2023-10-14,P0006,S004,120,6.0,120.35331711710103,120.35331711710103,-0.3533171171010281
2023-10-14,P0012,S002,224,27.0,224.71115363950733,224.71115363950733,-0.7111536395073301
2023-10-14,P0009,S004,226,255.0,225.82651326035494,225.82651326035494,0.1734867396450568
2023-10-14,P0005,S005,139,85.0,138.6554971692088,138.6554971692088,0.3445028307912139
2023-10-14,P0020,S004,162,165.0,161.7130158943016,161.7130158943016,0.2869841056983944
2023-10-14,P0009,S005,197,14.0,196.0922422869694,196.0922422869694,0.9077577130306054
2023-10-14,P0006,S005,73,170.0,73.2747627154803,73.2747627154803,-0.27476271548030695
2023-10-14,P0011,S004,62,443.0,62.2891732109065,62.2891732109065,-0.2891732109064975
2023-10-14,P0004,S001,113,193.0,112.86820672666376,112.86820672666376,0.13179327333624258
2023-10-14,P0010,S005,236,201.0,236.63158987225827,236.63158987225827,-0.6315898722582745
2023-10-14,P0005,S001,90,87.0,89.54528922296825,89.54528922296825,0.45471077703174956
2023-10-14,P0017,S004,58,135.0,58.4430556480902,58.4430556480902,-0.44305564809020126
2023-10-14,P0014,S003,311,101.0,310.3582290411561,310.3582290411561,0.6417709588438925
2023-10-14,P0019,S003,101,358.0,100.80577750573032,100.80577750573032,0.19422249426968108
2023-10-14,P0008,S005,6,160.0,6.427892470696218,6.427892470696218,-0.42789247069621794
2023-10-14,P0004,S005,61,1.0,61.42282155814445,61.42282155814445,-0.4228215581444488
2023-10-14,P0020,S003,110,27.0,109.60081343913355,109.60081343913355,0.399186560866454
2023-10-14,P0019,S005,59,129.0,58.98130956542594,58.98130956542594,0.0186904345740615
2023-10-14,P0016,S002,71,95.0,71.23277605490414,71.23277605490414,-0.23277605490413578
2023-10-14,P0012,S005,32,55.0,32.71685532671431,32.71685532671431,-0.7168553267143096
2023-10-14,P0018,S001,446,299.0,445.052649299846,445.052649299846,0.9473507001540042
2023-10-14,P0015,S002,99,348.0,98.79853827774622,98.79853827774622,0.20146172225378223
2023-10-14,P0003,S002,171,126.0,172.37323462718405,172.37323462718405,-1.373234627184047
2023-10-14,P0007,S001,87,205.0,86.63293909866826,86.63293909866826,0.3670609013317403
2023-10-14,P0012,S003,56,3.0,55.87867853595504,55.87867853595504,0.12132146404496069
2023-10-14,P0006,S001,250,10.0,249.08461286231693,249.08461286231693,0.9153871376830693
2023-10-14,P0007,S004,187,175.0,186.5173523832233,186.5173523832233,0.48264761677668844
2023-10-14,P0019,S004,172,300.0,172.27214310170456,172.27214310170456,-0.27214310170455747
2023-10-14,P0004,S003,25,61.0,25.001573355076,25.001573355076,-0.0015733550760010928
2023-10-14,P0014,S001,120,168.0,119.5147679032666,119.5147679032666,0.48523209673339807
2023-10-14,P0003,S003,46,149.0,45.1232278582068,45.1232278582068,0.8767721417931966
2023-10-14,P0010,S004,97,12.0,97.36106737287666,97.36106737287666,-0.36106737287666135
2023-10-14,P0011,S005,11,60.0,11.222545975831059,11.222545975831059,-0.22254597583105884
2023-10-14,P0014,S005,47,40.0,46.50973684607314,46.50973684607314,0.49026315392686115
2023-10-15,P0016,S003,164,246.0,164.2584174404749,164.2584174404749,-0.25841744047488646
2023-10-15,P0014,S001,71,120.0,70.75808172186967,70.75808172186967,0.24191827813032774
2023-10-15,P0005,S003,131,60.0,130.90575526684742,130.90575526684742,0.09424473315257842
2023-10-15,P0019,S004,136,172.0,136.43660322252785,136.43660322252785,-0.4366032225278502
2023-10-15,P0018,S001,265,446.0,265.1102654545292,265.1102654545292,-0.11026545452921255
2023-10-15,P0018,S004,79,340.0,79.58324190334005,79.58324190334005,-0.5832419033400527
2023-10-15,P0002,S004,164,185.0,164.30464973104745,164.30464973104745,-0.30464973104744786
2023-10-15,P0011,S001,72,42.0,72.00995552225021,72.00995552225021,-0.009955522250209015
2023-10-15,P0013,S004,91,44.0,90.71544771041071,90.71544771041071,0.2845522895892856
2023-10-15,P0004,S005,277,61.0,276.511796930634,276.511796930634,0.48820306936602265
2023-10-15,P0013,S005,84,218.0,83.45392693036916,83.45392693036916,0.546073069630836
2023-10-15,P0010,S005,105,236.0,105.33596161395545,105.33596161395545,-0.33596161395544755
2023-10-15,P0017,S002,78,62.0,77.99925700725308,77.99925700725308,0.0007429927469218001
2023-10-15,P0005,S001,140,90.0,139.39120231639117,139.39120231639117,0.6087976836088274
2023-10-15,P0001,S001,31,18.0,30.959756962687614,30.959756962687614,0.04024303731238632
2023-10-15,P0008,S001,122,407.0,121.83790620022428,121.83790620022428,0.16209379977571814
2023-10-15,P0005,S002,340,366.0,339.1802197206702,339.1802197206702,0.819780279329791
2023-10-15,P0007,S005,1,329.0,1.1824645606356725,1.1824645606356725,-0.1824645606356725
2023-10-15,P0013,S001,170,377.0,169.73650591484068,169.73650591484068,0.2634940851593228
2023-10-15,P0010,S003,357,278.0,354.8950545426817,354.8950545426817,2.1049454573183084
2023-10-15,P0008,S004,105,64.0,104.74329005706531,104.74329005706531,0.25670994293469107
2023-10-15,P0003,S005,46,151.0,45.55878157358781,45.55878157358781,0.4412184264121919
2023-10-15,P0012,S005,148,32.0,149.47296604088837,149.47296604088837,-1.472966040888366
2023-10-15,P0014,S002,180,128.0,180.6752782933085,180.6752782933085,-0.6752782933085086
2023-10-15,P0016,S004,33,137.0,33.53585582612496,33.53585582612496,-0.5358558261249584
2023-10-15,P0001,S003,186,2.0,185.6195682876291,185.6195682876291,0.3804317123708927
2023-10-15,P0015,S002,175,99.0,175.4202995028348,175.4202995028348,-0.42029950283480844
2023-10-15,P0016,S002,176,71.0,175.40690516409092,175.40690516409092,0.5930948359090848
2023-10-15,P0011,S004,107,62.0,106.80234451552572,106.80234451552572,0.19765548447428216
2023-10-15,P0006,S001,198,250.0,197.44428684488386,197.44428684488386,0.5557131551161376
2023-10-15,P0004,S001,12,113.0,12.118224057360768,12.118224057360768,-0.11822405736076824
2023-10-15,P0002,S003,154,197.0,154.3296541617704,154.3296541617704,-0.3296541617704065
2023-10-15,P0015,S001,40,109.0,39.4727288880886,39.4727288880886,0.5272711119114035
2023-10-15,P0006,S005,185,73.0,184.5102957150539,184.5102957150539,0.4897042849461002
2023-10-15,P0018,S005,283,106.0,282.28452649306763,282.28452649306763,0.7154735069323692
2023-10-15,P0017,S001,339,46.0,338.690546508197,338.690546508197,0.3094534918030263
2023-10-15,P0007,S003,71,75.0,71.16699299513168,71.16699299513168,-0.16699299513167887
2023-10-15,P0005,S005,13,139.0,11.84223489370858,11.84223489370858,1.1577651062914196
2023-10-15,P0003,S002,110,171.0,110.8100286174044,110.8100286174044,-0.8100286174043987
2023-10-15,P0017,S003,153,183.0,152.33846261785067,152.33846261785067,0.6615373821493336
2023-10-15,P0018,S002,454,38.0,453.8525056935787,453.8525056935787,0.1474943064213221
2023-10-15,P0009,S004,339,226.0,336.7980789563375,336.7980789563375,2.2019210436624803
2023-10-15,P0004,S002,62,140.0,62.291804224539746,62.291804224539746,-0.29180422453974586
2023-10-15,P0008,S003,140,148.0,139.02553986110877,139.02553986110877,0.9744601388912315
2023-10-15,P0009,S005,137,197.0,137.8179393240269,137.8179393240269,-0.8179393240268951
2023-10-15,P0019,S005,49,59.0,48.47878709924693,48.47878709924693,0.5212129007530706
2023-10-15,P0012,S002,66,224.0,66.51901108864814,66.51901108864814,-0.519011088648142
2023-10-15,P0017,S005,33,142.0,32.28311359844468,32.28311359844468,0.7168864015553211
2023-10-15,P0020,S003,195,110.0,195.1009207357622,195.1009207357622,-0.10092073576220173
2023-10-15,P0010,S001,66,10.0,65.62916137308812,65.62916137308812,0.3708386269118762
2023-10-15,P0006,S004,179,120.0,177.95893887977172,177.95893887977172,1.041061120228278
2023-10-15,P0020,S005,426,48.0,429.0669514003872,429.0669514003872,-3.066951400387211
2023-10-15,P0015,S004,355,124.0,354.33460447626015,354.33460447626015,0.6653955237398463
2023-10-15,P0020,S004,26,162.0,25.444319381539962,25.444319381539962,0.5556806184600376
2023-10-15,P0003,S003,258,46.0,257.58694977856555,257.58694977856555,0.41305022143444603
2023-10-15,P0012,S003,81,56.0,80.43087503187677,80.43087503187677,0.5691249681232335
2023-10-15,P0007,S001,202,87.0,201.26248151479805,201.26248151479805,0.7375184852019459
2023-10-15,P0011,S005,70,11.0,70.3827247741648,70.3827247741648,-0.38272477416479944
2023-10-15,P0009,S001,46,197.0,46.08483184237828,46.08483184237828,-0.08483184237827857
2023-10-15,P0007,S002,15,188.0,15.169049560576301,15.169049560576301,-0.16904956057630116
2023-10-15,P0009,S003,309,165.0,308.4854101729392,308.4854101729392,0.5145898270607745
2023-10-15,P0015,S003,151,301.0,150.86526380621424,150.86526380621424,0.13473619378575563
2023-10-15,P0009,S002,2,6.0,1.7841644158663883,1.7841644158663883,0.2158355841336117
2023-10-15,P0006,S003,185,221.0,184.3478919785269,184.3478919785269,0.6521080214731114
2023-10-15,P0019,S001,54,7.0,53.71502084743695,53.71502084743695,0.2849791525630465
2023-10-15,P0001,S004,31,295.0,30.71781443721332,30.71781443721332,0.2821855627866796
2023-10-15,P0018,S003,19,119.0,18.362422451996512,18.362422451996512,0.6375775480034882
2023-10-15,P0012,S004,100,75.0,99.71095570637438,99.71095570637438,0.2890442936256221
2023-10-15,P0015,S005,103,6.0,103.71342594438033,103.71342594438033,-0.713425944380333
2023-10-15,P0010,S002,41,122.0,41.47344577891071,41.47344577891071,-0.47344577891070827
2023-10-15,P0003,S004,159,42.0,158.4271778760938,158.4271778760938,0.5728221239062066
2023-10-15,P0006,S002,21,36.0,21.27076678044358,21.27076678044358,-0.27076678044358005
2023-10-15,P0008,S005,35,6.0,36.06017165510623,36.06017165510623,-1.060171655106231
2023-10-15,P0014,S005,5,47.0,4.514238628892395,4.514238628892395,0.4857613711076052
2023-10-15,P0003,S001,49,1.0,49.709349968896184,49.709349968896184,-0.7093499688961842
2023-10-15,P0002,S002,35,180.0,35.35440373391444,35.35440373391444,-0.35440373391443813
2023-10-15,P0014,S004,182,363.0,181.73049438692243,181.73049438692243,0.2695056130775697
2023-10-15,P0013,S002,24,24.0,24.453574600197296,24.453574600197296,-0.453574600197296
2023-10-15,P0004,S004,132,98.0,131.6837425641585,131.6837425641585,0.3162574358414929
2023-10-15,P0002,S001,86,74.0,85.61448862580977,85.61448862580977,0.38551137419023007
2023-10-15,P0011,S003,374,305.0,374.25828289369593,374.25828289369593,-0.2582828936959345
2023-10-15,P0008,S002,128,249.0,127.76101496201137,127.76101496201137,0.2389850379886269
2023-10-15,P0013,S003,32,332.0,32.21965077460682,32.21965077460682,-0.21965077460681925
2023-10-15,P0017,S004,282,58.0,279.7005244962083,279.7005244962083,2.2994755037917116
2023-10-15,P0020,S002,222,176.0,222.3441719024748,222.3441719024748,-0.34417190247481244
2023-10-15,P0014,S003,6,311.0,6.302979643984353,6.302979643984353,-0.3029796439843526
2023-10-15,P0007,S004,210,187.0,209.95079193618153,209.95079193618153,0.04920806381846887
2023-10-15,P0016,S005,43,333.0,42.943564939902515,42.943564939902515,0.05643506009748478
2023-10-15,P0010,S004,139,97.0,138.4777412399625,138.4777412399625,0.522258760037488
2023-10-15,P0016,S001,80,4.0,79.80401781276147,79.80401781276147,0.19598218723852767
2023-10-15,P0001,S002,338,90.0,339.17727964708246,339.17727964708246,-1.1772796470824574
2023-10-15,P0012,S001,128,146.0,127.92162500427308,127.92162500427308,0.07837499572691797
2023-10-15,P0019,S003,73,101.0,73.12470377053067,73.12470377053067,-0.12470377053067239
2023-10-15,P0001,S005,304,95.0,303.123869100202,303.123869100202,0.8761308997979995
2023-10-15,P0011,S002,140,47.0,140.39558626855992,140.39558626855992,-0.3955862685599243
2023-10-15,P0004,S003,53,25.0,52.99129601069185,52.99129601069185,0.008703989308152416
2023-10-15,P0019,S002,103,52.0,102.72574719285986,102.72574719285986,0.2742528071401438
2023-10-15,P0020,S001,41,65.0,41.069486680148415,41.069486680148415,-0.0694866801484153
2023-10-15,P0005,S004,4,243.0,4.078546938802099,4.078546938802099,-0.0785469388020994
2023-10-15,P0002,S005,200,112.0,200.35045081159132,200.35045081159132,-0.3504508115913154
2023-10-16,P0001,S004,20,31.0,20.422843966047697,20.422843966047697,-0.42284396604769725
2023-10-16,P0010,S001,166,66.0,165.712148155654,165.712148155654,0.28785184434599387
2023-10-16,P0018,S003,180,19.0,180.6671250083451,180.6671250083451,-0.6671250083450957
2023-10-16,P0002,S002,67,35.0,67.18191621840316,67.18191621840316,-0.18191621840315975
2023-10-16,P0017,S002,355,78.0,356.206979201228,356.206979201228,-1.2069792012280232
2023-10-16,P0012,S004,93,100.0,93.68120873617178,93.68120873617178,-0.6812087361717829
2023-10-16,P0014,S003,178,6.0,178.1186344261446,178.1186344261446,-0.1186344261446095
2023-10-16,P0019,S001,7,54.0,6.846471434665515,6.846471434665515,0.15352856533448467
2023-10-16,P0020,S004,174,26.0,173.87163330236365,173.87163330236365,0.128366697636352
2023-10-16,P0005,S002,140,340.0,140.24905605367707,140.24905605367707,-0.24905605367706585
2023-10-16,P0018,S001,227,265.0,227.50965296280583,227.50965296280583,-0.5096529628058306
2023-10-16,P0016,S001,113,80.0,113.16880479668546,113.16880479668546,-0.168804796685464
2023-10-16,P0010,S002,49,41.0,48.64341300216724,48.64341300216724,0.35658699783275694
2023-10-16,P0001,S005,250,304.0,250.3665826585428,250.3665826585428,-0.3665826585427965
2023-10-16,P0016,S003,64,164.0,63.72248143392584,63.72248143392584,0.27751856607415704
2023-10-16,P0003,S004,57,159.0,56.370016466850316,56.370016466850316,0.6299835331496837
2023-10-16,P0006,S002,196,21.0,195.08475689730446,195.08475689730446,0.9152431026955412
2023-10-16,P0019,S003,406,73.0,405.6798296246345,405.6798296246345,0.3201703753654783
2023-10-16,P0017,S005,205,33.0,204.15837951277928,204.15837951277928,0.8416204872207231
2023-10-16,P0015,S005,160,103.0,159.4174796549398,159.4174796549398,0.5825203450602032
2023-10-16,P0020,S005,256,426.0,256.3969827934324,256.3969827934324,-0.3969827934324144
2023-10-16,P0014,S001,207,71.0,207.1985943495567,207.1985943495567,-0.19859434955671418
2023-10-16,P0011,S002,37,140.0,37.270929119484634,37.270929119484634,-0.2709291194846344
2023-10-16,P0003,S003,71,258.0,70.79550077840901,70.79550077840901,0.20449922159099287
2023-10-16,P0012,S001,81,128.0,81.24058418981896,81.24058418981896,-0.24058418981896068
2023-10-16,P0012,S003,1,81.0,1.5525795528243564,1.5525795528243564,-0.5525795528243564
2023-10-16,P0010,S005,24,105.0,25.35616375304908,25.35616375304908,-1.3561637530490813
2023-10-16,P0003,S001,167,49.0,167.7252006695185,167.7252006695185,-0.7252006695185003
2023-10-16,P0013,S003,111,32.0,111.90202855306961,111.90202855306961,-0.9020285530696128
2023-10-16,P0015,S004,239,355.0,238.72536909545974,238.72536909545974,0.27463090454025973
2023-10-16,P0002,S004,9,164.0,8.865984959498158,8.865984959498158,0.13401504050184165
2023-10-16,P0005,S001,73,140.0,73.05880762590755,73.05880762590755,-0.058807625907547845
2023-10-16,P0007,S001,42,202.0,42.67153159887197,42.67153159887197,-0.6715315988719723
2023-10-16,P0004,S004,112,132.0,111.39580896322214,111.39580896322214,0.6041910367778627
2023-10-16,P0006,S004,339,179.0,338.5986489776066,338.5986489776066,0.40135102239338494
2023-10-16,P0008,S005,107,35.0,106.99757524209866,106.99757524209866,0.0024247579013376708
2023-10-16,P0001,S001,109,31.0,109.75279140303287,109.75279140303287,-0.7527914030328731
2023-10-16,P0009,S003,328,309.0,329.87431424270045,329.87431424270045,-1.87431424270045
2023-10-16,P0009,S001,9,46.0,9.620408089813584,9.620408089813584,-0.6204080898135835
2023-10-16,P0015,S003,6,151.0,5.495376920645336,5.495376920645336,0.5046230793546638
2023-10-16,P0013,S005,28,84.0,27.076230832698617,27.076230832698617,0.9237691673013835
2023-10-16,P0009,S002,404,2.0,406.00935136659433,406.00935136659433,-2.0093513665943306
2023-10-16,P0011,S005,62,70.0,61.92787643431547,61.92787643431547,0.07212356568452805
2023-10-16,P0006,S003,290,185.0,289.45912058618575,289.45912058618575,0.5408794138142525
2023-10-16,P0002,S001,163,86.0,162.5437443594939,162.5437443594939,0.45625564050610024
2023-10-16,P0002,S005,125,200.0,124.9185019164726,124.9185019164726,0.08149808352740706
2023-10-16,P0012,S002,124,66.0,123.05509117790623,123.05509117790623,0.9449088220937654
2023-10-16,P0005,S004,157,4.0,157.21884878943874,157.21884878943874,-0.21884878943873787
2023-10-16,P0011,S001,211,72.0,211.71093550294944,211.71093550294944,-0.7109355029494395
2023-10-16,P0013,S002,136,24.0,135.7843563373228,135.7843563373228,0.21564366267719492
2023-10-16,P0005,S003,69,131.0,69.10595672152184,69.10595672152184,-0.1059567215218351
2023-10-16,P0007,S005,218,1.0,218.4311430945137,218.4311430945137,-0.43114309451368626
2023-10-16,P0018,S005,183,283.0,183.47065664084982,183.47065664084982,-0.4706566408498247
2023-10-16,P0017,S004,461,282.0,466.38705808558467,466.38705808558467,-5.38705808558467
2023-10-16,P0006,S005,115,185.0,115.22524162125248,115.22524162125248,-0.22524162125247926
2023-10-16,P0013,S004,21,91.0,21.838509973513435,21.838509973513435,-0.8385099735134354
2023-10-16,P0017,S001,12,339.0,11.782043568420125,11.782043568420125,0.217956431579875
2023-10-16,P0014,S004,51,182.0,51.41521004497666,51.41521004497666,-0.4152100449766607
2023-10-16,P0007,S003,62,71.0,61.619566557979574,61.619566557979574,0.3804334420204256
2023-10-16,P0003,S002,4,110.0,3.8649411822295607,3.8649411822295607,0.13505881777043927
2023-10-16,P0005,S005,199,13.0,198.7621754165855,198.7621754165855,0.23782458341449342
2023-10-16,P0011,S003,91,374.0,90.58118833020994,90.58118833020994,0.4188116697900597
2023-10-16,P0017,S003,41,153.0,41.581824882038475,41.581824882038475,-0.5818248820384753
2023-10-16,P0018,S004,339,79.0,336.854740754866,336.854740754866,2.145259245134014
2023-10-16,P0020,S001,105,41.0,105.40349974118423,105.40349974118423,-0.40349974118423404
2023-10-16,P0018,S002,179,454.0,178.3295508323478,178.3295508323478,0.6704491676522082
2023-10-16,P0009,S004,228,339.0,228.19680151660143,228.19680151660143,-0.19680151660142542
2023-10-16,P0004,S003,140,53.0,139.9405366794038,139.9405366794038,0.05946332059619408
2023-10-16,P0004,S002,269,62.0,269.0413526120238,269.0413526120238,-0.04135261202378615
2023-10-16,P0008,S003,11,140.0,11.672395722719983,11.672395722719983,-0.6723957227199833
2023-10-16,P0013,S001,58,170.0,58.77716123508104,58.77716123508104,-0.7771612350810386
2023-10-16,P0019,S005,148,49.0,148.29812781505166,148.29812781505166,-0.2981278150516573
2023-10-16,P0014,S005,16,5.0,16.598642993787124,16.598642993787124,-0.5986429937871236
2023-10-16,P0016,S005,37,43.0,36.735552211444215,36.735552211444215,0.26444778855578477
2023-10-16,P0015,S001,96,40.0,95.85977114829753,95.85977114829753,0.14022885170247434
2023-10-16,P0008,S001,177,122.0,177.7800823713663,177.7800823713663,-0.7800823713662908
2023-10-16,P0020,S003,122,195.0,122.16031518206884,122.16031518206884,-0.16031518206884243
2023-10-16,P0007,S002,102,15.0,102.01048099008743,102.01048099008743,-0.010480990087430087
2023-10-16,P0019,S002,163,103.0,163.26569283907523,163.26569283907523,-0.26569283907522845
2023-10-16,P0010,S004,30,139.0,29.76201403051252,29.76201403051252,0.23798596948747885
2023-10-16,P0008,S004,47,105.0,46.550611461832794,46.550611461832794,0.4493885381672058
2023-10-16,P0020,S002,110,222.0,109.95504658344339,109.95504658344339,0.04495341655660923
2023-10-16,P0003,S005,215,46.0,215.30125640841845,215.30125640841845,-0.30125640841845325
2023-10-16,P0012,S005,25,148.0,24.68072324977672,24.68072324977672,0.31927675022328117
2023-10-16,P0007,S004,25,210.0,25.172834664484775,25.172834664484775,-0.1728346644847747
2023-10-16,P0002,S003,79,154.0,78.86098145041497,78.86098145041497,0.1390185495850318
2023-10-16,P0004,S005,147,277.0,146.77131775820294,146.77131775820294,0.22868224179705976
2023-10-16,P0010,S003,74,357.0,74.18719788085755,74.18719788085755,-0.1871978808575534
2023-10-16,P0001,S002,13,338.0,12.485345626529227,12.485345626529227,0.5146543734707727
2023-10-16,P0001,S003,222,186.0,221.67260469141527,221.67260469141527,0.32739530858472676
2023-10-16,P0011,S004,357,107.0,359.63149507965255,359.63149507965255,-2.6314950796525522
2023-10-16,P0004,S001,136,12.0,135.5273354085461,135.5273354085461,0.47266459145390627
2023-10-16,P0008,S002,30,128.0,31.174893986737406,31.174893986737406,-1.1748939867374055
2023-10-16,P0006,S001,40,198.0,41.22773667916606,41.22773667916606,-1.2277366791660569
2023-10-16,P0009,S005,72,137.0,72.5846263651477,72.5846263651477,-0.5846263651476988
2023-10-16,P0015,S002,22,175.0,21.699196641358572,21.699196641358572,0.3008033586414278
2023-10-16,P0014,S002,37,180.0,37.652793864272624,37.652793864272624,-0.6527938642726241
2023-10-16,P0016,S002,39,176.0,39.29351582922778,39.29351582922778,-0.2935158292277791
2023-10-16,P0019,S004,18,136.0,18.00614418989394,18.00614418989394,-0.0061441898939413875
2023-10-16,P0016,S004,168,33.0,168.74799881736402,168.74799881736402,-0.7479988173640209
2023-10-17,P0016,S004,6,168.0,6.495541100325945,6.495541100325945,-0.4955411003259451
2023-10-17,P0019,S005,134,148.0,133.64764736298818,133.64764736298818,0.35235263701181907
2023-10-17,P0011,S005,387,62.0,385.748720400781,385.748720400781,1.2512795992190036
2023-10-17,P0017,S004,115,461.0,115.81342481635421,115.81342481635421,-0.8134248163542139
2023-10-17,P0012,S002,35,124.0,35.53928227246673,35.53928227246673,-0.5392822724667283
2023-10-17,P0005,S002,67,140.0,66.64716387183114,66.64716387183114,0.35283612816886034
2023-10-17,P0012,S001,181,81.0,180.6048409070325,180.6048409070325,0.3951590929675035
2023-10-17,P0006,S005,41,115.0,41.359820260588656,41.359820260588656,-0.35982026058865557
2023-10-17,P0012,S005,126,25.0,126.86375818012748,126.86375818012748,-0.8637581801274763
2023-10-17,P0006,S004,23,339.0,23.38560518455201,23.38560518455201,-0.3856051845520092
2023-10-17,P0005,S005,151,199.0,151.95281934089377,151.95281934089377,-0.9528193408937682
2023-10-17,P0017,S003,346,41.0,347.6194075127041,347.6194075127041,-1.619407512704072
2023-10-17,P0013,S001,64,58.0,64.12363421857235,64.12363421857235,-0.12363421857234869
2023-10-17,P0018,S002,161,179.0,161.1014605333216,161.1014605333216,-0.10146053332161387
2023-10-17,P0020,S001,167,105.0,167.69961088509163,167.69961088509163,-0.69961088509163
2023-10-17,P0011,S003,42,91.0,42.01867049427155,42.01867049427155,-0.018670494271546545
2023-10-17,P0005,S003,244,69.0,245.87021299939758,245.87021299939758,-1.8702129993975802
2023-10-17,P0013,S002,202,136.0,201.09000343327457,201.09000343327457,0.9099965667254253
2023-10-17,P0007,S004,219,25.0,218.8430037427968,218.8430037427968,0.15699625720318977
2023-10-17,P0005,S004,152,157.0,152.7083780182211,152.7083780182211,-0.7083780182211115
2023-10-17,P0019,S003,225,406.0,225.1178200469622,225.1178200469622,-0.11782004696220838
2023-10-17,P0002,S002,167,67.0,166.693905426465,166.693905426465,0.306094573535006
2023-10-17,P0001,S005,60,250.0,59.7494427220891,59.7494427220891,0.2505572779109002
2023-10-17,P0013,S003,216,111.0,215.38002648574155,215.38002648574155,0.6199735142584473
2023-10-17,P0011,S002,301,37.0,299.7627872551353,299.7627872551353,1.237212744864678
2023-10-17,P0007,S003,293,62.0,292.5546736604496,292.5546736604496,0.4453263395503768
2023-10-17,P0013,S004,100,21.0,100.56278085266038,100.56278085266038,-0.5627808526603815
2023-10-17,P0007,S005,150,218.0,150.7007566959035,150.7007566959035,-0.7007566959034932
2023-10-17,P0018,S005,2,183.0,2.9108567253817887,2.9108567253817887,-0.9108567253817887
2023-10-17,P0013,S005,163,28.0,162.612457341014,162.612457341014,0.3875426589860069
2023-10-17,P0012,S003,465,1.0,466.935524832611,466.935524832611,-1.9355248326110086
2023-10-17,P0002,S004,105,9.0,104.86054941042205,104.86054941042205,0.13945058957794743
2023-10-17,P0007,S001,3,42.0,3.2276533460855266,3.2276533460855266,-0.22765334608552656
2023-10-17,P0009,S003,262,328.0,259.64300745101104,259.64300745101104,2.3569925489889556
2023-10-17,P0006,S003,453,290.0,454.3144683679027,454.3144683679027,-1.3144683679026912
2023-10-17,P0001,S004,140,20.0,138.95017150840363,138.95017150840363,1.0498284915963723
2023-10-17,P0018,S001,33,227.0,32.81746192741812,32.81746192741812,0.1825380725818775
2023-10-17,P0012,S004,77,93.0,77.224062780221,77.224062780221,-0.22406278022100423
2023-10-17,P0006,S002,53,196.0,53.012079322774845,53.012079322774845,-0.012079322774845025
2023-10-17,P0007,S002,166,102.0,167.01260718228102,167.01260718228102,-1.012607182281016
2023-10-17,P0011,S001,471,211.0,471.46256131022096,471.46256131022096,-0.4625613102209627
2023-10-17,P0001,S003,350,222.0,347.5485005620659,347.5485005620659,2.4514994379341033
2023-10-17,P0002,S003,143,79.0,142.43548095516726,142.43548095516726,0.5645190448327355
2023-10-17,P0011,S004,150,357.0,149.2261026211298,149.2261026211298,0.7738973788702026
2023-10-17,P0006,S001,223,40.0,222.7268193272114,222.7268193272114,0.27318067278861236
2023-10-17,P0019,S001,44,7.0,43.964072206653704,43.964072206653704,0.035927793346296255
2023-10-17,P0008,S001,238,177.0,237.8355612320374,237.8355612320374,0.1644387679625936
2023-10-17,P0017,S002,33,355.0,33.36129908006313,33.36129908006313,-0.3612990800631266
2023-10-17,P0014,S002,165,37.0,165.96919617136348,165.96919617136348,-0.9691961713634782
2023-10-17,P0018,S003,68,180.0,68.63974912845553,68.63974912845553,-0.6397491284555343
2023-10-17,P0014,S001,415,207.0,414.4109075489283,414.4109075489283,0.5890924510716786
2023-10-17,P0020,S003,171,122.0,171.03956308928878,171.03956308928878,-0.03956308928877661
2023-10-17,P0010,S001,222,166.0,222.8002880942547,222.8002880942547,-0.8002880942547108
2023-10-17,P0019,S002,19,163.0,17.956915057415507,17.956915057415507,1.0430849425844926
2023-10-17,P0018,S004,71,339.0,70.72595436524486,70.72595436524486,0.2740456347551401
2023-10-17,P0004,S003,200,140.0,199.1372431920703,199.1372431920703,0.8627568079297134
2023-10-17,P0010,S002,85,49.0,84.69266391113221,84.69266391113221,0.3073360888677854
2023-10-17,P0010,S004,158,30.0,158.76535950355134,158.76535950355134,-0.7653595035513376
2023-10-17,P0004,S001,390,136.0,393.39754622897874,393.39754622897874,-3.39754622897874
2023-10-17,P0005,S001,200,73.0,200.7985906880162,200.7985906880162,-0.7985906880161906
2023-10-17,P0020,S002,19,110.0,20.18249663483975,20.18249663483975,-1.182496634839751
2023-10-17,P0010,S003,65,74.0,64.8343469264129,64.8343469264129,0.16565307358709447
2023-10-17,P0004,S005,410,147.0,411.24038142189534,411.24038142189534,-1.2403814218953357
2023-10-17,P0008,S003,51,11.0,50.77635382954322,50.77635382954322,0.2236461704567816
2023-10-17,P0001,S002,357,13.0,359.2746155790054,359.2746155790054,-2.274615579005399
2023-10-17,P0008,S002,150,30.0,150.5078667233581,150.5078667233581,-0.5078667233580916
2023-10-17,P0010,S005,29,24.0,28.846761980721507,28.846761980721507,0.15323801927849345
2023-10-17,P0015,S001,6,96.0,6.559603784984437,6.559603784984437,-0.5596037849844366
2023-10-17,P0015,S004,228,239.0,228.6159951036921,228.6159951036921,-0.6159951036920859
2023-10-17,P0020,S004,106,174.0,105.89647764724155,105.89647764724155,0.10352235275844635
2023-10-17,P0003,S003,87,71.0,87.09056655259327,87.09056655259327,-0.09056655259327329
2023-10-17,P0017,S001,286,12.0,286.11066870523064,286.11066870523064,-0.11066870523063699
2023-10-17,P0009,S005,116,72.0,116.06616967660993,116.06616967660993,-0.06616967660993112
2023-10-17,P0014,S004,52,51.0,51.75710966764724,51.75710966764724,0.2428903323527578
2023-10-17,P0015,S005,52,160.0,52.248282726246714,52.248282726246714,-0.248282726246714
2023-10-17,P0003,S004,118,57.0,117.81159284612568,117.81159284612568,0.18840715387432283
2023-10-17,P0020,S005,9,256.0,8.491001922601978,8.491001922601978,0.5089980773980223
2023-10-17,P0016,S003,125,64.0,125.15283331503174,125.15283331503174,-0.15283331503174225
2023-10-17,P0017,S005,303,205.0,303.5861371556265,303.5861371556265,-0.5861371556264885
2023-10-17,P0003,S002,326,4.0,326.2204078919713,326.2204078919713,-0.2204078919713197
2023-10-17,P0019,S004,109,18.0,109.3075410951267,109.3075410951267,-0.3075410951266946
2023-10-17,P0003,S005,42,215.0,42.242039933055025,42.242039933055025,-0.24203993305502536
2023-10-17,P0004,S002,46,269.0,46.16354542860592,46.16354542860592,-0.16354542860592147
2023-10-17,P0009,S004,35,228.0,35.378800480306516,35.378800480306516,-0.37880048030651636
2023-10-17,P0014,S005,378,16.0,376.4306044478261,376.4306044478261,1.5693955521738872
2023-10-17,P0003,S001,4,167.0,3.9025610508591035,3.9025610508591035,0.09743894914089646
2023-10-17,P0008,S005,232,107.0,231.16906638374232,231.16906638374232,0.8309336162576813
2023-10-17,P0008,S004,266,47.0,266.9231849994401,266.9231849994401,-0.9231849994400818
2023-10-17,P0004,S004,19,112.0,19.312139110272295,19.312139110272295,-0.3121391102722946
2023-10-17,P0009,S002,33,404.0,33.053098138424005,33.053098138424005,-0.053098138424005015
2023-10-17,P0015,S002,402,22.0,406.11481553071616,406.11481553071616,-4.114815530716157
2023-10-17,P0016,S002,55,39.0,55.23941448025443,55.23941448025443,-0.2394144802544318
2023-10-17,P0001,S001,100,109.0,100.1820099655859,100.1820099655859,-0.18200996558590532
2023-10-17,P0002,S005,19,125.0,18.73366154607506,18.73366154607506,0.2663384539249414
2023-10-17,P0014,S003,166,178.0,166.05962889863764,166.05962889863764,-0.05962889863764076
2023-10-17,P0016,S001,231,113.0,231.98207839239765,231.98207839239765,-0.9820783923976535
2023-10-17,P0016,S005,332,37.0,333.18322330711504,333.18322330711504,-1.1832233071150426
2023-10-17,P0015,S003,265,6.0,264.41831914658036,264.41831914658036,0.5816808534196412
2023-10-17,P0002,S001,53,163.0,52.865332872162384,52.865332872162384,0.13466712783761636
2023-10-17,P0009,S001,9,9.0,8.731231829841718,8.731231829841718,0.2687681701582818
2023-10-18,P0014,S005,211,378.0,210.3964415234946,210.3964415234946,0.6035584765054125
2023-10-18,P0016,S004,141,6.0,141.3582557770333,141.3582557770333,-0.3582557770332926
2023-10-18,P0001,S005,376,60.0,374.2199540967305,374.2199540967305,1.7800459032695244
2023-10-18,P0012,S003,114,465.0,113.65173906724455,113.65173906724455,0.34826093275545134
2023-10-18,P0009,S005,155,116.0,155.4831104958172,155.4831104958172,-0.48311049581718635
2023-10-18,P0006,S005,56,41.0,55.828344407371176,55.828344407371176,0.17165559262882368
2023-10-18,P0020,S001,89,167.0,88.87195811172815,88.87195811172815,0.12804188827185214
2023-10-18,P0004,S003,18,200.0,18.122293889947855,18.122293889947855,-0.12229388994785495
2023-10-18,P0008,S005,85,232.0,84.38572359113486,84.38572359113486,0.6142764088651376
2023-10-18,P0009,S003,123,262.0,122.13225247574924,122.13225247574924,0.8677475242507597
2023-10-18,P0004,S005,88,410.0,87.35409078322927,87.35409078322927,0.6459092167707325
2023-10-18,P0002,S005,278,19.0,277.8795286859938,277.8795286859938,0.12047131400618127
2023-10-18,P0019,S002,80,19.0,80.34866565227205,80.34866565227205,-0.3486656522720466
2023-10-18,P0003,S002,97,326.0,97.04754683090124,97.04754683090124,-0.0475468309012399
2023-10-18,P0011,S003,155,42.0,155.177889754818,155.177889754818,-0.17788975481801117
2023-10-18,P0007,S001,16,3.0,15.343624854315713,15.343624854315713,0.6563751456842866
2023-10-18,P0013,S004,38,100.0,38.019380513045206,38.019380513045206,-0.01938051304520627
2023-10-18,P0013,S002,169,202.0,170.17446279952304,170.17446279952304,-1.1744627995230417
2023-10-18,P0014,S002,377,165.0,375.83737341754073,375.83737341754073,1.1626265824592679
2023-10-18,P0011,S005,183,387.0,182.8804186602496,182.8804186602496,0.11958133975039686
2023-10-18,P0002,S002,7,167.0,7.965565066581164,7.965565066581164,-0.9655650665811644
2023-10-18,P0009,S001,311,9.0,312.6465745142402,312.6465745142402,-1.6465745142402284
2023-10-18,P0011,S002,77,301.0,77.70668924841578,77.70668924841578,-0.7066892484157847
2023-10-18,P0019,S004,173,109.0,172.58978266230346,172.58978266230346,0.4102173376965368
2023-10-18,P0016,S003,62,125.0,62.80544163620107,62.80544163620107,-0.805441636201067
2023-10-18,P0003,S001,12,4.0,12.399510229203397,12.399510229203397,-0.39951022920339696
2023-10-18,P0013,S003,103,216.0,102.55492394988033,102.55492394988033,0.4450760501196669
2023-10-18,P0004,S004,182,19.0,182.4576641603694,182.4576641603694,-0.45766416036940427
2023-10-18,P0002,S001,243,53.0,243.6658259835258,243.6658259835258,-0.6658259835257923
2023-10-18,P0005,S003,469,244.0,467.2783922010717,467.2783922010717,1.7216077989282894
2023-10-18,P0019,S003,149,225.0,149.98029707109788,149.98029707109788,-0.9802970710978798
2023-10-18,P0014,S003,322,166.0,321.5770356218826,321.5770356218826,0.42296437811739906
2023-10-18,P0014,S004,216,52.0,216.37729222938955,216.37729222938955,-0.3772922293895533
2023-10-18,P0005,S004,118,152.0,117.2804017074678,117.2804017074678,0.7195982925321971
2023-10-18,P0020,S003,309,171.0,308.0765846667605,308.0765846667605,0.9234153332395181
2023-10-18,P0015,S005,62,52.0,62.164522395746296,62.164522395746296,-0.164522395746296
2023-10-18,P0010,S001,85,222.0,85.0909288111922,85.0909288111922,-0.09092881119219953
2023-10-18,P0018,S004,10,71.0,10.087995686088034,10.087995686088034,-0.08799568608803376
2023-10-18,P0010,S004,319,158.0,318.28684656730144,318.28684656730144,0.7131534326985616
2023-10-18,P0006,S004,87,23.0,87.26379285676816,87.26379285676816,-0.26379285676816266
2023-10-18,P0007,S004,20,219.0,20.3805928697549,20.3805928697549,-0.38059286975489925
2023-10-18,P0020,S002,211,19.0,210.47649822889096,210.47649822889096,0.5235017711090393
2023-10-18,P0001,S002,140,357.0,140.33587674288222,140.33587674288222,-0.33587674288222047
2023-10-18,P0008,S002,92,150.0,91.84393289381156,91.84393289381156,0.15606710618844488
2023-10-18,P0015,S004,37,228.0,36.81472866960895,36.81472866960895,0.18527133039105337
2023-10-18,P0020,S004,14,106.0,13.639940598412494,13.639940598412494,0.36005940158750604
2023-10-18,P0003,S003,53,87.0,52.15647478645704,52.15647478645704,0.8435252135429607
2023-10-18,P0007,S005,135,150.0,135.17260161444068,135.17260161444068,-0.1726016144406799
2023-10-18,P0012,S002,341,35.0,341.17283593766746,341.17283593766746,-0.17283593766745753
2023-10-18,P0018,S002,36,161.0,36.44241933963812,36.44241933963812,-0.4424193396381213
2023-10-18,P0007,S002,232,166.0,231.23377915430137,231.23377915430137,0.7662208456986264
2023-10-18,P0019,S001,85,44.0,84.08109701518475,84.08109701518475,0.9189029848152472
2023-10-18,P0020,S005,157,9.0,157.2055129956037,157.2055129956037,-0.20551299560369785
2023-10-18,P0019,S005,123,134.0,122.86195594755459,122.86195594755459,0.13804405244540874
2023-10-18,P0017,S001,190,286.0,190.00365844918497,190.00365844918497,-0.003658449184968049
2023-10-18,P0013,S005,92,163.0,91.84040611443626,91.84040611443626,0.1595938855637371
2023-10-18,P0018,S003,106,68.0,106.50265870206887,106.50265870206887,-0.5026587020688709
2023-10-18,P0018,S005,40,2.0,40.3584927561199,40.3584927561199,-0.35849275611990095
2023-10-18,P0015,S001,157,6.0,157.20007086773595,157.20007086773595,-0.2000708677359455
2023-10-18,P0012,S004,195,77.0,194.8749226747918,194.8749226747918,0.1250773252081956
2023-10-18,P0013,S001,142,64.0,141.82789661810395,141.82789661810395,0.17210338189605068
2023-10-18,P0010,S003,58,65.0,58.339599617463314,58.339599617463314,-0.339599617463314
2023-10-18,P0004,S001,56,390.0,55.977527755038984,55.977527755038984,0.02247224496101552
2023-10-18,P0018,S001,45,33.0,45.82637776994843,45.82637776994843,-0.8263777699484294
2023-10-18,P0010,S002,421,85.0,425.4242914154282,425.4242914154282,-4.424291415428172
2023-10-18,P0006,S001,10,223.0,9.700958839253921,9.700958839253921,0.29904116074607856
2023-10-18,P0011,S004,198,150.0,197.673177558736,197.673177558736,0.3268224412639995
2023-10-18,P0014,S001,76,415.0,75.69593534077929,75.69593534077929,0.3040646592207139
2023-10-18,P0017,S004,15,115.0,14.875142365471957,14.875142365471957,0.124857634528043
2023-10-18,P0008,S004,23,266.0,22.42654870902943,22.42654870902943,0.5734512909705707
2023-10-18,P0008,S001,104,238.0,104.65433649544707,104.65433649544707,-0.654336495447069
2023-10-18,P0003,S005,194,42.0,194.06133174014178,194.06133174014178,-0.061331740141781665
2023-10-18,P0017,S005,94,303.0,93.28993844334484,93.28993844334484,0.7100615566551625
2023-10-18,P0012,S005,118,126.0,117.73055880072093,117.73055880072093,0.26944119927907195
2023-10-18,P0016,S001,42,231.0,42.226569296148455,42.226569296148455,-0.22656929614845467
2023-10-18,P0001,S004,118,140.0,117.95082982973987,117.95082982973987,0.049170170260126156
2023-10-18,P0006,S002,28,53.0,27.69614538893411,27.69614538893411,0.3038546110658906
2023-10-18,P0001,S003,129,350.0,129.71033740075785,129.71033740075785,-0.7103374007578509
2023-10-18,P0015,S002,2,402.0,2.02251768807361,2.02251768807361,-0.02251768807361021
2023-10-18,P0016,S002,287,55.0,284.76651398078224,284.76651398078224,2.2334860192177644
2023-10-18,P0002,S003,36,143.0,36.36105794189822,36.36105794189822,-0.36105794189821694
2023-10-18,P0016,S005,104,332.0,104.32946284501277,104.32946284501277,-0.32946284501277034
2023-10-18,P0003,S004,32,118.0,32.59010749696016,32.59010749696016,-0.5901074969601581
2023-10-18,P0012,S001,14,181.0,13.384386742387719,13.384386742387719,0.6156132576122815
2023-10-18,P0007,S003,141,293.0,140.79355447914224,140.79355447914224,0.20644552085775558
2023-10-18,P0015,S003,67,265.0,67.61951746364899,67.61951746364899,-0.6195174636489895
2023-10-18,P0010,S005,191,29.0,190.9294510044059,190.9294510044059,0.07054899559409478
2023-10-18,P0011,S001,31,471.0,31.227255543757888,31.227255543757888,-0.22725554375788803
2023-10-18,P0001,S001,108,100.0,108.87884956619503,108.87884956619503,-0.8788495661950293
2023-10-18,P0004,S002,32,46.0,31.890014967122028,31.890014967122028,0.10998503287797234
2023-10-18,P0009,S004,474,35.0,471.8755255400425,471.8755255400425,2.1244744599575256
2023-10-18,P0008,S003,26,51.0,26.23093640963253,26.23093640963253,-0.23093640963253037
2023-10-18,P0005,S002,19,67.0,19.077500192023248,19.077500192023248,-0.07750019202324765
2023-10-18,P0017,S002,5,33.0,5.543789402773198,5.543789402773198,-0.5437894027731982
2023-10-18,P0005,S005,221,151.0,221.06570290499263,221.06570290499263,-0.06570290499263365
2023-10-18,P0006,S003,154,453.0,154.46586239649258,154.46586239649258,-0.4658623964925823
2023-10-18,P0009,S002,130,33.0,129.78255526968417,129.78255526968417,0.2174447303158331
2023-10-18,P0005,S001,47,200.0,47.330063461703645,47.330063461703645,-0.3300634617036451
2023-10-18,P0017,S003,399,346.0,395.60525683184386,395.60525683184386,3.3947431681561397
2023-10-18,P0002,S004,54,105.0,53.765650478542284,53.765650478542284,0.23434952145771604
2023-10-19,P0014,S003,70,322.0,69.73114426624447,69.73114426624447,0.2688557337555295
2023-10-19,P0002,S005,80,278.0,79.99655113273131,79.99655113273131,0.00344886726868765
2023-10-19,P0002,S003,257,36.0,257.7098149287862,257.7098149287862,-0.7098149287862157
2023-10-19,P0008,S003,34,26.0,34.716681165138674,34.716681165138674,-0.7166811651386737
2023-10-19,P0020,S001,293,89.0,293.3427788055306,293.3427788055306,-0.3427788055305996
2023-10-19,P0002,S001,23,243.0,22.190085207757164,22.190085207757164,0.8099147922428358
2023-10-19,P0014,S004,69,216.0,68.69168563799872,68.69168563799872,0.30831436200128337
2023-10-19,P0015,S002,206,2.0,205.19618233912104,205.19618233912104,0.8038176608789627
2023-10-19,P0001,S004,198,118.0,197.85399257587292,197.85399257587292,0.14600742412707746
2023-10-19,P0014,S005,58,211.0,58.75271091266386,58.75271091266386,-0.7527109126638578
2023-10-19,P0004,S004,154,182.0,154.18130536571263,154.18130536571263,-0.18130536571263178
2023-10-19,P0001,S003,278,129.0,279.08496768243043,279.08496768243043,-1.084967682430431
2023-10-19,P0013,S003,31,103.0,30.881035281392265,30.881035281392265,0.11896471860773516
2023-10-19,P0006,S002,321,28.0,320.39050412596714,320.39050412596714,0.6094958740328593
2023-10-19,P0015,S003,86,67.0,86.36645837522049,86.36645837522049,-0.3664583752204891
2023-10-19,P0018,S003,157,106.0,156.99497731531076,156.99497731531076,0.005022684689237167
2023-10-19,P0017,S005,162,94.0,161.45954412002004,161.45954412002004,0.5404558799799588
2023-10-19,P0008,S004,267,23.0,265.8253460114866,265.8253460114866,1.1746539885133984
2023-10-19,P0014,S002,143,377.0,143.0559532260905,143.0559532260905,-0.05595322609050868
2023-10-19,P0011,S005,199,183.0,199.07156083405155,199.07156083405155,-0.071560834051553
2023-10-19,P0020,S004,309,14.0,309.7026647492258,309.7026647492258,-0.7026647492257894
2023-10-19,P0020,S005,2,157.0,2.6356746890195875,2.6356746890195875,-0.6356746890195875
2023-10-19,P0009,S001,64,311.0,64.55497389233673,64.55497389233673,-0.5549738923367329
2023-10-19,P0020,S003,34,309.0,33.350128562018014,33.350128562018014,0.6498714379819859
2023-10-19,P0009,S004,90,474.0,90.14862194092488,90.14862194092488,-0.14862194092488323
2023-10-19,P0003,S005,71,194.0,71.48159797406757,71.48159797406757,-0.48159797406756866
2023-10-19,P0009,S003,172,123.0,172.63134440609923,172.63134440609923,-0.631344406099231
2023-10-19,P0011,S002,165,77.0,164.74722055424277,164.74722055424277,0.252779445757227
2023-10-19,P0011,S003,291,155.0,289.6723097661939,289.6723097661939,1.327690233806095
2023-10-19,P0004,S002,76,32.0,76.24367759327227,76.24367759327227,-0.2436775932722668
2023-10-19,P0012,S005,101,118.0,101.13089354834415,101.13089354834415,-0.13089354834414735
2023-10-19,P0018,S002,16,36.0,16.062577229088173,16.062577229088173,-0.06257722908817342
2023-10-19,P0003,S001,168,12.0,167.94758467836795,167.94758467836795,0.0524153216320542
2023-10-19,P0010,S004,127,319.0,127.77854598252777,127.77854598252777,-0.7785459825277741
2023-10-19,P0005,S004,83,118.0,82.64938086738452,82.64938086738452,0.3506191326154777
2023-10-19,P0009,S002,84,130.0,84.26852708623089,84.26852708623089,-0.2685270862308897
2023-10-19,P0018,S005,66,40.0,66.26234349517252,66.26234349517252,-0.2623434951725159
2023-10-19,P0003,S003,53,53.0,52.44034522094262,52.44034522094262,0.5596547790573823
2023-10-19,P0007,S002,141,232.0,140.92213966905396,140.92213966905396,0.07786033094603795
2023-10-19,P0015,S001,130,157.0,130.30886386098507,130.30886386098507,-0.30886386098507046
2023-10-19,P0004,S003,382,18.0,379.5509662077083,379.5509662077083,2.4490337922916865
2023-10-19,P0015,S004,241,37.0,239.6098583116951,239.6098583116951,1.390141688304908
2023-10-19,P0012,S004,112,195.0,112.62375872417606,112.62375872417606,-0.6237587241760565
2023-10-19,P0006,S003,151,154.0,150.72281908625843,150.72281908625843,0.2771809137415744
2023-10-19,P0001,S002,16,140.0,16.180856126965203,16.180856126965203,-0.18085612696520315
2023-10-19,P0019,S001,221,85.0,219.88458013240674,219.88458013240674,1.1154198675932605
2023-10-19,P0020,S002,316,211.0,314.2882843832201,314.2882843832201,1.711715616779884
2023-10-19,P0010,S003,238,58.0,239.093436404308,239.093436404308,-1.0934364043079938
2023-10-19,P0019,S002,101,80.0,100.48561015751727,100.48561015751727,0.5143898424827285
2023-10-19,P0003,S004,61,32.0,60.63831433842525,60.63831433842525,0.3616856615747466
2023-10-19,P0007,S004,204,20.0,203.27140900453415,203.27140900453415,0.7285909954658507
2023-10-19,P0005,S005,72,221.0,72.11750631808697,72.11750631808697,-0.1175063180869671
2023-10-19,P0006,S004,338,87.0,335.641285174401,335.641285174401,2.3587148255990087
2023-10-19,P0007,S001,19,16.0,18.96669470541335,18.96669470541335,0.03330529458665055
2023-10-19,P0013,S002,68,169.0,67.6124077109275,67.6124077109275,0.38759228907250076
2023-10-19,P0010,S001,206,85.0,204.77793778304434,204.77793778304434,1.2220622169556634
2023-10-19,P0010,S002,72,421.0,72.21832047716573,72.21832047716573,-0.218320477165733
2023-10-19,P0017,S003,278,399.0,276.8486211929247,276.8486211929247,1.1513788070752753
2023-10-19,P0006,S001,283,10.0,284.44816727913275,284.44816727913275,-1.448167279132747
2023-10-19,P0008,S005,8,85.0,8.5964100064059,8.5964100064059,-0.5964100064059004
2023-10-19,P0017,S001,243,190.0,243.292851201242,243.292851201242,-0.2928512012420015
2023-10-19,P0012,S003,200,114.0,200.77473929470582,200.77473929470582,-0.7747392947058245
2023-10-19,P0011,S004,3,198.0,2.974718034143214,2.974718034143214,0.025281965856786215
2023-10-19,P0016,S002,30,287.0,30.065520798329224,30.065520798329224,-0.0655207983292243
2023-10-19,P0007,S003,116,141.0,116.49053172935692,116.49053172935692,-0.4905317293569169
2023-10-19,P0004,S001,293,56.0,293.13001401777706,293.13001401777706,-0.13001401777705723
2023-10-19,P0013,S001,63,142.0,62.91753203241352,62.91753203241352,0.08246796758648145
2023-10-19,P0008,S002,430,92.0,432.3529203480926,432.3529203480926,-2.3529203480925958
2023-10-19,P0001,S005,280,376.0,280.98891644975185,280.98891644975185,-0.988916449751855
2023-10-19,P0005,S001,47,47.0,47.06634759118353,47.06634759118353,-0.06634759118352918
2023-10-19,P0019,S003,92,149.0,91.90551368340019,91.90551368340019,0.09448631659981288
2023-10-19,P0012,S001,118,14.0,118.24581854741282,118.24581854741282,-0.24581854741282427
2023-10-19,P0012,S002,312,341.0,312.5961036266073,312.5961036266073,-0.5961036266073165
2023-10-19,P0015,S005,461,62.0,464.9714271515929,464.9714271515929,-3.971427151592877
2023-10-19,P0018,S004,12,10.0,12.273609076896477,12.273609076896477,-0.2736090768964772
2023-10-19,P0019,S004,254,173.0,253.54165813197366,253.54165813197366,0.4583418680263378
2023-10-19,P0013,S004,1,38.0,0.5878364928964765,0.5878364928964765,0.41216350710352345
2023-10-19,P0014,S001,52,76.0,52.054335669628855,52.054335669628855,-0.0543356696288555
2023-10-19,P0018,S001,2,45.0,1.9362342689357304,1.9362342689357304,0.06376573106426964
2023-10-19,P0007,S005,85,135.0,84.94004543541816,84.94004543541816,0.05995456458184378
2023-10-19,P0017,S004,270,15.0,269.9069408423864,269.9069408423864,0.09305915761359529
2023-10-19,P0001,S001,201,108.0,199.1372431920703,199.1372431920703,1.8627568079297134
2023-10-19,P0004,S005,145,88.0,144.74429234796813,144.74429234796813,0.25570765203187307
2023-10-19,P0003,S002,2,97.0,1.5769660497577824,1.5769660497577824,0.42303395024221757
2023-10-19,P0006,S005,300,56.0,300.9405462751284,300.9405462751284,-0.9405462751283835
2023-10-19,P0013,S005,233,92.0,231.89396841932876,231.89396841932876,1.1060315806712424
2023-10-19,P0019,S005,99,123.0,98.40761481246085,98.40761481246085,0.5923851875391506
2023-10-19,P0016,S004,74,141.0,74.2405770951899,74.2405770951899,-0.24057709518990578
2023-10-19,P0016,S005,209,104.0,209.127623102656,209.127623102656,-0.12762310265600263
2023-10-19,P0010,S005,16,191.0,16.159646594805743,16.159646594805743,-0.15964659480574284
2023-10-19,P0011,S001,81,31.0,80.74812615003859,80.74812615003859,0.25187384996141304
2023-10-19,P0002,S004,345,54.0,345.3247534427702,345.3247534427702,-0.3247534427702021
2023-10-19,P0005,S002,66,19.0,66.2029839371594,66.2029839371594,-0.20298393715940222
2023-10-19,P0017,S002,0,5.0,0.22658157361172138,0.22658157361172138,-0.22658157361172138
2023-10-19,P0005,S003,139,469.0,138.3712262576773,138.3712262576773,0.6287737423226929
2023-10-19,P0016,S003,236,62.0,236.18880154960797,236.18880154960797,-0.18880154960797313
2023-10-19,P0009,S005,70,155.0,69.97394559845318,69.97394559845318,0.026054401546815598
2023-10-19,P0008,S001,232,104.0,233.28743916906822,233.28743916906822,-1.2874391690682216
2023-10-19,P0016,S001,396,42.0,396.2002847790237,396.2002847790237,-0.20028477902371833
2023-10-19,P0002,S002,12,7.0,12.463025810453939,12.463025810453939,-0.46302581045393865
2023-10-20,P0020,S005,173,2.0,173.84149234291027,173.84149234291027,-0.8414923429102714
2023-10-20,P0013,S005,109,233.0,108.53335530197991,108.53335530197991,0.46664469802009023
2023-10-20,P0009,S005,349,70.0,346.6001555054974,346.6001555054974,2.399844494502588
2023-10-20,P0010,S002,71,72.0,70.80715060670082,70.80715060670082,0.19284939329918416
2023-10-20,P0014,S001,26,52.0,25.86581509444161,25.86581509444161,0.13418490555838858
2023-10-20,P0019,S005,82,99.0,81.17250017459031,81.17250017459031,0.8274998254096886
2023-10-20,P0006,S001,102,283.0,102.7104131275245,102.7104131275245,-0.7104131275245038
2023-10-20,P0017,S001,13,243.0,12.30824452880374,12.30824452880374,0.6917554711962595
2023-10-20,P0015,S004,350,241.0,349.77286057616476,349.77286057616476,0.22713942383524
2023-10-20,P0011,S005,111,199.0,110.94671240993432,110.94671240993432,0.05328759006567907
2023-10-20,P0013,S004,346,1.0,346.44228215739327,346.44228215739327,-0.44228215739326515
2023-10-20,P0016,S002,186,30.0,187.22920337619146,187.22920337619146,-1.2292033761914638
2023-10-20,P0009,S001,193,64.0,193.13633122616832,193.13633122616832,-0.13633122616832338
2023-10-20,P0001,S002,101,16.0,100.41063162825317,100.41063162825317,0.5893683717468292
2023-10-20,P0014,S005,97,58.0,97.03128573859064,97.03128573859064,-0.03128573859063977
2023-10-20,P0015,S003,17,86.0,16.559703348669537,16.559703348669537,0.44029665133046336
2023-10-20,P0009,S004,34,90.0,34.322644344822415,34.322644344822415,-0.32264434482241455
2023-10-20,P0016,S004,7,74.0,7.33294094247582,7.33294094247582,-0.33294094247581985
2023-10-20,P0020,S002,64,316.0,64.40468237833149,64.40468237833149,-0.40468237833148635
2023-10-20,P0001,S004,12,198.0,12.065048944609046,12.065048944609046,-0.06504894460904609
2023-10-20,P0020,S001,257,293.0,255.05369686302478,255.05369686302478,1.9463031369752173
2023-10-20,P0011,S004,204,3.0,203.01116061477603,203.01116061477603,0.9888393852239687
2023-10-20,P0009,S003,130,172.0,130.5104783311363,130.5104783311363,-0.5104783311363121
2023-10-20,P0007,S004,411,204.0,411.45015680237,411.45015680237,-0.4501568023699747
2023-10-20,P0018,S002,111,16.0,110.72112286738206,110.72112286738206,0.2788771326179358
2023-10-20,P0018,S003,166,157.0,165.1920978528002,165.1920978528002,0.8079021471997976
2023-10-20,P0019,S004,227,254.0,226.4873086646884,226.4873086646884,0.5126913353115867
2023-10-20,P0008,S002,297,430.0,298.53087978651763,298.53087978651763,-1.5308797865176302
2023-10-20,P0017,S005,248,162.0,247.19811429245536,247.19811429245536,0.801885707544642
2023-10-20,P0004,S003,83,382.0,82.35905842901502,82.35905842901502,0.6409415709849782
2023-10-20,P0001,S001,377,201.0,377.0083338697884,377.0083338697884,-0.00833386978837325
2023-10-20,P0011,S003,232,291.0,232.73729609789032,232.73729609789032,-0.7372960978903222
2023-10-20,P0008,S001,201,232.0,201.80448301882157,201.80448301882157,-0.8044830188215712
2023-10-20,P0012,S004,187,112.0,185.76590166174398,185.76590166174398,1.2340983382560182
2023-10-20,P0004,S005,435,145.0,434.02111119128926,434.02111119128926,0.9788888087107352
2023-10-20,P0017,S004,446,270.0,445.43343362673414,445.43343362673414,0.5665663732658572
2023-10-20,P0019,S002,357,101.0,358.6960782771174,358.6960782771174,-1.696078277117408
2023-10-20,P0015,S001,142,130.0,141.83616444648882,141.83616444648882,0.16383555351117707
2023-10-20,P0012,S003,79,200.0,78.7442309929928,78.7442309929928,0.25576900700720273
2023-10-20,P0010,S003,84,238.0,83.82233924569945,83.82233924569945,0.17766075430054684
2023-10-20,P0002,S004,168,345.0,168.59909341299394,168.59909341299394,-0.5990934129939376
2023-10-20,P0002,S005,161,80.0,160.27042270221872,160.27042270221872,0.729577297781276
2023-10-20,P0008,S004,130,267.0,130.44822015821453,130.44822015821453,-0.4482201582145251
2023-10-20,P0014,S004,138,69.0,137.3280464688616,137.3280464688616,0.6719535311383993
2023-10-20,P0019,S001,196,221.0,196.44114890096952,196.44114890096952,-0.4411489009695231
2023-10-20,P0018,S005,349,66.0,347.05571719587243,347.05571719587243,1.9442828041275675
2023-10-20,P0004,S001,210,293.0,209.34357228841927,209.34357228841927,0.6564277115807329
2023-10-20,P0007,S005,107,85.0,106.60166959940481,106.60166959940481,0.3983304005951851
2023-10-20,P0008,S005,54,8.0,53.5692655962022,53.5692655962022,0.4307344037977998
2023-10-20,P0013,S002,90,68.0,90.4808208928347,90.4808208928347,-0.4808208928347
2023-10-20,P0006,S005,88,300.0,88.59130344387926,88.59130344387926,-0.591303443879255
2023-10-20,P0018,S001,383,2.0,383.3880478037047,383.3880478037047,-0.38804780370469416
2023-10-20,P0003,S003,264,53.0,264.7871699057673,264.7871699057673,-0.787169905767314
2023-10-20,P0008,S003,10,34.0,10.237730330972093,10.237730330972093,-0.23773033097209328
2023-10-20,P0003,S005,108,71.0,108.22336969530136,108.22336969530136,-0.22336969530135775
2023-10-20,P0007,S001,63,19.0,62.902879712923855,62.902879712923855,0.09712028707614451
2023-10-20,P0006,S004,67,338.0,66.78259318666483,66.78259318666483,0.21740681333517387
2023-10-20,P0003,S002,190,2.0,190.88891719873183,190.88891719873183,-0.8889171987318321
2023-10-20,P0020,S004,119,309.0,118.85563714564351,118.85563714564351,0.144362854356487
2023-10-20,P0020,S003,336,34.0,337.2273123164037,337.2273123164037,-1.2273123164036974
2023-10-20,P0015,S002,131,206.0,131.79544007908285,131.79544007908285,-0.7954400790828515
2023-10-20,P0007,S003,254,116.0,255.423183793828,255.423183793828,-1.4231837938280023
2023-10-20,P0014,S003,357,70.0,359.16915381783093,359.16915381783093,-2.1691538178309315
2023-10-20,P0016,S005,99,209.0,99.14437366001592,99.14437366001592,-0.14437366001591556
2023-10-20,P0004,S002,131,76.0,130.8791701295016,130.8791701295016,0.12082987049839744
2023-10-20,P0019,S003,58,92.0,58.79117486721159,58.79117486721159,-0.7911748672115877
2023-10-20,P0006,S003,206,151.0,205.59592676065466,205.59592676065466,0.4040732393453368
2023-10-20,P0002,S001,65,23.0,65.2356461781922,65.2356461781922,-0.2356461781921979
2023-10-20,P0005,S003,130,139.0,130.09511175438305,130.09511175438305,-0.09511175438305486
2023-10-20,P0001,S003,282,278.0,279.67417433120585,279.67417433120585,2.3258256687941525
2023-10-20,P0016,S001,70,396.0,69.72158778879624,69.72158778879624,0.2784122112037579
2023-10-20,P0005,S002,125,66.0,124.74894349611648,124.74894349611648,0.2510565038835182
2023-10-20,P0004,S004,32,154.0,32.647153157851164,32.647153157851164,-0.6471531578511645
2023-10-20,P0005,S005,285,72.0,285.12068093341065,285.12068093341065,-0.12068093341065378
2023-10-20,P0013,S003,174,31.0,174.08254436059516,174.08254436059516,-0.08254436059516479
2023-10-20,P0017,S002,280,0.0,279.744778613085,279.744778613085,0.25522138691502505
2023-10-20,P0006,S002,198,321.0,198.76738756645435,198.76738756645435,-0.7673875664543459
2023-10-20,P0005,S001,197,47.0,197.43088752171872,197.43088752171872,-0.43088752171871647
2023-10-20,P0016,S003,312,236.0,310.44369901366,310.44369901366,1.556300986339977
2023-10-20,P0012,S005,5,101.0,5.210821964762317,5.210821964762317,-0.2108219647623173
2023-10-20,P0003,S001,56,168.0,55.567913404681114,55.567913404681114,0.4320865953188857
2023-10-20,P0017,S003,277,278.0,278.13732170652855,278.13732170652855,-1.137321706528553
2023-10-20,P0011,S002,40,165.0,40.366291505946926,40.366291505946926,-0.3662915059469256
2023-10-20,P0014,S002,178,143.0,177.80994604147574,177.80994604147574,0.19005395852425977
2023-10-20,P0010,S004,137,127.0,137.01865787617422,137.01865787617422,-0.01865787617421688
2023-10-20,P0001,S005,248,280.0,248.329834454469,248.329834454469,-0.32983445446899395
2023-10-20,P0002,S002,75,12.0,75.1140978031688,75.1140978031688,-0.11409780316880358
2023-10-20,P0015,S005,71,461.0,70.59780520190006,70.59780520190006,0.4021947980999414
2023-10-20,P0003,S004,371,61.0,371.371975109007,371.371975109007,-0.37197510900699626
2023-10-20,P0012,S001,358,118.0,357.57425467731764,357.57425467731764,0.42574532268236
2023-10-20,P0012,S002,84,312.0,84.64415629014005,84.64415629014005,-0.6441562901400459
2023-10-20,P0009,S002,10,84.0,9.866438036062567,9.866438036062567,0.13356196393743325
2023-10-20,P0005,S004,211,83.0,210.78134901576215,210.78134901576215,0.21865098423785412
2023-10-20,P0010,S001,32,206.0,32.29512366316694,32.29512366316694,-0.2951236631669403
2023-10-20,P0011,S001,63,81.0,62.229162556814316,62.229162556814316,0.7708374431856839
2023-10-20,P0007,S002,160,141.0,160.5144330153346,160.5144330153346,-0.5144330153345891
2023-10-20,P0002,S003,44,257.0,43.692304421442195,43.692304421442195,0.30769557855780505
2023-10-20,P0013,S001,310,63.0,310.13820393904723,310.13820393904723,-0.13820393904723005
2023-10-20,P0010,S005,170,16.0,169.49976891972736,169.49976891972736,0.5002310802726413
2023-10-20,P0018,S004,136,12.0,136.3957889546378,136.3957889546378,-0.3957889546377942
2023-10-21,P0017,S001,327,13.0,326.26676773591026,326.26676773591026,0.733232264089736
2023-10-21,P0009,S003,452,130.0,453.45723400191264,453.45723400191264,-1.4572340019126386
2023-10-21,P0005,S005,230,285.0,229.16998525857062,229.16998525857062,0.8300147414293804
2023-10-21,P0017,S002,46,280.0,46.67742057572771,46.67742057572771,-0.6774205757277088
2023-10-21,P0020,S004,124,119.0,123.72878770318441,123.72878770318441,0.271212296815591
2023-10-21,P0015,S001,103,142.0,103.34703877635356,103.34703877635356,-0.34703877635355695
2023-10-21,P0019,S002,48,357.0,47.3470408347304,47.3470408347304,0.6529591652695999
2023-10-21,P0006,S003,168,206.0,167.40779611108428,167.40779611108428,0.5922038889157193
2023-10-21,P0004,S005,3,435.0,2.6672131140193276,2.6672131140193276,0.3327868859806724
2023-10-21,P0010,S005,24,170.0,23.345907446480478,23.345907446480478,0.6540925535195221
2023-10-21,P0008,S001,24,201.0,23.144897495428836,23.144897495428836,0.855102504571164
2023-10-21,P0004,S004,252,32.0,252.61060646345658,252.61060646345658,-0.6106064634565769
2023-10-21,P0011,S005,37,111.0,36.68253638259065,36.68253638259065,0.31746361740935214
2023-10-21,P0009,S002,87,10.0,85.67585254264702,85.67585254264702,1.3241474573529786
2023-10-21,P0017,S003,236,277.0,236.40567211080233,236.40567211080233,-0.40567211080232823
2023-10-21,P0004,S003,2,83.0,2.2225713597706003,2.2225713597706003,-0.22257135977060027
2023-10-21,P0018,S002,188,111.0,188.80621488332667,188.80621488332667,-0.8062148833266747
2023-10-21,P0007,S001,110,63.0,110.0291113273182,110.0291113273182,-0.02911132731820487
2023-10-21,P0008,S005,142,54.0,141.61513957574735,141.61513957574735,0.38486042425265055
2023-10-21,P0018,S005,118,349.0,117.718648585844,117.718648585844,0.2813514141560063
2023-10-21,P0015,S003,215,17.0,214.95672095781296,214.95672095781296,0.04327904218703793
2023-10-21,P0002,S002,145,75.0,145.2219175093598,145.2219175093598,-0.22191750935979826
2023-10-21,P0014,S002,352,178.0,350.83258541998043,350.83258541998043,1.1674145800195674
2023-10-21,P0019,S005,282,82.0,281.0871801298622,281.0871801298622,0.9128198701378096
2023-10-21,P0020,S005,56,173.0,55.8910494373417,55.8910494373417,0.1089505626583005
2023-10-21,P0007,S003,96,254.0,95.71799367592176,95.71799367592176,0.2820063240782389
2023-10-21,P0014,S005,142,97.0,142.24772523983466,142.24772523983466,-0.247725239834665
2023-10-21,P0002,S005,70,161.0,70.49721308033823,70.49721308033823,-0.4972130803382271
2023-10-21,P0011,S001,94,63.0,94.09186935262419,94.09186935262419,-0.09186935262418672
2023-10-21,P0004,S002,135,131.0,134.75150429684487,134.75150429684487,0.24849570315512892
2023-10-21,P0013,S005,75,109.0,74.69949126338511,74.69949126338511,0.3005087366148871
2023-10-21,P0007,S002,21,160.0,20.865406329951146,20.865406329951146,0.13459367004885436
2023-10-21,P0017,S005,22,248.0,20.513699846006347,20.513699846006347,1.4863001539936533
2023-10-21,P0013,S001,348,310.0,350.35977660454085,350.35977660454085,-2.359776604540855
2023-10-21,P0006,S005,196,88.0,195.0634095913403,195.0634095913403,0.936590408659697
2023-10-21,P0016,S005,72,99.0,72.50676614579581,72.50676614579581,-0.5067661457958081
2023-10-21,P0009,S004,179,34.0,178.38365432461887,178.38365432461887,0.6163456753811261
2023-10-21,P0008,S004,198,130.0,197.69465415174335,197.69465415174335,0.3053458482566498
2023-10-21,P0005,S002,10,125.0,10.304252863702688,10.304252863702688,-0.304252863702688
2023-10-21,P0016,S004,161,7.0,160.5521039810853,160.5521039810853,0.44789601891469033
2023-10-21,P0018,S001,201,383.0,200.63085371677454,200.63085371677454,0.3691462832254615
2023-10-21,P0018,S003,265,166.0,264.57280973936696,264.57280973936696,0.42719026063304
2023-10-21,P0012,S005,21,5.0,20.900296462445496,20.900296462445496,0.0997035375545039
2023-10-21,P0019,S001,253,196.0,253.59757726586014,253.59757726586014,-0.5975772658601386
2023-10-21,P0020,S001,5,257.0,4.9178368827670065,4.9178368827670065,0.08216311723299352
2023-10-21,P0015,S005,79,71.0,79.75345482777114,79.75345482777114,-0.7534548277711366
2023-10-21,P0002,S003,146,44.0,146.26263957570188,146.26263957570188,-0.2626395757018827
2023-10-21,P0018,S004,57,136.0,56.82997716569242,56.82997716569242,0.1700228343075807
2023-10-21,P0006,S004,129,67.0,128.75544228791674,128.75544228791674,0.24455771208326382
2023-10-21,P0019,S003,414,58.0,411.78287302745474,411.78287302745474,2.217126972545259
2023-10-21,P0010,S001,38,32.0,38.497447908630875,38.497447908630875,-0.49744790863087474
2023-10-21,P0012,S001,54,358.0,54.50008263599198,54.50008263599198,-0.5000826359919799
2023-10-21,P0007,S004,36,411.0,36.107362155809106,36.107362155809106,-0.10736215580910624
2023-10-21,P0003,S005,20,108.0,18.70641442577076,18.70641442577076,1.2935855742292404
2023-10-21,P0001,S001,56,377.0,56.127657751595144,56.127657751595144,-0.12765775159514448
2023-10-21,P0016,S002,240,186.0,240.73991359199084,240.73991359199084,-0.7399135919908417
2023-10-21,P0001,S004,62,12.0,62.46312317808153,62.46312317808153,-0.46312317808153125
2023-10-21,P0001,S002,13,101.0,12.661250070383625,12.661250070383625,0.33874992961637496
2023-10-21,P0010,S002,252,71.0,251.9564735083379,251.9564735083379,0.04352649166210654
2023-10-21,P0011,S004,435,204.0,436.00914914852905,436.00914914852905,-1.0091491485290476
2023-10-21,P0015,S004,86,350.0,86.13855989744113,86.13855989744113,-0.13855989744112662
2023-10-21,P0005,S004,238,211.0,237.9486544192852,237.9486544192852,0.0513455807148091
2023-10-21,P0020,S003,63,336.0,62.50564346438749,62.50564346438749,0.4943565356125106
2023-10-21,P0011,S002,409,40.0,411.0976823518707,411.0976823518707,-2.0976823518706738
2023-10-21,P0005,S001,143,197.0,143.41630789320467,143.41630789320467,-0.41630789320467443
2023-10-21,P0013,S003,224,174.0,225.0438282087525,225.0438282087525,-1.043828208752501
2023-10-21,P0006,S002,214,198.0,213.93310138711337,213.93310138711337,0.06689861288663224
2023-10-21,P0012,S002,69,84.0,68.8786649324337,68.8786649324337,0.12133506756630652
2023-10-21,P0001,S003,151,282.0,151.9208142899599,151.9208142899599,-0.9208142899599068
2023-10-21,P0016,S001,221,70.0,221.0371710671838,221.0371710671838,-0.03717106718380592
2023-10-21,P0005,S003,201,130.0,202.02322676663564,202.02322676663564,-1.023226766635645
2023-10-21,P0003,S001,130,56.0,129.66286336283707,129.66286336283707,0.33713663716292785
2023-10-21,P0016,S003,17,312.0,16.410845490010708,16.410845490010708,0.5891545099892923
2023-10-21,P0003,S004,5,371.0,5.411583296884393,5.411583296884393,-0.4115832968843929
2023-10-21,P0001,S005,241,248.0,240.60066507707455,240.60066507707455,0.3993349229254477
2023-10-21,P0014,S003,99,357.0,99.18410662952293,99.18410662952293,-0.18410662952292967
2023-10-21,P0015,S002,138,131.0,137.92727736163178,137.92727736163178,0.07272263836821935
2023-10-21,P0002,S001,46,65.0,45.72116541767932,45.72116541767932,0.2788345823206768
2023-10-21,P0006,S001,225,102.0,225.43808143422808,225.43808143422808,-0.43808143422808143
2023-10-21,P0020,S002,234,64.0,234.05755625104925,234.05755625104925,-0.057556251049248885
2023-10-21,P0008,S003,126,10.0,125.59140833766622,125.59140833766622,0.40859166233377664
2023-10-21,P0007,S005,453,107.0,453.56183626707616,453.56183626707616,-0.5618362670761599
2023-10-21,P0002,S004,155,168.0,155.17375307304553,155.17375307304553,-0.1737530730455319
2023-10-21,P0013,S004,216,346.0,216.21483571202165,216.21483571202165,-0.21483571202165308
2023-10-21,P0004,S001,167,210.0,167.49733176818503,167.49733176818503,-0.49733176818503466
2023-10-21,P0012,S003,109,79.0,109.37474964062271,109.37474964062271,-0.37474964062271
2023-10-21,P0013,S002,113,90.0,112.07083492548892,112.07083492548892,0.9291650745110758
2023-10-21,P0003,S003,46,264.0,45.60589638073869,45.60589638073869,0.3941036192613083
2023-10-21,P0010,S003,123,84.0,123.07632953080001,123.07632953080001,-0.07632953080000959
2023-10-21,P0010,S004,172,137.0,172.64311198363748,172.64311198363748,-0.6431119836374819
2023-10-21,P0008,S002,234,297.0,234.7367136613553,234.7367136613553,-0.73671366135531
2023-10-21,P0019,S004,153,227.0,153.38920107796386,153.38920107796386,-0.38920107796386105
2023-10-21,P0017,S004,168,446.0,168.0987323368515,168.0987323368515,-0.09873233685149785
2023-10-21,P0014,S001,359,26.0,360.47353543942825,360.47353543942825,-1.4735354394282467
2023-10-21,P0009,S001,4,193.0,4.729118427661935,4.729118427661935,-0.7291184276619349
2023-10-21,P0009,S005,94,349.0,94.01542795236946,94.01542795236946,-0.015427952369464037
2023-10-21,P0012,S004,105,187.0,105.41481846646371,105.41481846646371,-0.41481846646371423
2023-10-21,P0011,S003,177,232.0,177.7209366668222,177.7209366668222,-0.7209366668222117
2023-10-21,P0003,S002,393,190.0,392.36394110333083,392.36394110333083,0.6360588966691694
2023-10-21,P0014,S004,63,138.0,63.487829864443086,63.487829864443086,-0.4878298644430856
2023-10-22,P0010,S003,387,123.0,390.9417246893707,390.9417246893707,-3.9417246893706874
2023-10-22,P0017,S004,149,168.0,149.7750286677893,149.7750286677893,-0.7750286677892859
2023-10-22,P0017,S005,69,22.0,68.71504280308892,68.71504280308892,0.2849571969110798
2023-10-22,P0003,S004,32,5.0,32.001669023626356,32.001669023626356,-0.0016690236263556812
2023-10-22,P0012,S004,112,105.0,112.85633570437521,112.85633570437521,-0.856335704375212
2023-10-22,P0005,S001,80,143.0,79.65264872178216,79.65264872178216,0.3473512782178432
2023-10-22,P0019,S005,75,282.0,74.61284917703567,74.61284917703567,0.3871508229643297
2023-10-22,P0015,S001,323,103.0,323.63660574749406,323.63660574749406,-0.636605747494059
2023-10-22,P0018,S003,296,265.0,294.46970560948887,294.46970560948887,1.5302943905111306
2023-10-22,P0007,S003,108,96.0,108.41910948199092,108.41910948199092,-0.41910948199091536
2023-10-22,P0006,S002,102,214.0,101.86077293086049,101.86077293086049,0.13922706913950833
2023-10-22,P0012,S005,73,21.0,73.31781092665642,73.31781092665642,-0.31781092665642063
2023-10-22,P0015,S002,304,138.0,303.77951412275615,303.77951412275615,0.2204858772438456
2023-10-22,P0001,S003,198,151.0,198.6812717705926,198.6812717705926,-0.6812717705925877
2023-10-22,P0016,S005,125,72.0,125.22351411890945,125.22351411890945,-0.22351411890944917
2023-10-22,P0005,S005,275,230.0,274.52788820492,274.52788820492,0.4721117950800249
2023-10-22,P0007,S002,97,21.0,97.8797000079375,97.8797000079375,-0.879700007937501
2023-10-22,P0019,S001,136,253.0,135.49969263863758,135.49969263863758,0.5003073613624167
2023-10-22,P0006,S001,50,225.0,50.36039273897923,50.36039273897923,-0.36039273897922897
2023-10-22,P0008,S004,44,198.0,44.013980017805956,44.013980017805956,-0.013980017805955924
2023-10-22,P0010,S002,2,252.0,2.1331297005194525,2.1331297005194525,-0.1331297005194525
2023-10-22,P0009,S004,74,179.0,73.539566369272,73.539566369272,0.46043363072800503
2023-10-22,P0001,S004,203,62.0,202.503807812576,202.503807812576,0.4961921874239863
2023-10-22,P0020,S005,69,56.0,68.5158425989249,68.5158425989249,0.48415740107509464
2023-10-22,P0016,S002,338,240.0,336.0164953035727,336.0164953035727,1.9835046964273033
2023-10-22,P0014,S001,94,359.0,94.91689139316776,94.91689139316776,-0.9168913931677594
2023-10-22,P0009,S002,207,87.0,206.33867044023407,206.33867044023407,0.6613295597659317
2023-10-22,P0001,S001,152,56.0,152.58148525301158,152.58148525301158,-0.5814852530115786
2023-10-22,P0011,S004,330,435.0,329.3423204798717,329.3423204798717,0.6576795201282835
2023-10-22,P0017,S003,361,236.0,359.7664910906212,359.7664910906212,1.233508909378827
2023-10-22,P0010,S005,170,24.0,169.2980465205174,169.2980465205174,0.7019534794825972
2023-10-22,P0013,S005,81,75.0,80.66611361361842,80.66611361361842,0.33388638638157886
2023-10-22,P0019,S003,83,414.0,83.34880795000977,83.34880795000977,-0.34880795000977116
2023-10-22,P0002,S004,247,155.0,246.61863096636017,246.61863096636017,0.3813690336398281
2023-10-22,P0017,S002,180,46.0,179.97155082398916,179.97155082398916,0.028449176010838073
2023-10-22,P0016,S001,132,221.0,132.5006538417833,132.5006538417833,-0.5006538417833042
2023-10-22,P0002,S003,279,146.0,278.6138765281926,278.6138765281926,0.3861234718074229
2023-10-22,P0003,S005,29,20.0,28.522952329062335,28.522952329062335,0.4770476709376652
2023-10-22,P0004,S001,126,167.0,126.44284290031973,126.44284290031973,-0.4428429003197323
2023-10-22,P0018,S005,60,118.0,60.04793077158788,60.04793077158788,-0.04793077158787895
2023-10-22,P0012,S001,318,54.0,316.6162545158671,316.6162545158671,1.3837454841328736
2023-10-22,P0011,S001,322,94.0,324.3366727199883,324.3366727199883,-2.3366727199883144
2023-10-22,P0008,S001,49,24.0,49.453422358132954,49.453422358132954,-0.4534223581329542
2023-10-22,P0019,S002,19,48.0,18.986987849234147,18.986987849234147,0.013012150765852937
2023-10-22,P0005,S004,205,238.0,205.13799866764555,205.13799866764555,-0.13799866764554736
2023-10-22,P0007,S001,90,110.0,89.85476377590493,89.85476377590493,0.14523622409507198
2023-10-22,P0001,S005,278,241.0,279.2671936394986,279.2671936394986,-1.2671936394986005
2023-10-22,P0020,S003,83,63.0,82.99226069406102,82.99226069406102,0.007739305938983421
2023-10-22,P0008,S005,95,142.0,94.80367629342217,94.80367629342217,0.19632370657782872
2023-10-22,P0004,S005,143,3.0,143.08498792395375,143.08498792395375,-0.08498792395374721
2023-10-22,P0006,S005,2,196.0,1.3741426447792808,1.3741426447792808,0.6258573552207192
2023-10-22,P0014,S003,22,99.0,21.749930646769446,21.749930646769446,0.250069353230554
2023-10-22,P0016,S003,122,17.0,121.60171308728926,121.60171308728926,0.3982869127107449
2023-10-22,P0018,S001,114,201.0,113.61999593121111,113.61999593121111,0.38000406878889237
2023-10-22,P0015,S003,79,215.0,78.90897046501509,78.90897046501509,0.09102953498491217
2023-10-22,P0002,S001,78,46.0,78.06969301086278,78.06969301086278,-0.06969301086277824
2023-10-22,P0005,S003,48,201.0,47.56661245936047,47.56661245936047,0.43338754063952933
2023-10-22,P0009,S005,230,94.0,231.14446644401448,231.14446644401448,-1.1444664440144834
2023-10-22,P0020,S001,15,5.0,15.598024262742342,15.598024262742342,-0.5980242627423422
2023-10-22,P0006,S004,49,129.0,49.05410999702142,49.05410999702142,-0.0541099970214205
2023-10-22,P0003,S002,208,393.0,207.7732644487482,207.7732644487482,0.22673555125180656
2023-10-22,P0015,S004,230,86.0,229.38420623774277,229.38420623774277,0.6157937622572263
2023-10-22,P0008,S003,206,126.0,206.23616701779184,206.23616701779184,-0.23616701779184268
2023-10-22,P0019,S004,21,153.0,20.331330335655295,20.331330335655295,0.668669664344705
2023-10-22,P0013,S002,6,113.0,6.337692476992046,6.337692476992046,-0.3376924769920464
2023-10-22,P0008,S002,76,234.0,75.76923741722679,75.76923741722679,0.2307625827732096
2023-10-22,P0003,S003,73,46.0,72.54193510363285,72.54193510363285,0.45806489636714787
2023-10-22,P0010,S001,211,38.0,211.00272541003798,211.00272541003798,-0.002725410037982101
2023-10-22,P0007,S005,131,453.0,130.87407311418238,130.87407311418238,0.1259268858176199
2023-10-22,P0014,S004,17,63.0,17.781833724757405,17.781833724757405,-0.781833724757405
2023-10-22,P0020,S002,351,234.0,352.0518410863988,352.0518410863988,-1.051841086398781
2023-10-22,P0012,S003,85,109.0,85.05721028873164,85.05721028873164,-0.057210288731639025
2023-10-22,P0015,S005,257,79.0,256.658906955365,256.658906955365,0.341093044634988
2023-10-22,P0007,S004,23,36.0,22.685168768690612,22.685168768690612,0.3148312313093875
2023-10-22,P0018,S004,47,57.0,47.34288893315339,47.34288893315339,-0.34288893315338953
2023-10-22,P0004,S003,80,2.0,80.71687036581109,80.71687036581109,-0.71687036581109
2023-10-22,P0014,S005,79,142.0,79.41932379457539,79.41932379457539,-0.4193237945753907
2023-10-22,P0012,S002,46,69.0,46.04018563257338,46.04018563257338,-0.040185632573383145
2023-10-22,P0002,S005,40,70.0,40.43612702365474,40.43612702365474,-0.4361270236547412
2023-10-22,P0011,S003,211,177.0,210.95570667048398,210.95570667048398,0.04429332951602305
2023-10-22,P0002,S002,158,145.0,157.15137559055066,157.15137559055066,0.8486244094493429
2023-10-22,P0017,S001,177,327.0,176.29317604076073,176.29317604076073,0.7068239592392729
2023-10-22,P0006,S003,63,168.0,63.381075307043254,63.381075307043254,-0.381075307043254
2023-10-22,P0014,S002,339,352.0,339.5248276810164,339.5248276810164,-0.5248276810164043
2023-10-22,P0005,S002,265,10.0,263.31645980524735,263.31645980524735,1.683540194752652
2023-10-22,P0004,S004,32,252.0,31.88460522408459,31.88460522408459,0.11539477591540859
2023-10-22,P0003,S001,194,130.0,193.42875722761795,193.42875722761795,0.5712427723820497
2023-10-22,P0009,S001,57,4.0,56.22452533269766,56.22452533269766,0.7754746673023405
2023-10-22,P0004,S002,111,135.0,110.08768353902956,110.08768353902956,0.9123164609704446
2023-10-22,P0001,S002,137,13.0,136.92492453840188,136.92492453840188,0.07507546159811795
2023-10-22,P0016,S004,169,161.0,168.7055176389845,168.7055176389845,0.29448236101549696
2023-10-22,P0011,S005,63,37.0,63.298689160293506,63.298689160293506,-0.298689160293506
2023-10-22,P0013,S001,49,348.0,49.11827561723992,49.11827561723992,-0.11827561723991664
2023-10-22,P0020,S004,378,124.0,378.6166113645532,378.6166113645532,-0.6166113645531937
2023-10-22,P0009,S003,166,452.0,165.64932871929813,165.64932871929813,0.35067128070187437
2023-10-22,P0013,S004,191,216.0,191.18318535185864,191.18318535185864,-0.18318535185863993
2023-10-22,P0011,S002,92,409.0,92.94492294613278,92.94492294613278,-0.9449229461327775
2023-10-22,P0013,S003,98,224.0,99.34505819503578,99.34505819503578,-1.3450581950357758
2023-10-22,P0010,S004,34,172.0,33.86220945252195,33.86220945252195,0.13779054747804764
2023-10-22,P0018,S002,86,188.0,86.07807582689036,86.07807582689036,-0.07807582689035542
2023-10-23,P0006,S002,79,102.0,79.8421276299539,79.8421276299539,-0.8421276299538931
2023-10-23,P0019,S003,117,83.0,116.69317950180006,116.69317950180006,0.30682049819994006
2023-10-23,P0002,S004,176,247.0,174.722882200916,174.722882200916,1.2771177990840101
2023-10-23,P0004,S004,121,32.0,121.9424398382515,121.9424398382515,-0.9424398382515022
2023-10-23,P0013,S003,39,98.0,38.70454481225268,38.70454481225268,0.29545518774732216
2023-10-23,P0020,S002,43,351.0,42.90211465524033,42.90211465524033,0.0978853447596677
2023-10-23,P0016,S002,74,338.0,73.85155505477637,73.85155505477637,0.1484449452236305
2023-10-23,P0014,S002,10,339.0,9.445387612698829,9.445387612698829,0.5546123873011712
2023-10-23,P0001,S004,93,203.0,93.09709536258501,93.09709536258501,-0.09709536258500862
2023-10-23,P0008,S004,132,44.0,131.95245916731335,131.95245916731335,0.04754083268664999
2023-10-23,P0003,S001,90,194.0,89.8490760818855,89.8490760818855,0.15092391811450057
2023-10-23,P0010,S001,60,211.0,60.381713310061286,60.381713310061286,-0.3817133100612864
2023-10-23,P0007,S002,98,97.0,97.8526935246433,97.8526935246433,0.14730647535670016
2023-10-23,P0005,S003,67,48.0,67.09015446829562,67.09015446829562,-0.09015446829562279
2023-10-23,P0010,S002,391,2.0,390.076885931995,390.076885931995,0.9231140680050203
2023-10-23,P0015,S004,37,230.0,37.62530732212168,37.62530732212168,-0.625307322121678
2023-10-23,P0002,S002,89,158.0,89.22769730055673,89.22769730055673,-0.2276973005567271
2023-10-23,P0003,S004,40,32.0,39.22643395532081,39.22643395532081,0.7735660446791925
2023-10-23,P0006,S001,153,50.0,153.76509728929796,153.76509728929796,-0.7650972892979553
2023-10-23,P0020,S001,56,15.0,55.85816617920069,55.85816617920069,0.14183382079931306
2023-10-23,P0015,S005,175,257.0,174.74066470391736,174.74066470391736,0.2593352960826394
2023-10-23,P0014,S003,43,22.0,42.52320589337449,42.52320589337449,0.4767941066255119
2023-10-23,P0011,S004,253,330.0,253.76406901983555,253.76406901983555,-0.7640690198355458
2023-10-23,P0011,S005,144,63.0,144.81439826365772,144.81439826365772,-0.814398263657722
2023-10-23,P0011,S002,250,92.0,250.53228067922717,250.53228067922717,-0.5322806792271706
2023-10-23,P0005,S001,40,80.0,40.53224500715063,40.53224500715063,-0.5322450071506282
2023-10-23,P0001,S005,38,278.0,36.69395674891938,36.69395674891938,1.3060432510806166
2023-10-23,P0015,S002,152,304.0,151.28066404005799,151.28066404005799,0.7193359599420148
2023-10-23,P0005,S004,60,205.0,59.88334424892438,59.88334424892438,0.11665575107561921
2023-10-23,P0012,S001,144,318.0,143.31524094317933,143.31524094317933,0.684759056820667
2023-10-23,P0016,S003,37,122.0,37.33524437729617,37.33524437729617,-0.3352443772961706
2023-10-23,P0006,S004,264,49.0,265.79813088987754,265.79813088987754,-1.798130889877541
2023-10-23,P0010,S004,29,34.0,29.0577022741298,29.0577022741298,-0.05770227412979878
2023-10-23,P0003,S005,179,29.0,179.37262708134847,179.37262708134847,-0.3726270813484689
2023-10-23,P0001,S002,6,137.0,6.0766867939228755,6.0766867939228755,-0.07668679392287547
2023-10-23,P0012,S002,43,46.0,42.910921368457615,42.910921368457615,0.08907863154238527
2023-10-23,P0020,S003,103,83.0,103.70003160563643,103.70003160563643,-0.7000316056364255
2023-10-23,P0002,S001,108,78.0,108.24149227053994,108.24149227053994,-0.24149227053993627
2023-10-23,P0009,S001,342,57.0,339.6437936270864,339.6437936270864,2.3562063729136185
2023-10-23,P0018,S004,227,47.0,226.40251772912205,226.40251772912205,0.597482270877947
2023-10-23,P0007,S004,160,23.0,160.80011137117444,160.80011137117444,-0.8001113711744381
2023-10-23,P0001,S003,137,198.0,136.27163099751095,136.27163099751095,0.7283690024890461
2023-10-23,P0016,S001,465,132.0,465.168918072892,465.168918072892,-0.16891807289198368
2023-10-23,P0012,S005,104,73.0,104.19569188023407,104.19569188023407,-0.19569188023406525
2023-10-23,P0017,S002,33,180.0,33.88872533211829,33.88872533211829,-0.8887253321182911
2023-10-23,P0008,S003,77,206.0,77.41023154313042,77.41023154313042,-0.410231543130422
2023-10-23,P0009,S005,23,230.0,22.492900097048164,22.492900097048164,0.5070999029518362
2023-10-23,P0004,S005,73,143.0,72.72581584778716,72.72581584778716,0.27418415221283965
2023-10-23,P0018,S005,378,60.0,376.8110917916584,376.8110917916584,1.1889082083416156
2023-10-23,P0007,S001,37,90.0,37.35659240642539,37.35659240642539,-0.35659240642539203
2023-10-23,P0006,S005,137,2.0,136.59380276911438,136.59380276911438,0.4061972308856241
2023-10-23,P0002,S005,132,40.0,131.21258942243853,131.21258942243853,0.7874105775614737
2023-10-23,P0008,S001,261,49.0,260.7776129487631,260.7776129487631,0.2223870512369217
2023-10-23,P0013,S004,140,191.0,139.19418389365367,139.19418389365367,0.8058161063463274
2023-10-23,P0015,S003,99,79.0,98.77993270320094,98.77993270320094,0.22006729679905845
2023-10-23,P0020,S005,56,69.0,55.869191708671735,55.869191708671735,0.13080829132826466
2023-10-23,P0010,S005,186,170.0,185.93330425803694,185.93330425803694,0.06669574196305916
2023-10-23,P0009,S002,329,207.0,329.2870607922859,329.2870607922859,-0.2870607922858994
2023-10-23,P0009,S004,45,74.0,44.816169905551064,44.816169905551064,0.18383009444893617
2023-10-23,P0014,S005,23,79.0,22.081409269984256,22.081409269984256,0.9185907300157439
2023-10-23,P0011,S003,82,211.0,82.65721116849005,82.65721116849005,-0.6572111684900506
2023-10-23,P0009,S003,72,166.0,72.49693346572484,72.49693346572484,-0.49693346572483676
2023-10-23,P0017,S004,296,149.0,294.8266268418543,294.8266268418543,1.1733731581456937
2023-10-23,P0017,S003,398,361.0,400.5374795454143,400.5374795454143,-2.537479545414328
2023-10-23,P0001,S001,381,152.0,383.66057053571916,383.66057053571916,-2.6605705357191596
2023-10-23,P0017,S001,331,177.0,330.25741011929574,330.25741011929574,0.7425898807042586
2023-10-23,P0006,S003,104,63.0,104.29574850465217,104.29574850465217,-0.29574850465216684
2023-10-23,P0005,S005,56,275.0,55.465031485117294,55.465031485117294,0.5349685148827064
2023-10-23,P0016,S005,25,125.0,26.00485247714833,26.00485247714833,-1.0048524771483294
2023-10-23,P0005,S002,318,265.0,318.25018170834596,318.25018170834596,-0.25018170834596276
2023-10-23,P0018,S003,90,296.0,90.37712145984871,90.37712145984871,-0.37712145984870915
2023-10-23,P0017,S005,229,69.0,229.40418772503986,229.40418772503986,-0.40418772503986133
2023-10-23,P0007,S003,126,108.0,125.14486702016134,125.14486702016134,0.8551329798386575
2023-10-23,P0004,S002,64,111.0,64.90975508156654,64.90975508156654,-0.9097550815665443
2023-10-23,P0020,S004,157,378.0,156.78248279907277,156.78248279907277,0.21751720092723303
2023-10-23,P0013,S001,66,49.0,66.18823716856211,66.18823716856211,-0.18823716856211092
2023-10-23,P0011,S001,45,322.0,45.6107134573389,45.6107134573389,-0.6107134573389033
2023-10-23,P0018,S002,37,86.0,38.13049677820872,38.13049677820872,-1.1304967782087232
2023-10-23,P0016,S004,119,169.0,119.41315650569803,119.41315650569803,-0.4131565056980264
2023-10-23,P0013,S005,52,81.0,52.09298947303163,52.09298947303163,-0.09298947303162919
2023-10-23,P0018,S001,189,114.0,190.1321666488883,190.1321666488883,-1.132166648888301
2023-10-23,P0019,S002,5,19.0,4.369359180076594,4.369359180076594,0.6306408199234061
2023-10-23,P0003,S003,49,73.0,48.82204197392767,48.82204197392767,0.17795802607233213
2023-10-23,P0019,S001,350,136.0,350.86297258554487,350.86297258554487,-0.8629725855448669
2023-10-23,P0004,S001,470,126.0,465.70511249261955,465.70511249261955,4.2948875073804516
2023-10-23,P0003,S002,16,208.0,15.715728533213785,15.715728533213785,0.2842714667862154
2023-10-23,P0008,S002,94,76.0,94.28536807631578,94.28536807631578,-0.2853680763157769
2023-10-23,P0012,S003,171,85.0,171.01080707253928,171.01080707253928,-0.010807072539279261
2023-10-23,P0010,S003,148,387.0,148.09451138590106,148.09451138590106,-0.09451138590105757
2023-10-23,P0007,S005,187,131.0,187.39780204042899,187.39780204042899,-0.39780204042898504
2023-10-23,P0013,S002,193,6.0,193.32439803874976,193.32439803874976,-0.3243980387497629
2023-10-23,P0014,S004,222,17.0,221.44161400805413,221.44161400805413,0.5583859919458689
2023-10-23,P0012,S004,152,112.0,151.40105406619836,151.40105406619836,0.5989459338016445
2023-10-23,P0004,S003,41,80.0,40.46358459262939,40.46358459262939,0.5364154073706118
2023-10-23,P0002,S003,35,279.0,34.913010702518555,34.913010702518555,0.0869892974814448
2023-10-23,P0019,S005,252,75.0,252.9151975762358,252.9151975762358,-0.915197576235812
2023-10-23,P0008,S005,230,95.0,229.89444910569856,229.89444910569856,0.10555089430144449
2023-10-23,P0019,S004,34,21.0,33.557127895691416,33.557127895691416,0.44287210430858437
2023-10-23,P0014,S001,19,94.0,18.898725147616485,18.898725147616485,0.10127485238351497
2023-10-23,P0015,S001,356,323.0,355.3211573160502,355.3211573160502,0.6788426839498243
2023-10-24,P0015,S004,93,37.0,92.69018404271591,92.69018404271591,0.30981595728408706
2023-10-24,P0008,S005,441,230.0,437.8009169097799,437.8009169097799,3.1990830902200855
2023-10-24,P0001,S004,49,93.0,48.6883967457074,48.6883967457074,0.3116032542925993
2023-10-24,P0008,S004,375,132.0,372.286896524958,372.286896524958,2.713103475041976
2023-10-24,P0020,S004,120,157.0,119.60854606087278,119.60854606087278,0.39145393912721715
2023-10-24,P0006,S003,342,104.0,343.6990246652038,343.6990246652038,-1.6990246652038081
2023-10-24,P0016,S004,17,119.0,17.01467673821551,17.01467673821551,-0.014676738215509744
2023-10-24,P0010,S002,92,391.0,91.90820495077203,91.90820495077203,0.09179504922796866
2023-10-24,P0016,S001,246,465.0,247.65440793225113,247.65440793225113,-1.6544079322511323
2023-10-24,P0017,S005,118,229.0,118.3156639701492,118.3156639701492,-0.31566397014920256
2023-10-24,P0016,S005,322,25.0,320.6929486534682,320.6929486534682,1.3070513465318072
2023-10-24,P0010,S001,153,60.0,152.1970002338625,152.1970002338625,0.8029997661375035
2023-10-24,P0009,S001,7,342.0,7.7325077193862315,7.7325077193862315,-0.7325077193862315
2023-10-24,P0003,S002,249,16.0,248.3539422823149,248.3539422823149,0.6460577176850961
2023-10-24,P0003,S001,272,90.0,271.22780656152906,271.22780656152906,0.7721934384709357
2023-10-24,P0018,S003,132,90.0,131.97592544218617,131.97592544218617,0.024074557813833053
2023-10-24,P0006,S004,111,264.0,110.75954090906998,110.75954090906998,0.24045909093001683
2023-10-24,P0019,S005,60,252.0,60.644415395649474,60.644415395649474,-0.6444153956494745
2023-10-24,P0007,S001,138,37.0,137.45107949567705,137.45107949567705,0.5489205043229504
2023-10-24,P0012,S004,42,152.0,42.841167574090996,42.841167574090996,-0.8411675740909956
2023-10-24,P0015,S003,390,99.0,391.5176832301594,391.5176832301594,-1.5176832301593777
2023-10-24,P0001,S003,53,137.0,53.23768173404223,53.23768173404223,-0.23768173404223347
2023-10-24,P0006,S005,171,137.0,171.0174012562049,171.0174012562049,-0.017401256204891524
2023-10-24,P0020,S003,237,103.0,238.21578407370666,238.21578407370666,-1.2157840737066579
2023-10-24,P0011,S005,10,144.0,10.45679500069747,10.45679500069747,-0.45679500069747014
2023-10-24,P0003,S003,1,49.0,1.4453979026204655,1.4453979026204655,-0.4453979026204655
2023-10-24,P0009,S002,325,329.0,326.16201188947355,326.16201188947355,-1.162011889473547
2023-10-24,P0003,S004,251,40.0,251.99606462421167,251.99606462421167,-0.9960646242116695
2023-10-24,P0006,S002,4,79.0,3.960799310964109,3.960799310964109,0.039200689035891134
2023-10-24,P0015,S005,148,175.0,147.62860503852662,147.62860503852662,0.3713949614733849
2023-10-24,P0017,S004,232,296.0,232.6202934269288,232.6202934269288,-0.6202934269288107
2023-10-24,P0009,S003,346,72.0,344.61773617641614,344.61773617641614,1.3822638235838554
2023-10-24,P0012,S002,277,43.0,278.12431992378197,278.12431992378197,-1.124319923781968
2023-10-24,P0012,S001,42,144.0,43.19070291017101,43.19070291017101,-1.1907029101710123
2023-10-24,P0009,S005,27,23.0,26.8255757851156,26.8255757851156,0.17442421488440019
2023-10-24,P0012,S003,60,171.0,60.40757956317141,60.40757956317141,-0.4075795631714101
2023-10-24,P0019,S001,48,350.0,47.962806798576544,47.962806798576544,0.037193201423455946
2023-10-24,P0001,S001,20,381.0,19.9765310092639,19.9765310092639,0.02346899073609876
2023-10-24,P0020,S001,6,56.0,6.252620827132195,6.252620827132195,-0.252620827132195
2023-10-24,P0011,S002,285,250.0,284.8121087064568,284.8121087064568,0.18789129354320266
2023-10-24,P0005,S004,64,60.0,63.71298097528223,63.71298097528223,0.28701902471777174
2023-10-24,P0015,S001,40,356.0,40.72428040995605,40.72428040995605,-0.7242804099560516
2023-10-24,P0014,S003,24,43.0,24.04434303440217,24.04434303440217,-0.044343034402171355
2023-10-24,P0002,S001,36,108.0,36.9296473476292,36.9296473476292,-0.9296473476291993
2023-10-24,P0013,S003,64,39.0,65.17971226048827,65.17971226048827,-1.179712260488273
2023-10-24,P0010,S004,80,29.0,80.70815534207745,80.70815534207745,-0.7081553420774469
2023-10-24,P0001,S002,54,6.0,53.47284389017321,53.47284389017321,0.527156109826791
2023-10-24,P0013,S001,118,66.0,118.23901058341876,118.23901058341876,-0.2390105834187608
2023-10-24,P0004,S001,192,470.0,191.22285124955332,191.22285124955332,0.7771487504466847
2023-10-24,P0014,S002,44,10.0,44.25061954274087,44.25061954274087,-0.2506195427408713
2023-10-24,P0002,S002,92,89.0,92.71252129130644,92.71252129130644,-0.7125212913064445
2023-10-24,P0004,S004,32,121.0,33.678068367708285,33.678068367708285,-1.6780683677082848
2023-10-24,P0005,S003,194,67.0,194.46206707699366,194.46206707699366,-0.46206707699366234
2023-10-24,P0001,S005,59,38.0,59.030925173615046,59.030925173615046,-0.030925173615045765
2023-10-24,P0016,S003,32,37.0,31.391005694329035,31.391005694329035,0.608994305670965
2023-10-24,P0018,S004,38,227.0,37.824154221575085,37.824154221575085,0.17584577842491456
2023-10-24,P0018,S005,87,378.0,86.29722631828973,86.29722631828973,0.7027736817102692
2023-10-24,P0007,S004,41,160.0,41.80275296660902,41.80275296660902,-0.8027529666090203
2023-10-24,P0020,S002,121,43.0,121.7568163884216,121.7568163884216,-0.7568163884215977
2023-10-24,P0009,S004,362,45.0,361.1429823083288,361.1429823083288,0.8570176916712171
2023-10-24,P0018,S002,193,37.0,193.42137915664998,193.42137915664998,-0.4213791566499765
2023-10-24,P0011,S003,20,82.0,20.306323669022284,20.306323669022284,-0.3063236690222837
2023-10-24,P0014,S005,251,23.0,252.0814647565172,252.0814647565172,-1.0814647565171924
2023-10-24,P0002,S005,53,132.0,53.01180280230357,53.01180280230357,-0.011802802303570559
2023-10-24,P0020,S005,51,56.0,50.91275590555602,50.91275590555602,0.08724409444398162
2023-10-24,P0004,S002,279,64.0,277.88169578564646,277.88169578564646,1.118304214353543
2023-10-24,P0017,S001,49,331.0,49.04902754719227,49.04902754719227,-0.04902754719226721
2023-10-24,P0008,S003,183,77.0,184.53968195524658,184.53968195524658,-1.5396819552465786
2023-10-24,P0006,S001,247,153.0,245.61613619739103,245.61613619739103,1.3838638026089711
2023-10-24,P0005,S005,281,56.0,281.61857391192063,281.61857391192063,-0.6185739119206346
2023-10-24,P0002,S003,196,35.0,195.91551881368363,195.91551881368363,0.08448118631636703
2023-10-24,P0014,S004,211,222.0,210.8757470335253,210.8757470335253,0.12425296647469963
2023-10-24,P0008,S002,138,94.0,138.04198172849155,138.04198172849155,-0.041981728491549575
2023-10-24,P0013,S002,47,193.0,46.54172892990042,46.54172892990042,0.45827107009957757
2023-10-24,P0007,S003,96,126.0,96.80022112200632,96.80022112200632,-0.8002211220063202
2023-10-24,P0004,S003,4,41.0,3.879731323887409,3.879731323887409,0.12026867611259107
2023-10-24,P0017,S003,103,398.0,102.77247217155933,102.77247217155933,0.227527828440671
2023-10-24,P0003,S005,50,179.0,50.00210480203278,50.00210480203278,-0.0021048020327825157
2023-10-24,P0019,S002,168,5.0,167.60431673553566,167.60431673553566,0.39568326446433844
2023-10-24,P0013,S004,208,140.0,208.88334018946688,208.88334018946688,-0.8833401894668782
2023-10-24,P0010,S003,177,148.0,177.61308300720333,177.61308300720333,-0.6130830072033291
2023-10-24,P0010,S005,83,186.0,82.62723141035721,82.62723141035721,0.3727685896427886
2023-10-24,P0019,S004,79,34.0,79.33362362693303,79.33362362693303,-0.3336236269330328
2023-10-24,P0015,S002,203,152.0,203.37498291534004,203.37498291534004,-0.37498291534004125
2023-10-24,P0005,S002,303,318.0,303.21312282438544,303.21312282438544,-0.21312282438543662
2023-10-24,P0014,S001,79,19.0,78.82621596630476,78.82621596630476,0.17378403369524165
2023-10-24,P0019,S003,73,117.0,72.89268184520408,72.89268184520408,0.10731815479591944
2023-10-24,P0017,S002,120,33.0,119.57695923683957,119.57695923683957,0.4230407631604294
2023-10-24,P0011,S001,83,45.0,82.46909492584918,82.46909492584918,0.530905074150823
2023-10-24,P0007,S002,134,98.0,135.02466055672306,135.02466055672306,-1.024660556723063
2023-10-24,P0018,S001,129,189.0,129.2253759733222,129.2253759733222,-0.22537597332220116
2023-10-24,P0011,S004,283,253.0,283.5684039522554,283.5684039522554,-0.5684039522553803
2023-10-24,P0002,S004,20,176.0,20.010849240515178,20.010849240515178,-0.010849240515177883
2023-10-24,P0005,S001,254,40.0,255.44503365532313,255.44503365532313,-1.4450336553231296
2023-10-24,P0013,S005,28,52.0,28.527872120162918,28.527872120162918,-0.5278721201629182
2023-10-24,P0012,S005,47,104.0,46.80179322817158,46.80179322817158,0.19820677182841706
2023-10-24,P0007,S005,91,187.0,90.36353121042558,90.36353121042558,0.6364687895744225
2023-10-24,P0004,S005,102,73.0,102.42413012623621,102.42413012623621,-0.42413012623620716
2023-10-24,P0016,S002,123,74.0,122.1901012850435,122.1901012850435,0.8098987149565033
2023-10-24,P0008,S001,168,261.0,168.03795399192634,168.03795399192634,-0.03795399192634363
2023-10-25,P0016,S001,8,246.0,8.367071475363952,8.367071475363952,-0.3670714753639519
2023-10-25,P0013,S002,101,47.0,101.67899333642282,101.67899333642282,-0.6789933364228204
2023-10-25,P0011,S003,124,20.0,124.34751269145418,124.34751269145418,-0.3475126914541846
2023-10-25,P0020,S005,37,51.0,37.074550869652256,37.074550869652256,-0.07455086965225632
2023-10-25,P0004,S002,23,279.0,23.175538516093027,23.175538516093027,-0.1755385160930274
2023-10-25,P0004,S003,302,4.0,302.58591835367383,302.58591835367383,-0.5859183536738328
2023-10-25,P0019,S005,474,60.0,474.4735206291264,474.4735206291264,-0.47352062912642623
2023-10-25,P0008,S005,70,441.0,70.35687275568942,70.35687275568942,-0.3568727556894231
2023-10-25,P0002,S001,151,36.0,151.2133419286891,151.2133419286891,-0.21334192868908985
2023-10-25,P0013,S005,45,28.0,45.15668202506569,45.15668202506569,-0.15668202506569173
2023-10-25,P0001,S001,27,20.0,26.821224138473777,26.821224138473777,0.1787758615262227
2023-10-25,P0014,S001,162,79.0,163.26620743211637,163.26620743211637,-1.2662074321163743
2023-10-25,P0008,S002,181,138.0,182.24306432782382,182.24306432782382,-1.2430643278238165
2023-10-25,P0015,S003,139,390.0,138.84800135846777,138.84800135846777,0.15199864153223075
2023-10-25,P0014,S004,135,211.0,135.31165332678356,135.31165332678356,-0.3116533267835564
2023-10-25,P0002,S003,66,196.0,66.1798766551304,66.1798766551304,-0.17987665513039985
2023-10-25,P0012,S003,27,60.0,26.196997471255063,26.196997471255063,0.8030025287449369
2023-10-25,P0017,S002,138,120.0,138.66182148751852,138.66182148751852,-0.6618214875185231
2023-10-25,P0020,S001,65,6.0,65.30049264990538,65.30049264990538,-0.3004926499053795
2023-10-25,P0012,S001,42,42.0,42.68741704613899,42.68741704613899,-0.6874170461389895
2023-10-25,P0019,S002,121,168.0,120.35331711710103,120.35331711710103,0.6466828828989719
2023-10-25,P0002,S005,137,53.0,137.16292625649933,137.16292625649933,-0.16292625649933257
2023-10-25,P0008,S001,403,168.0,400.9741674328195,400.9741674328195,2.025832567180487
2023-10-25,P0007,S001,4,138.0,4.2158348008666575,4.2158348008666575,-0.21583480086665752
2023-10-25,P0002,S004,115,20.0,114.7118961434661,114.7118961434661,0.28810385653389403
2023-10-25,P0005,S001,49,254.0,49.057359706876355,49.057359706876355,-0.05735970687635472
2023-10-25,P0018,S002,56,193.0,55.829100444504114,55.829100444504114,0.1708995554958861
2023-10-25,P0003,S003,77,1.0,77.21859458222114,77.21859458222114,-0.2185945822211437
2023-10-25,P0013,S004,52,208.0,52.5401316012289,52.5401316012289,-0.5401316012289001
2023-10-25,P0010,S001,96,153.0,96.1294253687336,96.1294253687336,-0.12942536873360666
2023-10-25,P0018,S001,291,129.0,290.25611664786913,290.25611664786913,0.7438833521308652
2023-10-25,P0004,S005,264,102.0,263.34153525606587,263.34153525606587,0.6584647439341325
2023-10-25,P0004,S004,25,32.0,25.320096552163793,25.320096552163793,-0.3200965521637933
2023-10-25,P0011,S005,101,10.0,100.9891808874665,100.9891808874665,0.010819112533496877
2023-10-25,P0003,S001,70,272.0,70.14487044146917,70.14487044146917,-0.14487044146916617
2023-10-25,P0012,S002,343,277.0,343.679533526388,343.679533526388,-0.6795335263880133
2023-10-25,P0005,S003,68,194.0,68.29721422638738,68.29721422638738,-0.29721422638738204
2023-10-25,P0019,S004,175,79.0,174.63998764269112,174.63998764269112,0.36001235730887515
2023-10-25,P0001,S005,309,59.0,307.87867520084507,307.87867520084507,1.1213247991549338
2023-10-25,P0003,S002,212,249.0,211.87393528916476,211.87393528916476,0.1260647108352373
2023-10-25,P0016,S003,40,32.0,39.90438776205562,39.90438776205562,0.09561223794437979
2023-10-25,P0007,S005,19,91.0,17.876259237410125,17.876259237410125,1.1237407625898754
2023-10-25,P0018,S004,393,38.0,391.0014825849971,391.0014825849971,1.9985174150028797
2023-10-25,P0015,S005,150,148.0,149.9743449661387,149.9743449661387,0.025655033861312404
2023-10-25,P0009,S005,41,27.0,41.28782588324611,41.28782588324611,-0.28782588324610714
2023-10-25,P0006,S005,309,171.0,308.5857110451385,308.5857110451385,0.4142889548614903
2023-10-25,P0014,S002,23,44.0,23.34503864572294,23.34503864572294,-0.34503864572294063
2023-10-25,P0009,S001,108,7.0,108.41910948199092,108.41910948199092,-0.41910948199091536
2023-10-25,P0001,S002,210,54.0,209.92321958158493,209.92321958158493,0.07678041841506911
2023-10-25,P0020,S002,101,121.0,100.17428034933539,100.17428034933539,0.8257196506646096
2023-10-25,P0010,S005,288,83.0,287.38112496779263,287.38112496779263,0.6188750322073702
2023-10-25,P0007,S004,114,41.0,113.78120724930868,113.78120724930868,0.2187927506913212
2023-10-25,P0006,S004,21,111.0,19.831766243602836,19.831766243602836,1.1682337563971643
2023-10-25,P0011,S002,183,285.0,183.74798866647114,183.74798866647114,-0.7479886664711444
2023-10-25,P0019,S003,37,73.0,36.88502765409603,36.88502765409603,0.11497234590397198
2023-10-25,P0005,S004,180,64.0,179.38331953822367,179.38331953822367,0.6166804617763262
2023-10-25,P0015,S004,102,93.0,102.00874926057172,102.00874926057172,-0.008749260571718764
2023-10-25,P0016,S005,78,322.0,78.0058807055428,78.0058807055428,-0.005880705542793407
2023-10-25,P0005,S002,349,303.0,346.98286497996355,346.98286497996355,2.0171350200364486
2023-10-25,P0016,S004,172,17.0,172.04544156086112,172.04544156086112,-0.04544156086112139
2023-10-25,P0020,S003,472,237.0,470.89674792499443,470.89674792499443,1.103252075005571
2023-10-25,P0013,S003,137,64.0,136.8982291845137,136.8982291845137,0.1017708154863044
2023-10-25,P0011,S001,185,83.0,184.59536106325194,184.59536106325194,0.4046389367480572
2023-10-25,P0010,S004,217,80.0,216.18970437564803,216.18970437564803,0.8102956243519657
2023-10-25,P0017,S004,293,232.0,293.487674690654,293.487674690654,-0.4876746906539893
2023-10-25,P0014,S003,178,24.0,177.91832484834063,177.91832484834063,0.08167515165936834
2023-10-25,P0014,S005,127,251.0,127.35921884606007,127.35921884606007,-0.3592188460600738
2023-10-25,P0008,S004,198,375.0,197.4872814354183,197.4872814354183,0.5127185645816894
2023-10-25,P0001,S004,4,49.0,4.477939000665017,4.477939000665017,-0.4779390006650166
2023-10-25,P0009,S003,45,346.0,44.72901745945848,44.72901745945848,0.2709825405415174
2023-10-25,P0018,S003,146,132.0,146.10630600194614,146.10630600194614,-0.10630600194613748
2023-10-25,P0017,S001,86,49.0,86.25902642363334,86.25902642363334,-0.25902642363334394
2023-10-25,P0009,S002,25,325.0,24.746432672601202,24.746432672601202,0.25356732739879817
2023-10-25,P0003,S004,408,251.0,404.0607780588378,404.0607780588378,3.9392219411622023
2023-10-25,P0005,S005,59,281.0,58.92325420127479,58.92325420127479,0.07674579872521292
2023-10-25,P0006,S002,2,4.0,1.2929276277976696,1.2929276277976696,0.7070723722023304
2023-10-25,P0010,S002,244,92.0,243.14555694596672,243.14555694596672,0.8544430540332826
2023-10-25,P0010,S003,20,177.0,20.36638247918892,20.36638247918892,-0.3663824791889212
2023-10-25,P0002,S002,135,92.0,135.39167657792817,135.39167657792817,-0.3916765779281661
2023-10-25,P0017,S005,94,118.0,94.59846290008254,94.59846290008254,-0.5984629000825379
2023-10-25,P0019,S001,5,48.0,5.470872680078688,5.470872680078688,-0.47087268007868843
2023-10-25,P0001,S003,338,53.0,337.38773790000675,337.38773790000675,0.6122620999932451
2023-10-25,P0011,S004,100,283.0,99.49906671404662,99.49906671404662,0.5009332859533799
2023-10-25,P0015,S002,82,203.0,82.00645493338737,82.00645493338737,-0.00645493338737424
2023-10-25,P0004,S001,395,192.0,394.75568167910086,394.75568167910086,0.24431832089913996
2023-10-25,P0006,S003,40,342.0,40.25549380842779,40.25549380842779,-0.25549380842778646
2023-10-25,P0009,S004,30,362.0,29.871067211360845,29.871067211360845,0.1289327886391547
2023-10-25,P0013,S001,49,118.0,48.73150560383705,48.73150560383705,0.26849439616295
2023-10-25,P0015,S001,304,40.0,303.2265923154025,303.2265923154025,0.7734076845974869
2023-10-25,P0016,S002,86,123.0,86.00725549717569,86.00725549717569,-0.0072554971756915165
2023-10-25,P0008,S003,166,183.0,166.1671386054518,166.1671386054518,-0.16713860545181092
2023-10-25,P0003,S005,223,50.0,222.26902971596041,222.26902971596041,0.7309702840395857
2023-10-25,P0006,S001,42,247.0,42.226569296148455,42.226569296148455,-0.22656929614845467
2023-10-25,P0007,S002,145,134.0,144.82651418940466,144.82651418940466,0.17348581059533785
2023-10-25,P0020,S004,12,120.0,11.510910641735796,11.510910641735796,0.48908935826420397
2023-10-25,P0017,S003,24,103.0,23.689763037747273,23.689763037747273,0.310236962252727
2023-10-25,P0012,S004,403,42.0,405.24768643092017,405.24768643092017,-2.2476864309201687
2023-10-25,P0012,S005,193,47.0,193.6755574802621,193.6755574802621,-0.675557480262114
2023-10-25,P0018,S005,13,87.0,13.3606799209503,13.3606799209503,-0.3606799209503002
2023-10-25,P0007,S003,306,96.0,304.2844447261547,304.2844447261547,1.7155552738453252
2023-10-26,P0009,S002,140,25.0,139.36551378219724,139.36551378219724,0.6344862178027597
2023-10-26,P0016,S003,184,40.0,184.68449203357508,184.68449203357508,-0.6844920335750828
2023-10-26,P0016,S002,96,86.0,96.3119768140685,96.3119768140685,-0.3119768140685011
2023-10-26,P0001,S005,119,309.0,119.15475857424562,119.15475857424562,-0.15475857424561923
2023-10-26,P0018,S004,10,393.0,9.925047699609763,9.925047699609763,0.07495230039023681
2023-10-26,P0015,S005,81,150.0,81.8465766680923,81.8465766680923,-0.8465766680922968
2023-10-26,P0005,S003,189,68.0,189.9915260063848,189.9915260063848,-0.9915260063847882
2023-10-26,P0014,S002,245,23.0,244.94782033684444,244.94782033684444,0.052179663155556
2023-10-26,P0019,S001,19,5.0,18.403415514475313,18.403415514475313,0.5965844855246871
2023-10-26,P0014,S003,104,178.0,103.6923408347086,103.6923408347086,0.3076591652913976
2023-10-26,P0015,S001,68,304.0,67.98476702571865,67.98476702571865,0.0152329742813464
2023-10-26,P0020,S005,124,37.0,124.39304547875405,124.39304547875405,-0.39304547875404694
2023-10-26,P0020,S003,145,472.0,144.75439444638621,144.75439444638621,0.24560555361378533
2023-10-26,P0010,S003,99,20.0,98.86602485733673,98.86602485733673,0.13397514266327448
2023-10-26,P0013,S003,69,137.0,69.34828628138409,69.34828628138409,-0.348286281384091
2023-10-26,P0012,S002,78,343.0,78.43109074510204,78.43109074510204,-0.4310907451020398
2023-10-26,P0012,S004,127,403.0,126.98558676825313,126.98558676825313,0.014413231746871702
2023-10-26,P0001,S002,15,210.0,15.071412738300964,15.071412738300964,-0.07141273830096395
2023-10-26,P0018,S003,105,146.0,104.80872424950249,104.80872424950249,0.19127575049751044
2023-10-26,P0009,S001,22,108.0,22.521312835346414,22.521312835346414,-0.5213128353464143
2023-10-26,P0002,S002,262,135.0,261.22292410371847,261.22292410371847,0.7770758962815307
2023-10-26,P0013,S001,105,49.0,106.2026627352688,106.2026627352688,-1.2026627352688024
2023-10-26,P0011,S005,193,101.0,192.3506928023568,192.3506928023568,0.6493071976431963
2023-10-26,P0010,S004,129,217.0,128.76318159638598,128.76318159638598,0.2368184036140235
2023-10-26,P0009,S005,220,41.0,220.48737927704482,220.48737927704482,-0.4873792770448233
2023-10-26,P0004,S004,4,25.0,5.075993845983287,5.075993845983287,-1.0759938459832874
2023-10-26,P0013,S004,243,52.0,243.69475577759613,243.69475577759613,-0.6947557775961286
2023-10-26,P0006,S002,50,2.0,49.718999560208815,49.718999560208815,0.2810004397911854
2023-10-26,P0019,S005,83,474.0,83.27966140704396,83.27966140704396,-0.27966140704396025
2023-10-26,P0014,S001,232,162.0,233.23030378170404,233.23030378170404,-1.2303037817040376
2023-10-26,P0007,S002,255,145.0,255.891419546741,255.891419546741,-0.8914195467409911
2023-10-26,P0017,S002,103,138.0,103.28765013350555,103.28765013350555,-0.2876501335055508
2023-10-26,P0012,S001,0,42.0,0.05844883263307058,0.05844883263307058,-0.05844883263307058
2023-10-26,P0012,S005,323,193.0,324.59010982792483,324.59010982792483,-1.5901098279248345
2023-10-26,P0003,S004,78,408.0,78.20402353793664,78.20402353793664,-0.20402353793663508
2023-10-26,P0002,S004,78,115.0,78.03822899315692,78.03822899315692,-0.03822899315692041
2023-10-26,P0005,S001,179,49.0,178.73392310958616,178.73392310958616,0.2660768904138422
2023-10-26,P0008,S001,337,403.0,335.64113179622836,335.64113179622836,1.3588682037716353
2023-10-26,P0016,S001,314,8.0,312.32962052957924,312.32962052957924,1.6703794704207553
2023-10-26,P0001,S001,177,27.0,176.2698513091776,176.2698513091776,0.7301486908224035
2023-10-26,P0008,S004,3,198.0,3.307225335450873,3.307225335450873,-0.30722533545087316
2023-10-26,P0016,S004,53,172.0,53.50305336203595,53.50305336203595,-0.5030533620359492
2023-10-26,P0013,S005,33,45.0,32.76703287990117,32.76703287990117,0.23296712009882725
2023-10-26,P0010,S005,236,288.0,236.38430028891634,236.38430028891634,-0.38430028891633583
2023-10-26,P0015,S002,52,82.0,51.529271792961445,51.529271792961445,0.47072820703855456
2023-10-26,P0019,S003,43,37.0,42.124312088589164,42.124312088589164,0.8756879114108358
2023-10-26,P0003,S005,240,223.0,240.37531855292113,240.37531855292113,-0.37531855292112937
2023-10-26,P0007,S005,160,19.0,160.33878497167905,160.33878497167905,-0.338784971679047
2023-10-26,P0003,S002,185,212.0,185.6823195065156,185.6823195065156,-0.6823195065155971
2023-10-26,P0001,S004,174,4.0,174.38308127179795,174.38308127179795,-0.3830812717979484
2023-10-26,P0019,S004,54,175.0,54.41587998414255,54.41587998414255,-0.4158799841425491
2023-10-26,P0001,S003,148,338.0,147.92395157411065,147.92395157411065,0.07604842588935412
2023-10-26,P0018,S001,279,291.0,278.12878221466735,278.12878221466735,0.8712177853326466
2023-10-26,P0006,S001,137,42.0,137.12362296170699,137.12362296170699,-0.12362296170698528
2023-10-26,P0004,S005,70,264.0,70.38272923519646,70.38272923519646,-0.3827292351964644
2023-10-26,P0006,S005,228,309.0,229.3570224351427,229.3570224351427,-1.35702243514271
2023-10-26,P0011,S001,16,185.0,15.238208488417522,15.238208488417522,0.7617915115824783
2023-10-26,P0017,S004,140,293.0,140.4710219415934,140.4710219415934,-0.47102194159339206
2023-10-26,P0011,S004,60,100.0,59.48411154298641,59.48411154298641,0.5158884570135882
2023-10-26,P0005,S002,232,349.0,232.06031301354867,232.06031301354867,-0.06031301354866514
2023-10-26,P0003,S001,31,70.0,31.219822931251414,31.219822931251414,-0.2198229312514144
2023-10-26,P0016,S005,232,78.0,231.0094927889761,231.0094927889761,0.9905072110238962
2023-10-26,P0010,S002,262,244.0,262.73912804513805,262.73912804513805,-0.7391280451380453
2023-10-26,P0018,S005,13,13.0,12.50516857799496,12.50516857799496,0.49483142200504027
2023-10-26,P0009,S004,57,30.0,57.035719580501365,57.035719580501365,-0.03571958050136459
2023-10-26,P0008,S003,176,166.0,175.62755776970585,175.62755776970585,0.3724422302941548
2023-10-26,P0002,S001,66,151.0,66.22412282733062,66.22412282733062,-0.22412282733061772
2023-10-26,P0019,S002,140,121.0,138.4979396651572,138.4979396651572,1.5020603348428097
2023-10-26,P0010,S001,54,96.0,53.628039594515855,53.628039594515855,0.37196040548414544
2023-10-26,P0003,S003,364,77.0,364.8174402287374,364.8174402287374,-0.8174402287373823
2023-10-26,P0015,S003,44,139.0,43.824077714347574,43.824077714347574,0.17592228565242607
2023-10-26,P0015,S004,10,102.0,9.958637900217692,9.958637900217692,0.04136209978230809
2023-10-26,P0008,S002,301,181.0,302.288238428874,302.288238428874,-1.288238428874024
2023-10-26,P0006,S003,273,40.0,272.4004973555354,272.4004973555354,0.5995026444646214
2023-10-26,P0017,S001,15,86.0,15.141657401934905,15.141657401934905,-0.14165740193490528
2023-10-26,P0008,S005,53,70.0,53.152478110855675,53.152478110855675,-0.1524781108556752
2023-10-26,P0020,S001,45,65.0,44.42188085723037,44.42188085723037,0.57811914276963
2023-10-26,P0004,S002,120,23.0,120.01562631050092,120.01562631050092,-0.015626310500920226
2023-10-26,P0014,S004,175,135.0,175.54553818028722,175.54553818028722,-0.5455381802872239
2023-10-26,P0009,S003,257,45.0,258.4546426726877,258.4546426726877,-1.4546426726877257
2023-10-26,P0017,S003,81,24.0,79.9599932314059,79.9599932314059,1.0400067685940968
2023-10-26,P0007,S001,42,4.0,41.47132651114674,41.47132651114674,0.5286734888532578
2023-10-26,P0005,S005,90,59.0,90.26387609793441,90.26387609793441,-0.26387609793441413
2023-10-26,P0020,S002,139,101.0,139.1263758364661,139.1263758364661,-0.12637583646611006
2023-10-26,P0004,S001,214,395.0,213.34372897567494,213.34372897567494,0.6562710243250649
2023-10-26,P0004,S003,196,302.0,196.40934728365065,196.40934728365065,-0.40934728365064643
2023-10-26,P0020,S004,286,12.0,285.53077421542173,285.53077421542173,0.4692257845782706
2023-10-26,P0007,S003,159,306.0,158.94243392123292,158.94243392123292,0.05756607876708131
2023-10-26,P0011,S003,372,124.0,374.57873275487077,374.57873275487077,-2.578732754870771
2023-10-26,P0018,S002,362,56.0,365.0806296123457,365.0806296123457,-3.0806296123457173
2023-10-26,P0011,S002,60,183.0,60.47619755383772,60.47619755383772,-0.47619755383772144
2023-10-26,P0002,S003,352,66.0,351.21026379250395,351.21026379250395,0.7897362074960483
2023-10-26,P0017,S005,27,94.0,27.143028294654155,27.143028294654155,-0.14302829465415456
2023-10-26,P0013,S002,30,101.0,30.28059091041651,30.28059091041651,-0.2805909104165103
2023-10-26,P0006,S004,15,21.0,14.802980485629249,14.802980485629249,0.19701951437075138
2023-10-26,P0012,S003,263,27.0,262.3875311364142,262.3875311364142,0.6124688635857751
2023-10-26,P0005,S004,55,180.0,54.254330307570555,54.254330307570555,0.7456696924294448
2023-10-26,P0007,S004,27,114.0,27.52012392557071,27.52012392557071,-0.5201239255707115
2023-10-26,P0002,S005,136,137.0,136.20192749673356,136.20192749673356,-0.20192749673356047
2023-10-26,P0014,S005,19,127.0,19.091952815362227,19.091952815362227,-0.09195281536222666
2023-10-27,P0011,S004,7,60.0,6.979117571483233,6.979117571483233,0.02088242851676725
2023-10-27,P0002,S003,82,352.0,81.9926839770041,81.9926839770041,0.0073160229958944
2023-10-27,P0001,S004,99,174.0,98.86333271701169,98.86333271701169,0.13666728298831288
2023-10-27,P0003,S001,70,31.0,69.95887195773616,69.95887195773616,0.041128042263835596
2023-10-27,P0005,S005,153,90.0,152.37524509055507,152.37524509055507,0.6247549094449312
2023-10-27,P0016,S005,158,232.0,157.78623375692612,157.78623375692612,0.21376624307387715
2023-10-27,P0006,S005,207,228.0,206.71963919637344,206.71963919637344,0.28036080362656435
2023-10-27,P0004,S005,60,70.0,60.46823091331194,60.46823091331194,-0.4682309133119418
2023-10-27,P0018,S001,203,279.0,202.562986680168,202.562986680168,0.43701331983200475
2023-10-27,P0010,S002,72,262.0,72.03375271302988,72.03375271302988,-0.03375271302988381
2023-10-27,P0003,S003,374,364.0,375.5353831857199,375.5353831857199,-1.5353831857199225
2023-10-27,P0017,S004,50,140.0,50.380851498038915,50.380851498038915,-0.3808514980389148
2023-10-27,P0012,S003,17,263.0,16.736044441916455,16.736044441916455,0.2639555580835449
2023-10-27,P0017,S005,174,27.0,173.85823896361975,173.85823896361975,0.1417610363802453
2023-10-27,P0011,S001,124,16.0,123.8264626299858,123.8264626299858,0.173537370014202
2023-10-27,P0005,S002,237,232.0,236.06898356730613,236.06898356730613,0.9310164326938661
2023-10-27,P0005,S004,183,55.0,183.2312180053652,183.2312180053652,-0.2312180053652071
2023-10-27,P0007,S001,198,42.0,197.78671982528456,197.78671982528456,0.21328017471543603
2023-10-27,P0019,S003,70,43.0,70.19670338071987,70.19670338071987,-0.19670338071986748
2023-10-27,P0016,S004,70,53.0,69.45264794300263,69.45264794300263,0.5473520569973687
2023-10-27,P0011,S003,31,372.0,31.353540853104594,31.353540853104594,-0.3535408531045938
2023-10-27,P0001,S001,20,177.0,20.131627037812127,20.131627037812127,-0.1316270378121267
2023-10-27,P0016,S001,202,314.0,200.89191066071646,200.89191066071646,1.1080893392835378
2023-10-27,P0008,S004,262,3.0,263.8426396672284,263.8426396672284,-1.8426396672284113
2023-10-27,P0014,S005,125,19.0,125.56766028560446,125.56766028560446,-0.567660285604461
2023-10-27,P0005,S001,303,179.0,302.60386111281974,302.60386111281974,0.3961388871802569
2023-10-27,P0015,S002,343,52.0,344.0970799930513,344.0970799930513,-1.0970799930512953
2023-10-27,P0003,S004,92,78.0,91.62784975048616,91.62784975048616,0.3721502495138367
2023-10-27,P0008,S001,292,337.0,292.58542281398536,292.58542281398536,-0.5854228139853603
2023-10-27,P0002,S004,174,78.0,174.13235791740289,174.13235791740289,-0.13235791740288505
2023-10-27,P0002,S005,47,136.0,47.541172911912625,47.541172911912625,-0.541172911912625
2023-10-27,P0017,S002,43,103.0,42.55002565616002,42.55002565616002,0.44997434383998325
2023-10-27,P0009,S003,111,257.0,111.15070705790467,111.15070705790467,-0.15070705790466832
2023-10-27,P0018,S002,247,362.0,246.61863096636017,246.61863096636017,0.3813690336398281
2023-10-27,P0012,S001,270,0.0,269.8311253904251,269.8311253904251,0.16887460957491385
2023-10-27,P0006,S003,166,273.0,165.4537185757786,165.4537185757786,0.5462814242214051
2023-10-27,P0012,S005,250,323.0,250.96717446275264,250.96717446275264,-0.967174462752638
2023-10-27,P0015,S003,336,44.0,338.1466891290375,338.1466891290375,-2.1466891290374974
2023-10-27,P0007,S002,139,255.0,138.4777412399625,138.4777412399625,0.522258760037488
2023-10-27,P0013,S005,48,33.0,47.732232505811076,47.732232505811076,0.26776749418892365
2023-10-27,P0019,S005,106,83.0,106.59393831260341,106.59393831260341,-0.593938312603413
2023-10-27,P0004,S002,348,120.0,348.82989054077,348.82989054077,-0.829890540770009
2023-10-27,P0006,S002,238,50.0,238.5869484219626,238.5869484219626,-0.5869484219626031
2023-10-27,P0014,S001,29,232.0,28.565199957633098,28.565199957633098,0.43480004236690206
2023-10-27,P0010,S005,118,236.0,118.08146258591931,118.08146258591931,-0.08146258591931144
2023-10-27,P0008,S002,46,301.0,45.091901446722304,45.091901446722304,0.9080985532776964
2023-10-27,P0019,S002,172,140.0,172.05224145270128,172.05224145270128,-0.05224145270128133
2023-10-27,P0017,S001,142,15.0,142.18284999205474,142.18284999205474,-0.1828499920547415
2023-10-27,P0019,S004,22,54.0,22.29224868734452,22.29224868734452,-0.2922486873445216
2023-10-27,P0013,S001,84,105.0,83.93510605583147,83.93510605583147,0.06489394416853145
2023-10-27,P0007,S005,278,160.0,276.77926800065455,276.77926800065455,1.2207319993454462
2023-10-27,P0014,S002,30,245.0,30.26903284669391,30.26903284669391,-0.2690328466939107
2023-10-27,P0001,S005,53,119.0,52.45438667245486,52.45438667245486,0.5456133275451407
2023-10-27,P0018,S003,188,105.0,186.9773490844756,186.9773490844756,1.0226509155243946
2023-10-27,P0013,S003,289,69.0,287.8101226717651,287.8101226717651,1.1898773282348998
2023-10-27,P0001,S003,19,148.0,19.970459676925163,19.970459676925163,-0.970459676925163
2023-10-27,P0007,S004,33,27.0,33.092717967672996,33.092717967672996,-0.09271796767299634
2023-10-27,P0010,S004,117,129.0,117.0003528763759,117.0003528763759,-0.00035287637589931364
2023-10-27,P0012,S004,64,127.0,64.24425205762927,64.24425205762927,-0.24425205762926794
2023-10-27,P0004,S003,113,196.0,113.4604612543816,113.4604612543816,-0.4604612543815989
2023-10-27,P0014,S004,70,175.0,70.6169680015804,70.6169680015804,-0.6169680015804033
2023-10-27,P0005,S003,43,189.0,43.290323473109595,43.290323473109595,-0.29032347310959494
2023-10-27,P0011,S002,62,60.0,62.65835379938009,62.65835379938009,-0.6583537993800874
2023-10-27,P0019,S001,37,19.0,38.10212905431583,38.10212905431583,-1.1021290543158315
2023-10-27,P0004,S004,140,4.0,139.63646236427195,139.63646236427195,0.36353763572805065
2023-10-27,P0001,S002,93,15.0,93.45119514768452,93.45119514768452,-0.4511951476845155
2023-10-27,P0011,S005,191,193.0,190.46286456459057,190.46286456459057,0.5371354354094251
2023-10-27,P0020,S001,136,45.0,136.7333031100238,136.7333031100238,-0.7333031100237974
2023-10-27,P0020,S002,26,139.0,25.451306393592134,25.451306393592134,0.5486936064078662
2023-10-27,P0004,S001,15,214.0,14.678666637192023,14.678666637192023,0.32133336280797664
2023-10-27,P0002,S002,3,262.0,2.660657161870453,2.660657161870453,0.3393428381295469
2023-10-27,P0020,S005,52,124.0,51.771315227299816,51.771315227299816,0.22868477270018417
2023-10-27,P0017,S003,97,81.0,97.31332624683778,97.31332624683778,-0.3133262468377751
2023-10-27,P0015,S004,76,10.0,76.78430693710493,76.78430693710493,-0.7843069371049296
2023-10-27,P0010,S001,314,54.0,313.0755582872492,313.0755582872492,0.92444171275082
2023-10-27,P0012,S002,378,78.0,379.23978407368304,379.23978407368304,-1.2397840736830403
2023-10-27,P0010,S003,22,99.0,22.678365572225776,22.678365572225776,-0.6783655722257755
2023-10-27,P0009,S002,35,140.0,35.229173193983804,35.229173193983804,-0.22917319398380442
2023-10-27,P0016,S003,88,184.0,88.26316090099218,88.26316090099218,-0.26316090099217604
2023-10-27,P0018,S005,13,13.0,12.27924492522743,12.27924492522743,0.7207550747725708
2023-10-27,P0007,S003,36,159.0,35.959423297054066,35.959423297054066,0.04057670294593407
2023-10-27,P0014,S003,197,104.0,196.2123210606853,196.2123210606853,0.7876789393147021
2023-10-27,P0003,S002,101,185.0,100.59677914919703,100.59677914919703,0.4032208508029669
2023-10-27,P0020,S004,161,286.0,161.37058137743176,161.37058137743176,-0.3705813774317619
2023-10-27,P0003,S005,21,240.0,20.94107760452374,20.94107760452374,0.05892239547625877
2023-10-27,P0013,S004,88,243.0,87.81571204064005,87.81571204064005,0.18428795935994913
2023-10-27,P0013,S002,268,30.0,268.2751799110343,268.2751799110343,-0.27517991103428585
2023-10-27,P0002,S001,64,66.0,64.50550121094798,64.50550121094798,-0.5055012109479833
2023-10-27,P0006,S001,142,137.0,141.84680201636533,141.84680201636533,0.1531979836346693
2023-10-27,P0006,S004,6,15.0,5.759743924304597,5.759743924304597,0.2402560756954033
2023-10-27,P0020,S003,148,145.0,147.68780566648255,147.68780566648255,0.3121943335174535
2023-10-27,P0009,S005,46,220.0,46.18760796079992,46.18760796079992,-0.18760796079992303
2023-10-27,P0018,S004,65,10.0,64.87233103551083,64.87233103551083,0.12766896448917464
2023-10-27,P0009,S001,151,22.0,150.7719628751801,150.7719628751801,0.228037124819906
2023-10-27,P0009,S004,107,57.0,106.57640729208701,106.57640729208701,0.423592707912988
2023-10-27,P0016,S002,133,96.0,133.3318854041033,133.3318854041033,-0.33188540410330347
2023-10-27,P0008,S005,34,53.0,33.649948328444545,33.649948328444545,0.35005167155545536
2023-10-27,P0015,S005,138,81.0,137.81483860716935,137.81483860716935,0.18516139283065058
2023-10-27,P0015,S001,26,68.0,25.01424596851113,25.01424596851113,0.9857540314888702
2023-10-27,P0008,S003,121,176.0,120.71999422037855,120.71999422037855,0.28000577962144746
2023-10-28,P0011,S002,406,62.0,405.97212454647837,405.97212454647837,0.02787545352163079
2023-10-28,P0011,S003,10,31.0,9.7547184250451,9.7547184250451,0.2452815749549
2023-10-28,P0007,S001,180,198.0,180.98382985182124,180.98382985182124,-0.9838298518212412
2023-10-28,P0008,S001,410,292.0,411.2328852727137,411.2328852727137,-1.2328852727137019
2023-10-28,P0007,S004,117,33.0,117.03357578320552,117.03357578320552,-0.03357578320552079
2023-10-28,P0010,S003,103,22.0,102.34737473538867,102.34737473538867,0.6526252646113306
2023-10-28,P0009,S004,129,107.0,128.6722405637896,128.6722405637896,0.3277594362104139
2023-10-28,P0010,S004,165,117.0,165.54651466370706,165.54651466370706,-0.5465146637070575
2023-10-28,P0001,S002,100,93.0,99.7238449230434,99.7238449230434,0.2761550769565986
2023-10-28,P0008,S004,14,262.0,13.938841853312017,13.938841853312017,0.06115814668798336
2023-10-28,P0010,S005,63,118.0,62.68428397278149,62.68428397278149,0.31571602721850667
2023-10-28,P0019,S005,123,106.0,122.94609270948108,122.94609270948108,0.05390729051892151
2023-10-28,P0007,S003,43,36.0,43.75009514335921,43.75009514335921,-0.7500951433592107
2023-10-28,P0007,S005,6,278.0,6.500728440807668,6.500728440807668,-0.5007284408076682
2023-10-28,P0018,S001,21,203.0,20.716972792399716,20.716972792399716,0.2830272076002842
2023-10-28,P0017,S005,413,174.0,410.9020228699613,410.9020228699613,2.097977130038714
2023-10-28,P0011,S001,89,124.0,89.15172699280656,89.15172699280656,-0.15172699280655877
2023-10-28,P0017,S004,294,50.0,293.31878479370073,293.31878479370073,0.6812152062992709
2023-10-28,P0009,S005,26,46.0,25.394799341514528,25.394799341514528,0.6052006584854723
2023-10-28,P0009,S001,19,151.0,18.34960946406865,18.34960946406865,0.6503905359313507
2023-10-28,P0010,S002,180,72.0,180.24128242394727,180.24128242394727,-0.2412824239472684
2023-10-28,P0008,S003,41,121.0,41.21965365019364,41.21965365019364,-0.21965365019364214
2023-10-28,P0009,S002,26,35.0,25.035214657566723,25.035214657566723,0.9647853424332773
2023-10-28,P0011,S004,76,7.0,75.24760840686503,75.24760840686503,0.7523915931349734
2023-10-28,P0010,S001,200,314.0,199.79810180067255,199.79810180067255,0.20189819932744513
2023-10-28,P0009,S003,263,111.0,263.1581733931571,263.1581733931571,-0.15817339315708523
2023-10-28,P0019,S003,103,70.0,103.83870990560298,103.83870990560298,-0.8387099056029825
2023-10-28,P0001,S003,2,19.0,1.8304021231987033,1.8304021231987033,0.16959787680129668
2023-10-28,P0019,S002,19,172.0,18.554771678450756,18.554771678450756,0.4452283215492443
2023-10-28,P0001,S001,255,20.0,256.0034841559217,256.0034841559217,-1.003484155921683
2023-10-28,P0019,S001,249,37.0,248.44740539809496,248.44740539809496,0.5525946019050423
2023-10-28,P0007,S002,64,139.0,64.1786369606185,64.1786369606185,-0.17863696061850476
2023-10-28,P0008,S002,142,46.0,141.73384311735447,141.73384311735447,0.2661568826455323
2023-10-28,P0011,S005,9,191.0,8.770851164389867,8.770851164389867,0.22914883561013255
2023-10-28,P0008,S005,379,34.0,375.3512754237201,375.3512754237201,3.6487245762799034
2023-10-28,P0019,S004,21,22.0,21.131475286268824,21.131475286268824,-0.13147528626882377
2023-10-28,P0016,S004,117,70.0,116.96729237427112,116.96729237427112,0.0327076257288752
2023-10-28,P0003,S004,51,92.0,51.43895346898141,51.43895346898141,-0.43895346898140986
2023-10-28,P0015,S004,75,76.0,74.62842192314855,74.62842192314855,0.37157807685144917
2023-10-28,P0013,S001,57,84.0,57.0452127063758,57.0452127063758,-0.04521270637579988
2023-10-28,P0014,S003,30,197.0,30.148654126739515,30.148654126739515,-0.1486541267395154
2023-10-28,P0015,S003,337,336.0,335.1068250102819,335.1068250102819,1.8931749897180907
2023-10-28,P0003,S003,237,374.0,237.91168443495792,237.91168443495792,-0.9116844349579196
2023-10-28,P0013,S002,170,268.0,170.5461341849356,170.5461341849356,-0.5461341849355961
2023-10-28,P0020,S004,355,161.0,354.13778862931235,354.13778862931235,0.8622113706876462
2023-10-28,P0020,S002,25,26.0,24.73943691755269,24.73943691755269,0.26056308244730886
2023-10-28,P0018,S003,44,188.0,43.25261571278945,43.25261571278945,0.7473842872105507
2023-10-28,P0020,S001,96,136.0,96.0418473328265,96.0418473328265,-0.041847332826506545
2023-10-28,P0017,S002,15,43.0,14.544936514514628,14.544936514514628,0.4550634854853719
2023-10-28,P0006,S003,270,166.0,270.1727315981822,270.1727315981822,-0.1727315981822244
2023-10-28,P0004,S003,13,113.0,13.057296300496997,13.057296300496997,-0.05729630049699708
2023-10-28,P0002,S001,11,64.0,11.621338538204368,11.621338538204368,-0.6213385382043679
2023-10-28,P0015,S002,199,343.0,198.83074266622128,198.83074266622128,0.16925733377871666
2023-10-28,P0003,S005,7,21.0,7.202519094218364,7.202519094218364,-0.20251909421836434
2023-10-28,P0006,S005,89,207.0,88.97438934330009,88.97438934330009,0.025610656699910805
2023-10-28,P0005,S004,70,183.0,69.43370519515348,69.43370519515348,0.5662948048465211
2023-10-28,P0012,S002,446,378.0,445.4125720418695,445.4125720418695,0.5874279581304904
2023-10-28,P0013,S003,306,289.0,304.77108993029435,304.77108993029435,1.2289100697056483
2023-10-28,P0015,S001,46,26.0,46.67817402638791,46.67817402638791,-0.6781740263879072
2023-10-28,P0004,S001,139,15.0,139.80039687413813,139.80039687413813,-0.80039687413813
2023-10-28,P0014,S004,327,70.0,324.71251240375045,324.71251240375045,2.287487596249548
2023-10-28,P0012,S003,198,17.0,197.89757217018814,197.89757217018814,0.10242782981185883
2023-10-28,P0017,S001,388,142.0,389.79373936255365,389.79373936255365,-1.7937393625536515
2023-10-28,P0001,S005,136,53.0,135.49773670286288,135.49773670286288,0.5022632971371195
2023-10-28,P0005,S003,7,43.0,7.1492868246949595,7.1492868246949595,-0.14928682469495946
2023-10-28,P0014,S005,281,125.0,281.01612596168485,281.01612596168485,-0.0161259616848497
2023-10-28,P0004,S002,130,348.0,129.2496484941041,129.2496484941041,0.7503515058959067
2023-10-28,P0013,S004,181,88.0,181.26793524408913,181.26793524408913,-0.2679352440891307
2023-10-28,P0020,S003,38,148.0,38.49223575876206,38.49223575876206,-0.4922357587620567
2023-10-28,P0005,S002,313,237.0,314.57237119112193,314.57237119112193,-1.5723711911219311
2023-10-28,P0014,S002,182,30.0,182.25643053715132,182.25643053715132,-0.25643053715131714
2023-10-28,P0012,S005,300,250.0,298.5640532514951,298.5640532514951,1.4359467485048754
2023-10-28,P0004,S005,417,60.0,414.42987133836994,414.42987133836994,2.570128661630065
2023-10-28,P0002,S005,86,47.0,86.30220145779332,86.30220145779332,-0.3022014577933163
2023-10-28,P0016,S003,179,88.0,178.97898786802966,178.97898786802966,0.021012131970337578
2023-10-28,P0006,S002,132,238.0,131.96585350605724,131.96585350605724,0.034146493942756706
2023-10-28,P0001,S004,172,99.0,171.7342753894055,171.7342753894055,0.2657246105945035
2023-10-28,P0005,S005,275,153.0,274.04217675019277,274.04217675019277,0.9578232498072339
2023-10-28,P0002,S004,1,174.0,1.206717869127308,1.206717869127308,-0.20671786912730794
2023-10-28,P0002,S003,106,82.0,105.46577842714598,105.46577842714598,0.5342215728540225
2023-10-28,P0014,S001,278,29.0,277.24708571965834,277.24708571965834,0.7529142803416562
2023-10-28,P0018,S002,394,247.0,391.5076804544037,391.5076804544037,2.492319545596274
2023-10-28,P0002,S002,72,3.0,72.22892893065078,72.22892893065078,-0.22892893065078113
2023-10-28,P0020,S005,389,52.0,388.5900290015777,388.5900290015777,0.40997099842229545
2023-10-28,P0012,S004,182,64.0,181.8627371770761,181.8627371770761,0.13726282292390124
2023-10-28,P0005,S001,169,303.0,168.28258056720392,168.28258056720392,0.7174194327960777
2023-10-28,P0013,S005,11,48.0,9.963334890329785,9.963334890329785,1.0366651096702153
2023-10-28,P0006,S004,266,6.0,267.2231499941794,267.2231499941794,-1.22314999417938
2023-10-28,P0003,S001,133,70.0,132.8121325041783,132.8121325041783,0.18786749582170614
2023-10-28,P0016,S005,22,158.0,21.86595997864304,21.86595997864304,0.13404002135695947
2023-10-28,P0018,S004,108,65.0,108.5207998526869,108.5207998526869,-0.5207998526869062
2023-10-28,P0015,S005,14,138.0,12.577423734424986,12.577423734424986,1.4225762655750138
2023-10-28,P0016,S001,142,202.0,142.13346575975893,142.13346575975893,-0.13346575975893415
2023-10-28,P0006,S001,44,142.0,43.46666877596515,43.46666877596515,0.5333312240348533
2023-10-28,P0003,S002,1,101.0,1.3794765384400087,1.3794765384400087,-0.3794765384400087
2023-10-28,P0017,S003,145,97.0,145.4165763792095,145.4165763792095,-0.41657637920948787
2023-10-28,P0016,S002,310,133.0,310.2314872493879,310.2314872493879,-0.23148724938789655
2023-10-28,P0004,S004,274,140.0,275.9311632902383,275.9311632902383,-1.9311632902383167
2023-10-28,P0012,S001,98,270.0,97.55808906702222,97.55808906702222,0.44191093297777684
2023-10-28,P0018,S005,24,13.0,23.444249065887295,23.444249065887295,0.5557509341127052
2023-10-29,P0005,S002,104,313.0,104.29549921594662,104.29549921594662,-0.2954992159466201
2023-10-29,P0011,S001,183,89.0,183.71428382582613,183.71428382582613,-0.7142838258261293
2023-10-29,P0005,S001,27,169.0,26.4793618776873,26.4793618776873,0.5206381223127003
2023-10-29,P0020,S005,37,389.0,36.73776587515423,36.73776587515423,0.2622341248457687
2023-10-29,P0001,S005,142,136.0,141.82789661810395,141.82789661810395,0.17210338189605068
2023-10-29,P0007,S005,223,6.0,223.7866639757275,223.7866639757275,-0.7866639757274925
2023-10-29,P0013,S005,284,11.0,283.45958563760075,283.45958563760075,0.5404143623992468
2023-10-29,P0012,S001,355,98.0,356.07692948812945,356.07692948812945,-1.0769294881294513
2023-10-29,P0005,S003,287,7.0,288.7006994302003,288.7006994302003,-1.7006994302003022
2023-10-29,P0012,S004,59,182.0,59.08640628673222,59.08640628673222,-0.0864062867322204
2023-10-29,P0019,S001,103,249.0,102.27112354707461,102.27112354707461,0.728876452925391
2023-10-29,P0001,S003,34,2.0,34.657736253862716,34.657736253862716,-0.6577362538627156
2023-10-29,P0006,S002,39,132.0,39.18837878570642,39.18837878570642,-0.1883787857064192
2023-10-29,P0001,S004,17,172.0,16.74895827491416,16.74895827491416,0.251041725085841
2023-10-29,P0012,S005,197,300.0,196.22550963298107,196.22550963298107,0.7744903670189274
2023-10-29,P0007,S002,22,64.0,21.698129915976303,21.698129915976303,0.3018700840236974
2023-10-29,P0011,S004,93,76.0,93.04139544582092,93.04139544582092,-0.04139544582092469
2023-10-29,P0006,S001,60,44.0,59.40537118783894,59.40537118783894,0.5946288121610621
2023-10-29,P0017,S003,88,145.0,87.30650570342259,87.30650570342259,0.6934942965774127
2023-10-29,P0018,S005,82,24.0,81.6425788127377,81.6425788127377,0.3574211872623039
2023-10-29,P0005,S005,50,275.0,49.58770653801192,49.58770653801192,0.41229346198807804
2023-10-29,P0007,S003,216,43.0,216.13983801130206,216.13983801130206,-0.13983801130206075
2023-10-29,P0016,S004,207,117.0,206.29537063809698,206.29537063809698,0.7046293619030166
2023-10-29,P0013,S001,107,57.0,106.86127273845939,106.86127273845939,0.138727261540609
2023-10-29,P0011,S003,99,10.0,99.56093001451748,99.56093001451748,-0.5609300145174814
2023-10-29,P0013,S002,77,170.0,76.49218601642558,76.49218601642558,0.5078139835744224
2023-10-29,P0020,S001,96,96.0,96.21274804952084,96.21274804952084,-0.21274804952084025
2023-10-29,P0007,S004,103,117.0,103.16422821846422,103.16422821846422,-0.16422821846421698
2023-10-29,P0011,S002,143,406.0,142.60020443852565,142.60020443852565,0.3997955614743489
2023-10-29,P0005,S004,53,70.0,53.07255691523138,53.07255691523138,-0.07255691523138097
2023-10-29,P0013,S003,5,306.0,4.507985635082593,4.507985635082593,0.4920143649174067
2023-10-29,P0018,S001,9,21.0,8.644484051396997,8.644484051396997,0.35551594860300284
2023-10-29,P0013,S004,384,181.0,386.5868338381027,386.5868338381027,-2.5868338381026774
2023-10-29,P0017,S002,105,15.0,105.40349974118423,105.40349974118423,-0.40349974118423404
2023-10-29,P0004,S003,153,13.0,153.04915055281353,153.04915055281353,-0.0491505528135292
2023-10-29,P0010,S005,80,63.0,81.0608427219684,81.0608427219684,-1.060842721968399
2023-10-29,P0015,S003,34,337.0,33.73278862797302,33.73278862797302,0.26721137202697776
2023-10-29,P0008,S005,236,379.0,235.71266937119552,235.71266937119552,0.287330628804483
2023-10-29,P0010,S001,154,200.0,153.634382161936,153.634382161936,0.36561783806399717
2023-10-29,P0015,S004,108,75.0,107.89344663201265,107.89344663201265,0.10655336798734538
2023-10-29,P0020,S003,116,38.0,115.41961782029635,115.41961782029635,0.5803821797036477
2023-10-29,P0016,S005,165,22.0,164.44068470083727,164.44068470083727,0.5593152991627335
2023-10-29,P0009,S001,228,19.0,228.2729731174169,228.2729731174169,-0.2729731174169103
2023-10-29,P0009,S005,8,26.0,8.063536617479228,8.063536617479228,-0.06353661747922779
2023-10-29,P0015,S005,77,14.0,76.51933002785174,76.51933002785174,0.480669972148263
2023-10-29,P0003,S002,144,1.0,144.46099826855465,144.46099826855465,-0.460998268554647
2023-10-29,P0001,S001,218,255.0,218.5563693598223,218.5563693598223,-0.5563693598222983
2023-10-29,P0003,S003,40,237.0,39.538762882221754,39.538762882221754,0.4612371177782464
2023-10-29,P0016,S001,100,142.0,99.69055351936663,99.69055351936663,0.309446480633369
2023-10-29,P0016,S002,130,310.0,129.51769703401757,129.51769703401757,0.48230296598242717
2023-10-29,P0009,S002,248,26.0,246.10461595242683,246.10461595242683,1.8953840475731738
2023-10-29,P0009,S004,1,129.0,1.0443447266424746,1.0443447266424746,-0.044344726642474575
2023-10-29,P0002,S005,139,86.0,139.62557793788432,139.62557793788432,-0.6255779378843158
2023-10-29,P0016,S003,323,179.0,321.5061663133838,321.5061663133838,1.493833686616199
2023-10-29,P0019,S003,186,103.0,186.1938037600152,186.1938037600152,-0.19380376001518584
2023-10-29,P0002,S004,224,1.0,224.10093895166136,224.10093895166136,-0.10093895166136235
2023-10-29,P0002,S003,131,106.0,131.59770092215314,131.59770092215314,-0.5977009221531375
2023-10-29,P0018,S002,61,394.0,60.85421879114343,60.85421879114343,0.14578120885656887
2023-10-29,P0002,S002,125,72.0,124.52786545344782,124.52786545344782,0.47213454655218356
2023-10-29,P0009,S003,79,263.0,78.91462921994905,78.91462921994905,0.08537078005095111
2023-10-29,P0003,S001,105,133.0,104.8507413500722,104.8507413500722,0.1492586499278019
2023-10-29,P0017,S005,416,413.0,414.29583281736524,414.29583281736524,1.7041671826347624
2023-10-29,P0020,S004,257,355.0,258.2564252936553,258.2564252936553,-1.2564252936552975
2023-10-29,P0018,S003,38,44.0,38.6961235422303,38.6961235422303,-0.6961235422303034
2023-10-29,P0014,S001,5,278.0,4.538549152735553,4.538549152735553,0.4614508472644472
2023-10-29,P0004,S005,283,417.0,282.50583542485884,282.50583542485884,0.49416457514115564
2023-10-29,P0019,S004,190,21.0,189.4311388545425,189.4311388545425,0.5688611454575039
2023-10-29,P0018,S004,321,108.0,322.0420975830649,322.0420975830649,-1.0420975830649013
2023-10-29,P0004,S004,225,274.0,225.77538609981534,225.77538609981534,-0.7753860998153357
2023-10-29,P0014,S002,78,182.0,78.06058857147706,78.06058857147706,-0.0605885714770551
2023-10-29,P0010,S004,71,165.0,70.71928446730041,70.71928446730041,0.28071553269958827
2023-10-29,P0014,S003,43,30.0,43.140836491119245,43.140836491119245,-0.140836491119245
2023-10-29,P0020,S002,128,25.0,128.31941392573174,128.31941392573174,-0.31941392573173744
2023-10-29,P0002,S001,268,11.0,268.11386185796835,268.11386185796835,-0.11386185796834525
2023-10-29,P0014,S004,289,327.0,289.10928481762556,289.10928481762556,-0.1092848176255643
2023-10-29,P0019,S002,20,19.0,19.703908426482922,19.703908426482922,0.29609157351707793
2023-10-29,P0004,S002,72,130.0,72.08670168839045,72.08670168839045,-0.08670168839044834
2023-10-29,P0008,S002,250,142.0,251.45721834422469,251.45721834422469,-1.4572183442246853
2023-10-29,P0014,S005,296,281.0,296.3441672757466,296.3441672757466,-0.34416727574659944
2023-10-29,P0017,S001,173,388.0,173.72602915640365,173.72602915640365,-0.726029156403655
2023-10-29,P0008,S003,95,41.0,94.9212621774605,94.9212621774605,0.07873782253949457
2023-10-29,P0004,S001,19,139.0,19.075238122017343,19.075238122017343,-0.07523812201734259
2023-10-29,P0010,S003,110,103.0,109.76025821511276,109.76025821511276,0.23974178488724363
2023-10-29,P0015,S001,90,46.0,90.13122147663135,90.13122147663135,-0.13122147663135308
2023-10-29,P0003,S005,185,7.0,185.55802526775938,185.55802526775938,-0.5580252677593762
2023-10-29,P0015,S002,286,199.0,284.8002124450346,284.8002124450346,1.1997875549653827
2023-10-29,P0008,S004,72,14.0,71.73666099672529,71.73666099672529,0.2633390032747087
2023-10-29,P0003,S004,362,51.0,363.6995747482785,363.6995747482785,-1.6995747482785077
2023-10-29,P0010,S002,79,180.0,78.83169808385522,78.83169808385522,0.1683019161447845
2023-10-29,P0008,S001,398,410.0,397.391164525505,397.391164525505,0.6088354744949811
2023-10-29,P0006,S003,2,270.0,1.2929276277976696,1.2929276277976696,0.7070723722023304
2023-10-29,P0001,S002,69,100.0,69.21309804170238,69.21309804170238,-0.21309804170238067
2023-10-29,P0017,S004,59,294.0,59.28590206124271,59.28590206124271,-0.2859020612427088
2023-10-29,P0006,S004,227,266.0,227.04547379197993,227.04547379197993,-0.045473791979929956
2023-10-29,P0007,S001,147,180.0,147.39593299682767,147.39593299682767,-0.3959329968276677
2023-10-29,P0012,S002,245,446.0,245.61788806005248,245.61788806005248,-0.6178880600524792
2023-10-29,P0012,S003,137,198.0,136.3025655017626,136.3025655017626,0.6974344982374134
2023-10-29,P0006,S005,135,89.0,134.90052857647308,134.90052857647308,0.0994714235269214
2023-10-29,P0011,S005,153,9.0,152.66866941469877,152.66866941469877,0.33133058530123094
2023-10-29,P0019,S005,169,123.0,168.9293356234758,168.9293356234758,0.07066437652420632
2023-10-30,P0004,S001,121,19.0,120.39351756854516,120.39351756854516,0.606482431454836
2023-10-30,P0013,S005,211,284.0,211.00759797227545,211.00759797227545,-0.007597972275448228
2023-10-30,P0010,S003,5,110.0,4.770556525799233,4.770556525799233,0.22944347420076738
2023-10-30,P0015,S001,19,90.0,18.769995838964675,18.769995838964675,0.23000416103532473
2023-10-30,P0005,S002,51,104.0,50.97758739237579,50.97758739237579,0.02241260762421149
2023-10-30,P0003,S005,72,185.0,71.73218727745449,71.73218727745449,0.26781272254551425
2023-10-30,P0006,S005,106,135.0,106.40712749689234,106.40712749689234,-0.4071274968923433
2023-10-30,P0015,S002,16,286.0,16.05066841994548,16.05066841994548,-0.05066841994548099
2023-10-30,P0008,S004,3,72.0,2.7846892478438385,2.7846892478438385,0.21531075215616147
2023-10-30,P0008,S003,65,95.0,65.08060882540165,65.08060882540165,-0.08060882540165437
2023-10-30,P0007,S002,92,22.0,92.2416827072954,92.2416827072954,-0.24168270729539643
2023-10-30,P0003,S004,135,362.0,134.30001223432842,134.30001223432842,0.6999877656715796
2023-10-30,P0001,S005,202,142.0,201.9065449730098,201.9065449730098,0.09345502699019903
2023-10-30,P0010,S002,65,79.0,63.99722381370724,63.99722381370724,1.0027761862927633
2023-10-30,P0012,S005,13,197.0,12.736855453983756,12.736855453983756,0.26314454601624426
2023-10-30,P0018,S003,158,38.0,157.63625463706106,157.63625463706106,0.36374536293894266
2023-10-30,P0018,S005,81,82.0,79.9431817839499,79.9431817839499,1.0568182160501038
2023-10-30,P0007,S005,112,223.0,111.07449846406111,111.07449846406111,0.9255015359388921
2023-10-30,P0020,S004,25,257.0,24.723355317946602,24.723355317946602,0.2766446820533979
2023-10-30,P0017,S004,243,59.0,242.1991246956561,242.1991246956561,0.8008753043438901
2023-10-30,P0001,S004,88,17.0,88.15473772817734,88.15473772817734,-0.15473772817733789
2023-10-30,P0011,S001,224,183.0,224.14409199752566,224.14409199752566,-0.14409199752566337
2023-10-30,P0017,S002,47,105.0,48.073818922537164,48.073818922537164,-1.0738189225371642
2023-10-30,P0017,S001,0,173.0,0.0,0.0,0.0
2023-10-30,P0003,S003,7,40.0,7.321980027286903,7.321980027286903,-0.32198002728690334
2023-10-30,P0018,S004,123,321.0,123.96789218691642,123.96789218691642,-0.9678921869164157
2023-10-30,P0004,S005,212,283.0,212.22947788302648,212.22947788302648,-0.2294778830264761
2023-10-30,P0004,S004,132,225.0,132.03121937858748,132.03121937858748,-0.031219378587479696
2023-10-30,P0006,S001,24,60.0,23.3452986041638,23.3452986041638,0.6547013958361987
2023-10-30,P0001,S002,448,69.0,447.1516091110736,447.1516091110736,0.8483908889264171
2023-10-30,P0014,S002,63,78.0,63.443079210649245,63.443079210649245,-0.4430792106492447
2023-10-30,P0010,S004,81,71.0,81.24058418981896,81.24058418981896,-0.24058418981896068
2023-10-30,P0014,S003,133,43.0,133.09555383000318,133.09555383000318,-0.0955538300031833
2023-10-30,P0014,S001,71,5.0,71.385928631573,71.385928631573,-0.3859286315729946
2023-10-30,P0020,S002,73,128.0,72.54193510363285,72.54193510363285,0.45806489636714787
2023-10-30,P0010,S005,328,80.0,327.6111162463685,327.6111162463685,0.3888837536314895
2023-10-30,P0011,S004,67,93.0,66.54619764253879,66.54619764253879,0.453802357461214
2023-10-30,P0004,S003,329,153.0,329.74503221495,329.74503221495,-0.7450322149500153
2023-10-30,P0006,S003,136,2.0,135.80111372429704,135.80111372429704,0.1988862757029608
2023-10-30,P0002,S001,42,268.0,41.88707049811368,41.88707049811368,0.11292950188632034
2023-10-30,P0012,S002,216,245.0,215.8371401015773,215.8371401015773,0.16285989842270965
2023-10-30,P0014,S004,151,289.0,150.75735209668233,150.75735209668233,0.24264790331767472
2023-10-30,P0008,S001,38,398.0,38.12293323147253,38.12293323147253,-0.12293323147252977
2023-10-30,P0011,S005,47,153.0,47.480854197687904,47.480854197687904,-0.48085419768790416
2023-10-30,P0019,S002,151,20.0,149.92249733510056,149.92249733510056,1.0775026648994412
2023-10-30,P0017,S003,37,88.0,36.890843566956256,36.890843566956256,0.10915643304374356
2023-10-30,P0004,S002,208,72.0,207.89438516100878,207.89438516100878,0.10561483899121527
2023-10-30,P0006,S004,83,227.0,82.50666283301561,82.50666283301561,0.49333716698438934
2023-10-30,P0008,S002,333,250.0,333.8252332277663,333.8252332277663,-0.8252332277663186
2023-10-30,P0005,S001,372,27.0,372.9770882949555,372.9770882949555,-0.9770882949554789
2023-10-30,P0014,S005,48,296.0,47.805816826061864,47.805816826061864,0.19418317393813567
2023-10-30,P0015,S003,55,34.0,55.35121692779009,55.35121692779009,-0.35121692779009095
2023-10-30,P0013,S001,122,107.0,122.04280336326451,122.04280336326451,-0.04280336326451106
2023-10-30,P0008,S005,204,236.0,203.9594834331639,203.9594834331639,0.040516566836089396
2023-10-30,P0005,S005,89,50.0,89.07019036471958,89.07019036471958,-0.07019036471957918
2023-10-30,P0003,S001,52,105.0,51.79823414798513,51.79823414798513,0.20176585201487285
2023-10-30,P0013,S004,133,384.0,132.37043165436117,132.37043165436117,0.6295683456388304
2023-10-30,P0016,S002,202,130.0,201.10559399954988,201.10559399954988,0.8944060004501182
2023-10-30,P0019,S005,59,169.0,59.058974866039364,59.058974866039364,-0.05897486603936386
2023-10-30,P0009,S002,199,248.0,198.96884514186587,198.96884514186587,0.03115485813412988
2023-10-30,P0007,S001,10,147.0,9.610156904862096,9.610156904862096,0.3898430951379037
2023-10-30,P0007,S003,140,216.0,140.69103394385564,140.69103394385564,-0.6910339438556434
2023-10-30,P0009,S004,69,1.0,68.8786649324337,68.8786649324337,0.12133506756630652
2023-10-30,P0011,S002,245,143.0,245.19072404368544,245.19072404368544,-0.19072404368543516
2023-10-30,P0002,S005,99,139.0,98.98347663261451,98.98347663261451,0.01652336738548854
2023-10-30,P0016,S003,12,323.0,11.453082407314442,11.453082407314442,0.5469175926855581
2023-10-30,P0016,S001,180,100.0,180.3438713020571,180.3438713020571,-0.3438713020570958
2023-10-30,P0019,S003,164,186.0,164.46656240822554,164.46656240822554,-0.46656240822554196
2023-10-30,P0007,S004,123,103.0,122.75779814046,122.75779814046,0.24220185954000328
2023-10-30,P0002,S004,2,224.0,2.141307295832094,2.141307295832094,-0.14130729583209378
2023-10-30,P0002,S003,56,131.0,56.61174789374378,56.61174789374378,-0.6117478937437824
2023-10-30,P0020,S001,52,96.0,51.536249375724736,51.536249375724736,0.4637506242752636
2023-10-30,P0018,S002,123,61.0,123.19620928608548,123.19620928608548,-0.19620928608547672
2023-10-30,P0013,S002,226,77.0,227.8851623981808,227.8851623981808,-1.8851623981807961
2023-10-30,P0009,S003,127,79.0,126.98153390072251,126.98153390072251,0.018466099277489434
2023-10-30,P0012,S001,57,355.0,57.03779067125752,57.03779067125752,-0.03779067125751823
2023-10-30,P0012,S004,47,59.0,47.5398712869272,47.5398712869272,-0.5398712869272018
2023-10-30,P0002,S002,53,125.0,52.98207836813612,52.98207836813612,0.017921631863877963
2023-10-30,P0011,S003,118,99.0,117.72283887828601,117.72283887828601,0.27716112171398777
2023-10-30,P0016,S004,283,207.0,280.95138123973163,280.95138123973163,2.0486187602683685
2023-10-30,P0019,S001,310,103.0,308.25063651485635,308.25063651485635,1.7493634851436468
2023-10-30,P0005,S004,185,53.0,184.24387424013042,184.24387424013042,0.7561257598695761
2023-10-30,P0019,S004,225,190.0,225.2615580972982,225.2615580972982,-0.2615580972982059
2023-10-30,P0020,S003,77,116.0,76.88239660620579,76.88239660620579,0.11760339379421225
2023-10-30,P0003,S002,143,144.0,141.8231686490567,141.8231686490567,1.1768313509433028
2023-10-30,P0016,S005,429,165.0,430.0277599689215,430.0277599689215,-1.0277599689214867
2023-10-30,P0001,S001,362,218.0,361.54738352583115,361.54738352583115,0.452616474168849
2023-10-30,P0010,S001,7,154.0,7.12183066807853,7.12183066807853,-0.12183066807853038
2023-10-30,P0009,S001,363,228.0,361.94279363601987,361.94279363601987,1.0572063639801286
2023-10-30,P0013,S003,294,5.0,291.9664921447707,291.9664921447707,2.0335078552292885
2023-10-30,P0012,S003,169,137.0,168.73900347142467,168.73900347142467,0.2609965285753333
2023-10-30,P0017,S005,154,416.0,153.63390986449022,153.63390986449022,0.3660901355097792
2023-10-30,P0009,S005,33,8.0,33.031827261212776,33.031827261212776,-0.03182726121277568
2023-10-30,P0001,S003,183,34.0,181.52060328807815,181.52060328807815,1.4793967119218507
2023-10-30,P0015,S005,69,77.0,69.6009443275649,69.6009443275649,-0.6009443275649033
2023-10-30,P0015,S004,326,108.0,326.63712238378196,326.63712238378196,-0.6371223837819571
2023-10-30,P0020,S005,371,37.0,369.1910772530709,369.1910772530709,1.8089227469291131
2023-10-30,P0018,S001,136,9.0,135.76101196183546,135.76101196183546,0.2389880381645355
2023-10-30,P0006,S002,190,39.0,190.19886796706777,190.19886796706777,-0.19886796706776977
2023-10-30,P0005,S003,318,287.0,320.45910625445646,320.45910625445646,-2.459106254456458
2023-10-31,P0013,S002,39,226.0,39.71651296412202,39.71651296412202,-0.7165129641220176
2023-10-31,P0020,S005,119,371.0,119.08925758228935,119.08925758228935,-0.0892575822893491
2023-10-31,P0014,S001,168,71.0,166.7742757426612,166.7742757426612,1.2257242573388112
2023-10-31,P0004,S005,55,212.0,55.02541827051428,55.02541827051428,-0.025418270514279584
2023-10-31,P0010,S005,50,328.0,49.922499979096635,49.922499979096635,0.07750002090336494
2023-10-31,P0013,S004,209,133.0,209.25216082259792,209.25216082259792,-0.25216082259791506
2023-10-31,P0011,S003,172,118.0,172.61666885218455,172.61666885218455,-0.6166688521845458
2023-10-31,P0005,S003,285,318.0,285.55887157124346,285.55887157124346,-0.5588715712434578
2023-10-31,P0019,S004,169,225.0,169.48333374715634,169.48333374715634,-0.4833337471563368
2023-10-31,P0018,S001,162,136.0,161.82610881531542,161.82610881531542,0.1738911846845781
2023-10-31,P0007,S005,66,112.0,66.20819480167788,66.20819480167788,-0.20819480167787674
2023-10-31,P0008,S001,332,38.0,330.1271445704349,330.1271445704349,1.8728554295651065
2023-10-31,P0007,S004,87,123.0,87.13970514627168,87.13970514627168,-0.1397051462716803
2023-10-31,P0011,S002,122,245.0,121.99172768808873,121.99172768808873,0.00827231191126998
2023-10-31,P0006,S004,69,83.0,68.84477891079038,68.84477891079038,0.1552210892096184
2023-10-31,P0013,S003,135,294.0,135.73624630279485,135.73624630279485,-0.7362463027948536
2023-10-31,P0001,S005,50,202.0,49.165194958401784,49.165194958401784,0.8348050415982158
2023-10-31,P0011,S001,151,224.0,151.04984807764848,151.04984807764848,-0.049848077648476874
2023-10-31,P0005,S001,21,372.0,21.487396322595227,21.487396322595227,-0.48739632259522736
2023-10-31,P0005,S002,79,51.0,78.2545624809816,78.2545624809816,0.7454375190183953
2023-10-31,P0017,S002,105,47.0,105.42305880328416,105.42305880328416,-0.4230588032841638
2023-10-31,P0013,S005,341,211.0,341.0201327343418,341.0201327343418,-0.020132734341814285
2023-10-31,P0012,S003,201,169.0,200.83025969217854,200.83025969217854,0.16974030782145633
2023-10-31,P0020,S001,1,52.0,1.0672307375719372,1.0672307375719372,-0.0672307375719372
2023-10-31,P0005,S004,86,185.0,85.57892625233418,85.57892625233418,0.4210737476658153
2023-10-31,P0006,S003,40,136.0,39.93576182604126,39.93576182604126,0.0642381739587421
2023-10-31,P0004,S004,125,132.0,124.76829008057385,124.76829008057385,0.2317099194261516
2023-10-31,P0017,S005,62,154.0,62.14317649636497,62.14317649636497,-0.14317649636497265
2023-10-31,P0010,S001,68,7.0,67.47303767774609,67.47303767774609,0.5269623222539082
2023-10-31,P0015,S004,87,326.0,86.36071243384968,86.36071243384968,0.6392875661503155
2023-10-31,P0020,S003,2,77.0,2.741352218352727,2.741352218352727,-0.741352218352727
2023-10-31,P0003,S002,68,143.0,68.12096866154876,68.12096866154876,-0.1209686615487584
2023-10-31,P0016,S005,315,429.0,313.2453491312289,313.2453491312289,1.7546508687710798
2023-10-31,P0009,S001,162,363.0,160.88003622256906,160.88003622256906,1.1199637774309394
2023-10-31,P0009,S005,91,33.0,90.59576312977148,90.59576312977148,0.40423687022851595
2023-10-31,P0015,S005,60,69.0,60.541729337470706,60.541729337470706,-0.5417293374707057
2023-10-31,P0001,S001,311,362.0,311.37855001632715,311.37855001632715,-0.37855001632715357
2023-10-31,P0003,S001,217,52.0,216.4766073323267,216.4766073323267,0.5233926676733063
2023-10-31,P0016,S001,153,180.0,153.26309420385834,153.26309420385834,-0.26309420385834414
2023-10-31,P0008,S005,9,204.0,8.745723295783744,8.745723295783744,0.2542767042162559
2023-10-31,P0019,S005,70,59.0,69.6843023160771,69.6843023160771,0.315697683922906
2023-10-31,P0016,S002,114,202.0,114.72223551882597,114.72223551882597,-0.7222355188259684
2023-10-31,P0009,S004,339,69.0,336.540674316778,336.540674316778,2.459325683222005
2023-10-31,P0002,S005,49,99.0,48.64039682858677,48.64039682858677,0.3596031714132266
2023-10-31,P0016,S003,179,12.0,179.6221791602981,179.6221791602981,-0.6221791602980886
2023-10-31,P0019,S003,167,164.0,167.16978752361427,167.16978752361427,-0.16978752361427496
2023-10-31,P0002,S004,83,2.0,82.6805375885379,82.6805375885379,0.31946241146209786
2023-10-31,P0002,S003,18,56.0,18.49595479207217,18.49595479207217,-0.49595479207216897
2023-10-31,P0018,S002,27,123.0,26.872668032793786,26.872668032793786,0.12733196720621365
2023-10-31,P0012,S001,22,57.0,21.329892824088255,21.329892824088255,0.6701071759117454
2023-10-31,P0009,S003,177,127.0,176.9883339768968,176.9883339768968,0.01166602310320286
2023-10-31,P0002,S002,89,53.0,89.01860676666824,89.01860676666824,-0.018606766668241903
2023-10-31,P0016,S004,323,283.0,324.4733085888427,324.4733085888427,-1.4733085888427127
2023-10-31,P0009,S002,104,199.0,104.53168826536387,104.53168826536387,-0.5316882653638686
2023-10-31,P0018,S004,20,123.0,19.616930633019678,19.616930633019678,0.38306936698032246
2023-10-31,P0015,S003,155,55.0,155.04049223811901,155.04049223811901,-0.0404922381190147
2023-10-31,P0006,S005,119,106.0,119.09249897148487,119.09249897148487,-0.09249897148487207
2023-10-31,P0001,S002,80,448.0,79.82748523010166,79.82748523010166,0.17251476989834202
2023-10-31,P0014,S002,51,63.0,50.57535844955701,50.57535844955701,0.4246415504429919
2023-10-31,P0010,S004,34,81.0,34.32344537256063,34.32344537256063,-0.3234453725606272
2023-10-31,P0014,S003,45,133.0,45.26346418023778,45.26346418023778,-0.26346418023778284
2023-10-31,P0020,S002,389,73.0,388.4559504643413,388.4559504643413,0.5440495356587007
2023-10-31,P0004,S003,277,329.0,276.3289728527445,276.3289728527445,0.6710271472554723
2023-10-31,P0002,S001,68,42.0,68.16922733685752,68.16922733685752,-0.16922733685751723
2023-10-31,P0014,S004,89,151.0,89.43874879463125,89.43874879463125,-0.4387487946312518
2023-10-31,P0004,S002,5,208.0,5.344556068512791,5.344556068512791,-0.34455606851279086
2023-10-31,P0019,S002,59,151.0,59.119769415938705,59.119769415938705,-0.11976941593870549
2023-10-31,P0011,S005,256,47.0,257.29792217494656,257.29792217494656,-1.2979221749465637
2023-10-31,P0008,S002,25,333.0,24.341110225632928,24.341110225632928,0.6588897743670721
2023-10-31,P0003,S003,76,7.0,76.29960621100157,76.29960621100157,-0.29960621100157425
2023-10-31,P0017,S001,171,0.0,171.74257307346568,171.74257307346568,-0.7425730734656781
2023-10-31,P0008,S003,35,65.0,35.252407381083806,35.252407381083806,-0.2524073810838061
2023-10-31,P0004,S001,131,121.0,130.92549257456432,130.92549257456432,0.07450742543568367
2023-10-31,P0010,S003,143,5.0,141.62853391449124,141.62853391449124,1.3714660855087573
2023-10-31,P0015,S001,9,19.0,9.332125816213697,9.332125816213697,-0.3321258162136971
2023-10-31,P0003,S005,244,72.0,243.80239189493886,243.80239189493886,0.19760810506113557
2023-10-31,P0015,S002,161,16.0,160.51683882323587,160.51683882323587,0.48316117676412773
2023-10-31,P0008,S004,56,3.0,55.51786844711881,55.51786844711881,0.48213155288119225
2023-10-31,P0003,S004,31,135.0,31.164331350654475,31.164331350654475,-0.16433135065447502
2023-10-31,P0010,S002,37,65.0,36.960490202556905,36.960490202556905,0.03950979744309535
2023-10-31,P0018,S003,95,158.0,94.63385355322545,94.63385355322545,0.3661464467745503
2023-10-31,P0017,S004,50,243.0,50.04594291727177,50.04594291727177,-0.045942917271773354
2023-10-31,P0020,S004,140,25.0,140.2122737043243,140.2122737043243,-0.21227370432430348
2023-10-31,P0013,S001,149,122.0,149.46807365876387,149.46807365876387,-0.4680736587638705
2023-10-31,P0014,S005,448,48.0,446.3523007084445,446.3523007084445,1.6476992915555115
2023-10-31,P0012,S002,99,216.0,98.37165258661015,98.37165258661015,0.6283474133898466
2023-10-31,P0006,S001,363,24.0,362.53653098129837,362.53653098129837,0.4634690187016304
2023-10-31,P0007,S003,117,140.0,117.23333685635703,117.23333685635703,-0.2333368563570275
2023-10-31,P0007,S001,64,10.0,63.5845689621891,63.5845689621891,0.4154310378108974
2023-10-31,P0005,S005,405,89.0,403.8383332435178,403.8383332435178,1.161666756482191
2023-10-31,P0017,S003,273,37.0,274.9530003499931,274.9530003499931,-1.95300034999309
2023-10-31,P0006,S002,35,190.0,35.972226877140876,35.972226877140876,-0.9722268771408764
2023-10-31,P0012,S004,45,47.0,45.15464946834526,45.15464946834526,-0.15464946834526216
2023-10-31,P0001,S003,157,183.0,157.27623016563652,157.27623016563652,-0.2762301656365196
2023-10-31,P0001,S004,111,88.0,111.1722081896295,111.1722081896295,-0.1722081896295009
2023-10-31,P0019,S001,35,310.0,35.9523189961574,35.9523189961574,-0.9523189961574019
2023-10-31,P0012,S005,173,13.0,173.3019181320132,173.3019181320132,-0.3019181320132134
2023-10-31,P0018,S005,28,81.0,27.926055202987044,27.926055202987044,0.07394479701295609
2023-10-31,P0011,S004,233,67.0,233.75967335300393,233.75967335300393,-0.759673353003933
2023-10-31,P0007,S002,189,92.0,188.61433266415327,188.61433266415327,0.3856673358467333
2023-11-01,P0001,S004,45,111.0,44.614433450604494,44.614433450604494,0.38556654939550583
2023-11-01,P0020,S004,145,140.0,145.30233172812146,145.30233172812146,-0.3023317281214588
2023-11-01,P0016,S003,72,179.0,72.15121899719874,72.15121899719874,-0.15121899719873966
2023-11-01,P0002,S005,241,49.0,241.08874816550536,241.08874816550536,-0.0887481655053648
2023-11-01,P0005,S001,52,21.0,52.028540294990094,52.028540294990094,-0.02854029499009414
2023-11-01,P0015,S002,20,161.0,19.5383808200867,19.5383808200867,0.46161917991329915
2023-11-01,P0007,S002,116,189.0,116.70948806842144,116.70948806842144,-0.709488068421436
2023-11-01,P0019,S005,233,70.0,232.4854478183046,232.4854478183046,0.5145521816953931
2023-11-01,P0008,S004,16,56.0,16.350971843724796,16.350971843724796,-0.3509718437247962
2023-11-01,P0006,S004,56,69.0,55.48930326392523,55.48930326392523,0.5106967360747703
2023-11-01,P0009,S002,37,104.0,37.529020204577456,37.529020204577456,-0.5290202045774564
2023-11-01,P0013,S004,106,209.0,106.42142963453888,106.42142963453888,-0.4214296345388817
2023-11-01,P0014,S001,40,168.0,40.29160459456587,40.29160459456587,-0.29160459456586807
2023-11-01,P0008,S001,317,332.0,317.10902531594917,317.10902531594917,-0.10902531594916809
2023-11-01,P0017,S004,58,50.0,57.773457036981014,57.773457036981014,0.2265429630189857
2023-11-01,P0010,S005,10,50.0,10.249115465691105,10.249115465691105,-0.249115465691105
2023-11-01,P0018,S003,137,95.0,137.56086795071252,137.56086795071252,-0.5608679507125203
2023-11-01,P0009,S004,50,339.0,50.04561937353558,50.04561937353558,-0.045619373535579655
2023-11-01,P0016,S002,1,114.0,0.505297888534831,0.505297888534831,0.49470211146516896
2023-11-01,P0003,S004,166,31.0,166.00065454961538,166.00065454961538,-0.0006545496153762542
2023-11-01,P0012,S005,80,173.0,80.23637762884061,80.23637762884061,-0.2363776288406143
2023-11-01,P0007,S004,219,87.0,219.55459194254226,219.55459194254226,-0.5545919425422596
2023-11-01,P0010,S002,38,37.0,37.43639171851064,37.43639171851064,0.5636082814893584
2023-11-01,P0017,S003,54,273.0,54.577240657490165,54.577240657490165,-0.5772406574901652
2023-11-01,P0017,S002,73,105.0,73.66776704857747,73.66776704857747,-0.667767048577474
2023-11-01,P0005,S002,256,79.0,256.19003748197,256.19003748197,-0.19003748197002324
2023-11-01,P0011,S002,66,122.0,65.80206153863051,65.80206153863051,0.197938461369489
2023-11-01,P0009,S001,132,162.0,131.91605912389667,131.91605912389667,0.0839408761033269
2023-11-01,P0001,S001,15,311.0,14.997692400759606,14.997692400759606,0.0023075992403942536
2023-11-01,P0016,S005,192,315.0,191.5328112459379,191.5328112459379,0.46718875406210714
2023-11-01,P0005,S003,249,285.0,249.3878642887516,249.3878642887516,-0.38786428875158663
2023-11-01,P0007,S005,103,66.0,102.39211652000436,102.39211652000436,0.6078834799956354
2023-11-01,P0003,S002,272,68.0,271.05970490513596,271.05970490513596,0.940295094864041
2023-11-01,P0009,S005,49,91.0,49.22290763058316,49.22290763058316,-0.22290763058315832
2023-11-01,P0015,S005,16,60.0,15.936746638068977,15.936746638068977,0.06325336193102338
2023-11-01,P0018,S005,220,28.0,220.92478941030208,220.92478941030208,-0.9247894103020826
2023-11-01,P0018,S001,193,162.0,192.45888242161863,192.45888242161863,0.5411175783813746
2023-11-01,P0001,S005,220,50.0,221.06639045267178,221.06639045267178,-1.066390452671783
2023-11-01,P0020,S003,31,2.0,31.245939329128124,31.245939329128124,-0.24593932912812377
2023-11-01,P0015,S004,318,87.0,316.88989007485867,316.88989007485867,1.1101099251413302
2023-11-01,P0003,S003,172,76.0,172.63134440609923,172.63134440609923,-0.631344406099231
2023-11-01,P0011,S001,49,151.0,48.817324208881296,48.817324208881296,0.18267579111870447
2023-11-01,P0003,S001,58,217.0,58.472708734997674,58.472708734997674,-0.4727087349976742
2023-11-01,P0016,S001,409,153.0,412.3545466570221,412.3545466570221,-3.3545466570221265
2023-11-01,P0017,S005,164,62.0,163.38944737446877,163.38944737446877,0.610552625531227
2023-11-01,P0006,S002,37,35.0,37.56711319984212,37.56711319984212,-0.5671131998421188
2023-11-01,P0008,S005,266,9.0,264.48909215430774,264.48909215430774,1.5109078456922589
2023-11-01,P0013,S003,8,135.0,8.517497796408296,8.517497796408296,-0.5174977964082963
2023-11-01,P0013,S005,32,341.0,32.75232643178063,32.75232643178063,-0.7523264317806309
2023-11-01,P0015,S003,15,155.0,14.07603374837408,14.07603374837408,0.9239662516259202
2023-11-01,P0005,S005,35,405.0,35.73017681486951,35.73017681486951,-0.7301768148695089
2023-11-01,P0012,S003,181,201.0,181.25316281959738,181.25316281959738,-0.2531628195973781
2023-11-01,P0005,S004,83,86.0,82.22039864299846,82.22039864299846,0.779601357001539
2023-11-01,P0006,S005,124,119.0,124.52224973221693,124.52224973221693,-0.5222497322169346
2023-11-01,P0004,S005,402,55.0,399.5350787010734,399.5350787010734,2.4649212989265834
2023-11-01,P0010,S001,49,68.0,48.70543070665915,48.70543070665915,0.29456929334084947
2023-11-01,P0007,S003,39,117.0,38.36795328663334,38.36795328663334,0.6320467133666625
2023-11-01,P0007,S001,218,64.0,217.24569633950526,217.24569633950526,0.7543036604947417
2023-11-01,P0003,S005,162,244.0,162.48445520591383,162.48445520591383,-0.4844552059138323
2023-11-01,P0001,S002,130,80.0,129.95727361169554,129.95727361169554,0.04272638830445885
2023-11-01,P0014,S005,118,448.0,117.64938632388746,117.64938632388746,0.3506136761125447
2023-11-01,P0013,S002,48,39.0,48.25176104072398,48.25176104072398,-0.2517610407239772
2023-11-01,P0017,S001,77,171.0,77.72310532971655,77.72310532971655,-0.723105329716546
2023-11-01,P0014,S002,338,51.0,339.94767693975604,339.94767693975604,-1.947676939756036
2023-11-01,P0018,S002,454,27.0,454.35443177530095,454.35443177530095,-0.35443177530095227
2023-11-01,P0012,S001,121,22.0,120.94724755507592,120.94724755507592,0.05275244492408149
2023-11-01,P0020,S005,10,119.0,9.675168967862982,9.675168967862982,0.324831032137018
2023-11-01,P0008,S002,43,25.0,43.232384225814144,43.232384225814144,-0.23238422581414397
2023-11-01,P0011,S005,33,256.0,34.46503613587244,34.46503613587244,-1.4650361358724382
2023-11-01,P0019,S002,194,59.0,194.33583443255804,194.33583443255804,-0.3358344325580447
2023-11-01,P0009,S003,42,177.0,42.924489143966134,42.924489143966134,-0.9244891439661345
2023-11-01,P0004,S002,36,5.0,35.44700420475764,35.44700420475764,0.5529957952423601
2023-11-01,P0012,S004,305,45.0,305.8444231312446,305.8444231312446,-0.8444231312445822
2023-11-01,P0011,S003,153,172.0,152.54452730069707,152.54452730069707,0.45547269930293055
2023-11-01,P0014,S003,238,45.0,238.14868154170168,238.14868154170168,-0.14868154170167713
2023-11-01,P0014,S004,295,89.0,296.39316381188974,296.39316381188974,-1.3931638118897354
2023-11-01,P0002,S002,55,89.0,54.45728953362922,54.45728953362922,0.542710466370778
2023-11-01,P0020,S002,240,389.0,239.17601733116922,239.17601733116922,0.8239826688307801
2023-11-01,P0002,S001,58,68.0,57.852595444366294,57.852595444366294,0.14740455563370602
2023-11-01,P0011,S004,164,233.0,163.65469612959203,163.65469612959203,0.3453038704079745
2023-11-01,P0012,S002,96,99.0,96.02093571703112,96.02093571703112,-0.02093571703112218
2023-11-01,P0013,S001,148,149.0,147.78688770639306,147.78688770639306,0.21311229360694028
2023-11-01,P0001,S003,297,157.0,297.84919010468076,297.84919010468076,-0.8491901046807584
2023-11-01,P0004,S003,13,277.0,13.375570708685588,13.375570708685588,-0.3755707086855882
2023-11-01,P0016,S004,150,323.0,149.688520489037,149.688520489037,0.31147951096301085
2023-11-01,P0006,S003,267,40.0,266.1015592114268,266.1015592114268,0.8984407885732253
2023-11-01,P0008,S003,310,35.0,311.42851031585633,311.42851031585633,-1.4285103158563288
2023-11-01,P0002,S003,91,18.0,90.9560813381158,90.9560813381158,0.04391866188420579
2023-11-01,P0010,S004,198,34.0,198.38375545581803,198.38375545581803,-0.38375545581803294
2023-11-01,P0015,S001,74,9.0,73.44901592935489,73.44901592935489,0.5509840706451143
2023-11-01,P0004,S004,2,125.0,1.5481791360109538,1.5481791360109538,0.4518208639890462
2023-11-01,P0019,S004,292,169.0,289.74666432121273,289.74666432121273,2.2533356787872663
2023-11-01,P0002,S004,208,83.0,208.0574012235769,208.0574012235769,-0.05740122357690325
2023-11-01,P0006,S001,479,363.0,479.4794222824272,479.4794222824272,-0.4794222824272083
2023-11-01,P0018,S004,167,20.0,167.24520293525774,167.24520293525774,-0.24520293525773695
2023-11-01,P0004,S001,15,131.0,15.004609108917556,15.004609108917556,-0.004609108917556171
2023-11-01,P0010,S003,42,143.0,42.42437087628128,42.42437087628128,-0.4243708762812801
2023-11-01,P0019,S001,87,35.0,86.9422691280457,86.9422691280457,0.057730871954305485
2023-11-01,P0020,S001,257,1.0,256.15752483636845,256.15752483636845,0.8424751636315477
2023-11-01,P0019,S003,117,167.0,117.40211601388474,117.40211601388474,-0.4021160138847364
2023-11-02,P0001,S005,74,220.0,73.70626085038411,73.70626085038411,0.2937391496158881
2023-11-02,P0020,S003,167,31.0,167.7252006695185,167.7252006695185,-0.7252006695185003
2023-11-02,P0017,S003,193,54.0,192.73352473099214,192.73352473099214,0.2664752690078558
2023-11-02,P0015,S004,104,318.0,104.71698576006469,104.71698576006469,-0.7169857600646878
2023-11-02,P0002,S001,4,58.0,4.681335664411665,4.681335664411665,-0.681335664411665
2023-11-02,P0011,S001,34,49.0,34.30521451918369,34.30521451918369,-0.3052145191836928
2023-11-02,P0006,S001,26,479.0,27.221507471368948,27.221507471368948,-1.2215074713689482
2023-11-02,P0014,S004,67,295.0,66.53954803987739,66.53954803987739,0.4604519601226116
2023-11-02,P0010,S001,73,49.0,73.22235221687666,73.22235221687666,-0.22235221687665785
2023-11-02,P0014,S001,355,40.0,355.6469908381192,355.6469908381192,-0.6469908381192226
2023-11-02,P0020,S002,21,240.0,21.159339245951934,21.159339245951934,-0.1593392459519336
2023-11-02,P0011,S004,193,164.0,193.50271799527778,193.50271799527778,-0.5027179952777772
2023-11-02,P0008,S004,190,16.0,190.33780366007917,190.33780366007917,-0.3378036600791745
2023-11-02,P0013,S004,10,106.0,8.980264337887576,8.980264337887576,1.0197356621124243
2023-11-02,P0009,S001,112,132.0,112.36594717995322,112.36594717995322,-0.3659471799532241
2023-11-02,P0003,S005,116,162.0,115.12367720519384,115.12367720519384,0.8763227948061569
2023-11-02,P0004,S003,39,13.0,39.65984198237813,39.65984198237813,-0.6598419823781327
2023-11-02,P0004,S005,223,402.0,223.94455971782355,223.94455971782355,-0.9445597178235516
2023-11-02,P0016,S005,155,192.0,154.34463984119813,154.34463984119813,0.6553601588018694
2023-11-02,P0018,S005,164,220.0,164.5562899351167,164.5562899351167,-0.5562899351166948
2023-11-02,P0007,S001,48,218.0,48.46342258610587,48.46342258610587,-0.46342258610587095
2023-11-02,P0019,S004,93,292.0,92.71056900325293,92.71056900325293,0.28943099674707184
2023-11-02,P0015,S002,17,20.0,15.982463241310604,15.982463241310604,1.0175367586893955
2023-11-02,P0007,S005,233,103.0,232.79797074637744,232.79797074637744,0.20202925362255542
2023-11-02,P0012,S002,459,96.0,455.29110198800936,455.29110198800936,3.708898011990641
2023-11-02,P0003,S002,37,272.0,37.431331218396394,37.431331218396394,-0.43133121839639443
2023-11-02,P0005,S002,21,256.0,21.168913201183944,21.168913201183944,-0.16891320118394404
2023-11-02,P0007,S002,62,116.0,61.02405040197853,61.02405040197853,0.9759495980214723
2023-11-02,P0014,S003,257,238.0,256.17519873774484,256.17519873774484,0.8248012622551641
2023-11-02,P0008,S005,46,266.0,46.029715646855486,46.029715646855486,-0.029715646855486
2023-11-02,P0010,S005,39,10.0,39.09510097818871,39.09510097818871,-0.09510097818871088
2023-11-02,P0008,S001,191,317.0,190.49102072139982,190.49102072139982,0.5089792786001794
2023-11-02,P0006,S004,397,56.0,394.4691325347366,394.4691325347366,2.530867465263384
2023-11-02,P0008,S003,188,310.0,189.69341100102176,189.69341100102176,-1.693411001021758
2023-11-02,P0004,S004,306,2.0,305.6186796443309,305.6186796443309,0.3813203556691178
2023-11-02,P0004,S001,17,15.0,18.232823890025887,18.232823890025887,-1.2328238900258874
2023-11-02,P0014,S005,170,118.0,169.52982331014454,169.52982331014454,0.4701766898554638
2023-11-02,P0020,S004,60,145.0,60.174127922135895,60.174127922135895,-0.17412792213589512
2023-11-02,P0010,S003,65,42.0,65.79957184032858,65.79957184032858,-0.7995718403285821
2023-11-02,P0005,S001,41,52.0,40.985948270896316,40.985948270896316,0.014051729103684352
2023-11-02,P0018,S003,122,137.0,122.1668781652697,122.1668781652697,-0.16687816526969357
2023-11-02,P0001,S004,116,45.0,116.0027920975117,116.0027920975117,-0.002792097511701286
2023-11-02,P0017,S001,316,77.0,314.1918197959286,314.1918197959286,1.808180204071391
2023-11-02,P0003,S003,57,172.0,56.716515565950324,56.716515565950324,0.2834844340496758
2023-11-02,P0017,S002,338,73.0,338.97600806513043,338.97600806513043,-0.9760080651304293
2023-11-02,P0017,S005,86,164.0,85.7830345480213,85.7830345480213,0.21696545197869455
2023-11-02,P0014,S002,265,338.0,263.8792035267531,263.8792035267531,1.1207964732469122
2023-11-02,P0010,S004,52,198.0,51.281320392431084,51.281320392431084,0.7186796075689159
2023-11-02,P0001,S003,85,297.0,84.38572359113486,84.38572359113486,0.6142764088651376
2023-11-02,P0017,S004,36,58.0,36.085739496562134,36.085739496562134,-0.08573949656213387
2023-11-02,P0008,S002,83,43.0,83.32610925794029,83.32610925794029,-0.32610925794028844
2023-11-02,P0012,S005,29,80.0,29.691224197395314,29.691224197395314,-0.6912241973953144
2023-11-02,P0006,S005,0,124.0,0.0,0.0,0.0
2023-11-02,P0019,S002,94,194.0,94.03163383287992,94.03163383287992,-0.031633832879919055
2023-11-02,P0015,S003,32,15.0,32.29467411258812,32.29467411258812,-0.29467411258811893
2023-11-02,P0013,S005,377,32.0,377.6954196968092,377.6954196968092,-0.6954196968092106
2023-11-02,P0018,S004,72,167.0,72.11750631808697,72.11750631808697,-0.1175063180869671
2023-11-02,P0015,S001,39,74.0,38.84876427144932,38.84876427144932,0.1512357285506809
2023-11-02,P0004,S002,131,36.0,130.38605260011434,130.38605260011434,0.6139473998856602
2023-11-02,P0003,S004,70,166.0,70.24515082973697,70.24515082973697,-0.24515082973697133
2023-11-02,P0006,S002,358,37.0,357.22602962659937,357.22602962659937,0.7739703734006298
2023-11-02,P0011,S005,164,33.0,164.46656240822554,164.46656240822554,-0.46656240822554196
2023-11-02,P0010,S002,19,38.0,18.233508610907204,18.233508610907204,0.7664913890927956
2023-11-02,P0020,S005,68,10.0,67.73591044431477,67.73591044431477,0.2640895556852314
2023-11-02,P0001,S002,343,130.0,342.85032708130285,342.85032708130285,0.14967291869714927
2023-11-02,P0015,S005,235,16.0,234.76073025836155,234.76073025836155,0.23926974163845216
2023-11-02,P0018,S001,135,193.0,134.52767848815006,134.52767848815006,0.4723215118499411
2023-11-02,P0002,S002,203,55.0,204.19430025201413,204.19430025201413,-1.1943002520141306
2023-11-02,P0002,S004,150,208.0,149.9881412691309,149.9881412691309,0.011858730869107603
2023-11-02,P0006,S003,180,267.0,180.00910962701852,180.00910962701852,-0.009109627018517585
2023-11-02,P0009,S002,232,37.0,231.15595407918394,231.15595407918394,0.8440459208160576
2023-11-02,P0005,S004,3,83.0,2.511944170144227,2.511944170144227,0.4880558298557731
2023-11-02,P0002,S005,172,241.0,172.36532470542696,172.36532470542696,-0.36532470542695705
2023-11-02,P0003,S001,322,58.0,321.358245006697,321.358245006697,0.6417549933029818
2023-11-02,P0011,S003,113,153.0,112.58710498947347,112.58710498947347,0.4128950105265261
2023-11-02,P0013,S002,105,48.0,105.18966528383125,105.18966528383125,-0.18966528383124626
2023-11-02,P0012,S004,8,305.0,7.92356957691112,7.92356957691112,0.0764304230888797
2023-11-02,P0009,S003,29,42.0,28.56337948917624,28.56337948917624,0.4366205108237615
2023-11-02,P0016,S001,259,409.0,259.62781324436406,259.62781324436406,-0.6278132443640629
2023-11-02,P0018,S002,38,454.0,37.75084859228577,37.75084859228577,0.24915140771422983
2023-11-02,P0019,S005,217,233.0,216.63341424259198,216.63341424259198,0.3665857574080178
2023-11-02,P0012,S001,106,121.0,105.46422275419877,105.46422275419877,0.5357772458012278
2023-11-02,P0013,S003,74,8.0,73.97160245374019,73.97160245374019,0.028397546259810724
2023-11-02,P0011,S002,92,66.0,91.85445408474126,91.85445408474126,0.1455459152587366
2023-11-02,P0012,S003,27,181.0,27.943341865871314,27.943341865871314,-0.9433418658713144
2023-11-02,P0020,S001,383,257.0,384.11613379879054,384.11613379879054,-1.1161337987905426
2023-11-02,P0002,S003,99,91.0,99.41752431074526,99.41752431074526,-0.4175243107452644
2023-11-02,P0009,S004,107,50.0,106.58140788518573,106.58140788518573,0.41859211481427394
2023-11-02,P0005,S005,318,35.0,317.79643076098955,317.79643076098955,0.20356923901044865
2023-11-02,P0005,S003,243,249.0,242.74358101685746,242.74358101685746,0.2564189831425381
2023-11-02,P0013,S001,183,148.0,182.76708671989957,182.76708671989957,0.23291328010043344
2023-11-02,P0007,S003,27,39.0,26.859024247182365,26.859024247182365,0.14097575281763497
2023-11-02,P0009,S005,97,49.0,97.87327099644448,97.87327099644448,-0.8732709964444751
2023-11-02,P0001,S001,139,15.0,139.39120231639117,139.39120231639117,-0.39120231639117264
2023-11-02,P0016,S004,240,150.0,239.27345673853057,239.27345673853057,0.7265432614694305
2023-11-02,P0007,S004,155,219.0,155.47285147060302,155.47285147060302,-0.47285147060301824
2023-11-02,P0016,S003,269,72.0,269.1854856239942,269.1854856239942,-0.18548562399422508
2023-11-02,P0019,S001,5,87.0,5.455251738394528,5.455251738394528,-0.45525173839452826
2023-11-02,P0016,S002,196,1.0,196.34019159301448,196.34019159301448,-0.340191593014481
2023-11-02,P0019,S003,304,117.0,303.9752352991785,303.9752352991785,0.024764700821492625
2023-11-03,P0001,S004,2,116.0,1.5926250247438236,1.5926250247438236,0.4073749752561764
2023-11-03,P0015,S001,232,39.0,232.9486013841728,232.9486013841728,-0.9486013841728038
2023-11-03,P0018,S002,36,38.0,35.759416491507764,35.759416491507764,0.24058350849223586
2023-11-03,P0017,S004,33,36.0,32.94303470306123,32.94303470306123,0.05696529693877039
2023-11-03,P0011,S005,339,164.0,338.42304092882847,338.42304092882847,0.5769590711715296
2023-11-03,P0009,S004,401,107.0,400.64039565977816,400.64039565977816,0.3596043402218356
2023-11-03,P0017,S003,67,193.0,67.7995920638718,67.7995920638718,-0.799592063871799
2023-11-03,P0006,S001,56,26.0,56.10719963701642,56.10719963701642,-0.10719963701642143
2023-11-03,P0019,S005,306,217.0,307.3504484549204,307.3504484549204,-1.3504484549204108
2023-11-03,P0014,S002,188,265.0,189.00077815783348,189.00077815783348,-1.00077815783348
2023-11-03,P0017,S002,19,338.0,18.543541724665996,18.543541724665996,0.45645827533400407
2023-11-03,P0010,S003,22,65.0,22.261426299758796,22.261426299758796,-0.2614262997587957
2023-11-03,P0016,S003,60,269.0,60.05000186234403,60.05000186234403,-0.05000186234403259
2023-11-03,P0011,S002,341,92.0,339.5802901839345,339.5802901839345,1.419709816065506
2023-11-03,P0012,S003,55,27.0,54.71720442771614,54.71720442771614,0.28279557228385954
2023-11-03,P0006,S005,143,0.0,143.87053510436235,143.87053510436235,-0.8705351043623466
2023-11-03,P0003,S003,18,57.0,17.43587620369068,17.43587620369068,0.5641237963093211
2023-11-03,P0014,S001,102,355.0,102.6837143048796,102.6837143048796,-0.6837143048796008
2023-11-03,P0007,S003,79,27.0,78.5655721904345,78.5655721904345,0.43442780956550564
2023-11-03,P0002,S005,233,172.0,233.73466330522191,233.73466330522191,-0.7346633052219147
2023-11-03,P0002,S003,262,99.0,259.550949098282,259.550949098282,2.44905090171801
2023-11-03,P0006,S004,36,397.0,36.63937631953803,36.63937631953803,-0.6393763195380302
2023-11-03,P0004,S004,59,306.0,58.021691559132584,58.021691559132584,0.9783084408674156
2023-11-03,P0018,S004,184,72.0,184.68862871534756,184.68862871534756,-0.6886287153475621
2023-11-03,P0019,S003,37,304.0,37.57487045040533,37.57487045040533,-0.5748704504053279
2023-11-03,P0008,S003,445,188.0,444.39714043025475,444.39714043025475,0.6028595697452488
2023-11-03,P0008,S004,5,190.0,4.177163451823316,4.177163451823316,0.8228365481766842
2023-11-03,P0004,S001,115,17.0,115.3701905512122,115.3701905512122,-0.3701905512122039
2023-11-03,P0007,S004,256,155.0,257.24895159116295,257.24895159116295,-1.2489515911629496
2023-11-03,P0008,S001,101,191.0,100.59862434433987,100.59862434433987,0.4013756556601322
2023-11-03,P0001,S003,290,85.0,290.82963273590383,290.82963273590383,-0.8296327359038287
2023-11-03,P0001,S002,175,343.0,174.95912228774154,174.95912228774154,0.040877712258463816
2023-11-03,P0020,S005,125,68.0,125.58684594811258,125.58684594811258,-0.5868459481125825
2023-11-03,P0009,S002,379,232.0,375.6771148428672,375.6771148428672,3.3228851571328164
2023-11-03,P0007,S001,92,48.0,91.05644877549103,91.05644877549103,0.9435512245089654
2023-11-03,P0014,S005,75,170.0,74.84815789516279,74.84815789516279,0.15184210483721472
2023-11-03,P0020,S004,10,60.0,10.169361356144236,10.169361356144236,-0.1693613561442362
2023-11-03,P0005,S004,51,3.0,50.86418534047126,50.86418534047126,0.13581465952874083
2023-11-03,P0005,S001,193,41.0,193.53905196128915,193.53905196128915,-0.5390519612891467
2023-11-03,P0013,S002,20,105.0,21.03515731111077,21.03515731111077,-1.035157311110769
2023-11-03,P0018,S003,12,122.0,12.088252767729998,12.088252767729998,-0.08825276772999757
2023-11-03,P0010,S002,273,19.0,273.11518286932676,273.11518286932676,-0.11518286932675892
2023-11-03,P0017,S001,79,316.0,79.35720830622738,79.35720830622738,-0.35720830622737765
2023-11-03,P0010,S004,205,52.0,204.16249403115808,204.16249403115808,0.8375059688419242
2023-11-03,P0020,S001,17,383.0,17.26222107126945,17.26222107126945,-0.26222107126945104
2023-11-03,P0002,S001,115,4.0,114.26152517104538,114.26152517104538,0.7384748289546224
2023-11-03,P0015,S002,87,17.0,86.70021669227818,86.70021669227818,0.2997833077218246
2023-11-03,P0014,S004,98,67.0,98.35213650416529,98.35213650416529,-0.3521365041652871
2023-11-03,P0015,S004,90,104.0,90.4153742242703,90.4153742242703,-0.4153742242702947
2023-11-03,P0002,S004,28,150.0,27.61586251715493,27.61586251715493,0.38413748284506966
2023-11-03,P0015,S005,71,235.0,71.32310519209015,71.32310519209015,-0.32310519209015354
2023-11-03,P0019,S001,156,5.0,156.31501914596745,156.31501914596745,-0.3150191459674545
2023-11-03,P0001,S005,292,74.0,290.3044825533589,290.3044825533589,1.6955174466410767
2023-11-03,P0018,S001,92,135.0,92.26970144458541,92.26970144458541,-0.269701444585408
2023-11-03,P0020,S003,221,167.0,221.7720840792824,221.7720840792824,-0.7720840792823935
2023-11-03,P0002,S002,108,203.0,108.3469604945594,108.3469604945594,-0.34696049455939715
2023-11-03,P0020,S002,39,21.0,38.676636584301896,38.676636584301896,0.323363415698104
2023-11-03,P0007,S002,166,62.0,165.6513800965115,165.6513800965115,0.3486199034884976
2023-11-03,P0011,S004,45,193.0,44.57564741464898,44.57564741464898,0.4243525853510235
2023-11-03,P0003,S002,168,37.0,167.43123320848764,167.43123320848764,0.5687667915123598
2023-11-03,P0004,S005,25,223.0,24.470665187789248,24.470665187789248,0.5293348122107524
2023-11-03,P0013,S001,134,183.0,134.24103708957057,134.24103708957057,-0.24103708957056824
2023-11-03,P0007,S005,93,233.0,92.62104101172733,92.62104101172733,0.3789589882726716
2023-11-03,P0005,S003,173,243.0,173.37766916949028,173.37766916949028,-0.3776691694902752
2023-11-03,P0012,S002,16,459.0,16.708530006829825,16.708530006829825,-0.7085300068298253
2023-11-03,P0016,S005,4,155.0,3.9747667213708873,3.9747667213708873,0.025233278629112732
2023-11-03,P0009,S005,304,97.0,304.44435545695046,304.44435545695046,-0.4443554569504613
2023-11-03,P0016,S004,32,240.0,32.14579533029131,32.14579533029131,-0.14579533029130687
2023-11-03,P0001,S001,136,139.0,135.80111372429704,135.80111372429704,0.1988862757029608
2023-11-03,P0009,S001,339,112.0,339.58243807679406,339.58243807679406,-0.5824380767940625
2023-11-03,P0004,S003,87,39.0,86.56443408770706,86.56443408770706,0.43556591229294384
2023-11-03,P0013,S004,106,10.0,105.45498765526611,105.45498765526611,0.545012344733891
2023-11-03,P0005,S005,22,318.0,21.910554542784524,21.910554542784524,0.0894454572154757
2023-11-03,P0003,S005,19,116.0,19.436275866322053,19.436275866322053,-0.4362758663220525
2023-11-03,P0016,S002,157,196.0,157.58284520473342,157.58284520473342,-0.5828452047334167
2023-11-03,P0016,S001,209,259.0,209.47968455038475,209.47968455038475,-0.47968455038474644
2023-11-03,P0015,S003,258,32.0,258.6182356202704,258.6182356202704,-0.6182356202704113
2023-11-03,P0012,S001,37,106.0,37.22568075552461,37.22568075552461,-0.22568075552460698
2023-11-03,P0013,S003,120,74.0,119.98174839790148,119.98174839790148,0.018251602098516173
2023-11-03,P0008,S005,26,46.0,26.657661087945907,26.657661087945907,-0.6576610879459075
2023-11-03,P0012,S004,208,8.0,208.24035369503034,208.24035369503034,-0.2403536950303362
2023-11-03,P0019,S004,280,93.0,280.8263474471551,280.8263474471551,-0.8263474471551149
2023-11-03,P0003,S004,157,70.0,157.67672969257433,157.67672969257433,-0.6767296925743267
2023-11-03,P0008,S002,106,83.0,105.46787413433121,105.46787413433121,0.5321258656687888
2023-11-03,P0017,S005,219,86.0,218.23149117033438,218.23149117033438,0.7685088296656204
2023-11-03,P0010,S005,79,39.0,79.48758975124771,79.48758975124771,-0.487589751247711
2023-11-03,P0009,S003,66,29.0,65.59411627747565,65.59411627747565,0.4058837225243508
2023-11-03,P0019,S002,171,94.0,170.88045908928316,170.88045908928316,0.11954091071683592
2023-11-03,P0006,S003,15,180.0,14.980435399539353,14.980435399539353,0.01956460046064734
2023-11-03,P0004,S002,68,131.0,68.42038663267198,68.42038663267198,-0.4203866326719776
2023-11-03,P0013,S005,119,377.0,119.21966817097423,119.21966817097423,-0.21966817097423075
2023-11-03,P0010,S001,108,73.0,107.5635103245209,107.5635103245209,0.4364896754790948
2023-11-03,P0011,S003,215,113.0,215.56705767293107,215.56705767293107,-0.567057672931071
2023-11-03,P0006,S002,63,358.0,63.00743170735486,63.00743170735486,-0.007431707354861317
2023-11-03,P0018,S005,94,164.0,93.95485467700081,93.95485467700081,0.04514532299918983
2023-11-03,P0003,S001,291,322.0,291.0392449881909,291.0392449881909,-0.0392449881908874
2023-11-03,P0014,S003,302,257.0,301.73643862704625,301.73643862704625,0.2635613729537454
2023-11-03,P0011,S001,30,34.0,29.61664688283297,29.61664688283297,0.38335311716702947
2023-11-03,P0005,S002,48,21.0,48.80414024697252,48.80414024697252,-0.8041402469725227
2023-11-03,P0012,S005,37,29.0,36.76546394320215,36.76546394320215,0.23453605679785028
2023-11-04,P0015,S001,25,232.0,24.715529951918484,24.715529951918484,0.2844700480815163
2023-11-04,P0006,S001,48,56.0,47.53135649252456,47.53135649252456,0.46864350747544137
2023-11-04,P0019,S003,37,37.0,36.31186500813563,36.31186500813563,0.6881349918643735
2023-11-04,P0019,S004,125,280.0,125.52697962982307,125.52697962982307,-0.5269796298230744
2023-11-04,P0018,S004,123,184.0,122.83906276622805,122.83906276622805,0.16093723377194635
2023-11-04,P0020,S001,228,17.0,228.59492125451115,228.59492125451115,-0.5949212545111493
2023-11-04,P0003,S005,371,19.0,371.88061515418957,371.88061515418957,-0.8806151541895701
2023-11-04,P0001,S002,137,175.0,136.63169167521195,136.63169167521195,0.3683083247880461
2023-11-04,P0007,S003,105,79.0,104.86054941042205,104.86054941042205,0.13945058957794743
2023-11-04,P0001,S001,180,136.0,180.56885694244386,180.56885694244386,-0.5688569424438583
2023-11-04,P0010,S003,260,22.0,260.9179546875345,260.9179546875345,-0.9179546875345181
2023-11-04,P0020,S005,72,125.0,71.71402517211645,71.71402517211645,0.28597482788354966
2023-11-04,P0016,S004,38,32.0,38.668221724542846,38.668221724542846,-0.6682217245428461
2023-11-04,P0013,S001,164,134.0,163.33486748916593,163.33486748916593,0.66513251083407
2023-11-04,P0002,S002,1,108.0,1.3741426447792808,1.3741426447792808,-0.37414264477928083
2023-11-04,P0020,S002,101,39.0,101.45063230281386,101.45063230281386,-0.45063230281385813
2023-11-04,P0011,S004,52,45.0,52.24235848806859,52.24235848806859,-0.2423584880685894
2023-11-04,P0012,S002,93,16.0,93.08558510990105,93.08558510990105,-0.08558510990104651
2023-11-04,P0011,S003,31,215.0,30.556267762920857,30.556267762920857,0.4437322370791428
2023-11-04,P0014,S004,308,98.0,307.9698275990284,307.9698275990284,0.030172400971594016
2023-11-04,P0002,S001,74,115.0,73.9331823336921,73.9331823336921,0.0668176663078981
2023-11-04,P0014,S003,265,302.0,266.0706968378735,266.0706968378735,-1.0706968378735269
2023-11-04,P0004,S002,12,68.0,11.542678745529837,11.542678745529837,0.4573212544701626
2023-11-04,P0019,S002,129,171.0,129.8542422563499,129.8542422563499,-0.8542422563498917
2023-11-04,P0014,S002,25,188.0,25.50086281323206,25.50086281323206,-0.5008628132320609
2023-11-04,P0009,S003,81,66.0,81.1746472748768,81.1746472748768,-0.1746472748768042
2023-11-04,P0010,S004,63,205.0,62.48353267828401,62.48353267828401,0.516467321715993
2023-11-04,P0008,S002,233,106.0,232.9287311768794,232.9287311768794,0.07126882312059024
2023-11-04,P0012,S004,164,208.0,164.45964494221155,164.45964494221155,-0.45964494221155405
2023-11-04,P0017,S001,274,79.0,274.208320703077,274.208320703077,-0.20832070307699269
2023-11-04,P0018,S002,20,36.0,19.048454914118548,19.048454914118548,0.9515450858814525
2023-11-04,P0011,S005,281,339.0,280.1911150550032,280.1911150550032,0.8088849449968052
2023-11-04,P0013,S002,162,20.0,162.28112943871147,162.28112943871147,-0.2811294387114742
2023-11-04,P0014,S005,101,75.0,101.2199837544279,101.2199837544279,-0.21998375442790064
2023-11-04,P0004,S001,153,115.0,152.2531489206674,152.2531489206674,0.7468510793326004
2023-11-04,P0012,S001,335,37.0,334.8546056628415,334.8546056628415,0.14539433715850691
2023-11-04,P0008,S003,96,445.0,96.06134068453736,96.06134068453736,-0.06134068453735608
2023-11-04,P0004,S004,1,59.0,1.3351332225100156,1.3351332225100156,-0.33513322251001565
2023-11-04,P0002,S003,55,262.0,54.28505211865675,54.28505211865675,0.7149478813432495
2023-11-04,P0012,S005,157,37.0,156.39482080839616,156.39482080839616,0.6051791916038383
2023-11-04,P0006,S003,167,15.0,167.19009780013715,167.19009780013715,-0.19009780013715272
2023-11-04,P0007,S002,249,166.0,248.79812207093173,248.79812207093173,0.2018779290682744
2023-11-04,P0017,S003,344,67.0,344.94998537358526,344.94998537358526,-0.9499853735852639
2023-11-04,P0017,S002,104,19.0,103.73088350384641,103.73088350384641,0.2691164961535861
2023-11-04,P0009,S004,344,401.0,344.0229438412262,344.0229438412262,-0.022943841226208406
2023-11-04,P0015,S005,311,71.0,309.8507720812027,309.8507720812027,1.149227918797294
2023-11-04,P0018,S005,141,94.0,142.0530997317533,142.0530997317533,-1.0530997317532922
2023-11-04,P0015,S004,322,90.0,320.5286361044604,320.5286361044604,1.4713638955395822
2023-11-04,P0008,S001,249,101.0,249.30992195058818,249.30992195058818,-0.3099219505881763
2023-11-04,P0009,S002,111,379.0,111.16768358743983,111.16768358743983,-0.16768358743982503
2023-11-04,P0007,S001,90,92.0,91.05905699292505,91.05905699292505,-1.0590569929250506
2023-11-04,P0001,S003,320,290.0,320.4934757341754,320.4934757341754,-0.4934757341753766
2023-11-04,P0020,S004,131,10.0,131.8400745006118,131.8400745006118,-0.8400745006117916
2023-11-04,P0005,S001,99,193.0,98.60240745812304,98.60240745812304,0.3975925418769606
2023-11-04,P0001,S004,22,2.0,21.71716656612545,21.71716656612545,0.2828334338745506
2023-11-04,P0002,S005,153,233.0,153.71430268497335,153.71430268497335,-0.7143026849733474
2023-11-04,P0006,S002,94,63.0,93.8584017386029,93.8584017386029,0.14159826139710674
2023-11-04,P0011,S001,248,30.0,248.07791157245273,248.07791157245273,-0.07791157245273439
2023-11-04,P0003,S003,12,18.0,11.688846265465585,11.688846265465585,0.31115373453441464
2023-11-04,P0003,S001,196,291.0,194.48582026038426,194.48582026038426,1.5141797396157415
2023-11-04,P0011,S002,27,341.0,26.120796475745717,26.120796475745717,0.879203524254283
2023-11-04,P0016,S003,69,60.0,69.21773024486427,69.21773024486427,-0.21773024486427062
2023-11-04,P0006,S005,243,143.0,243.16253186343405,243.16253186343405,-0.16253186343405446
2023-11-04,P0013,S005,150,119.0,149.48346527949133,149.48346527949133,0.5165347205086732
2023-11-04,P0010,S001,35,108.0,35.24668912446661,35.24668912446661,-0.24668912446661295
2023-11-04,P0005,S005,95,22.0,94.43627337684885,94.43627337684885,0.5637266231511546
2023-11-04,P0015,S003,102,258.0,102.12266692445829,102.12266692445829,-0.12266692445828653
2023-11-04,P0013,S003,384,120.0,386.3889097663977,386.3889097663977,-2.388909766397717
2023-11-04,P0008,S005,19,26.0,18.632485748083546,18.632485748083546,0.3675142519164538
2023-11-04,P0017,S005,87,219.0,87.14512070420807,87.14512070420807,-0.14512070420806822
2023-11-04,P0005,S002,110,48.0,109.22719521438623,109.22719521438623,0.7728047856137721
2023-11-04,P0019,S005,28,306.0,28.019317963599025,28.019317963599025,-0.01931796359902549
2023-11-04,P0016,S001,96,209.0,95.36200216577866,95.36200216577866,0.6379978342213377
2023-11-04,P0018,S003,120,12.0,120.4073806757705,120.4073806757705,-0.4073806757704972
2023-11-04,P0001,S005,159,292.0,158.91741609717386,158.91741609717386,0.08258390282614414
2023-11-04,P0004,S003,15,87.0,15.165942186034023,15.165942186034023,-0.1659421860340231
2023-11-04,P0010,S002,427,273.0,430.9838396983521,430.9838396983521,-3.983839698352085
2023-11-04,P0016,S005,155,4.0,155.66793678565043,155.66793678565043,-0.6679367856504257
2023-11-04,P0005,S003,59,173.0,58.47779563262383,58.47779563262383,0.5222043673761689
2023-11-04,P0007,S005,66,93.0,65.69944677591624,65.69944677591624,0.30055322408375673
2023-11-04,P0019,S001,187,156.0,185.9999086921304,185.9999086921304,1.00009130786961
2023-11-04,P0014,S001,371,102.0,374.44903696819364,374.44903696819364,-3.4490369681936386
2023-11-04,P0007,S004,117,256.0,117.14750544047713,117.14750544047713,-0.14750544047713277
2023-11-04,P0003,S004,223,157.0,222.15820522487434,222.15820522487434,0.8417947751256634
2023-11-04,P0008,S004,163,5.0,162.886276926264,162.886276926264,0.1137230737359971
2023-11-04,P0003,S002,79,168.0,79.07780634713077,79.07780634713077,-0.07780634713077461
2023-11-04,P0006,S004,198,36.0,197.68058203238786,197.68058203238786,0.31941796761213936
2023-11-04,P0002,S004,139,28.0,138.26123997315682,138.26123997315682,0.7387600268431811
2023-11-04,P0010,S005,77,79.0,76.98582190372532,76.98582190372532,0.014178096274676477
2023-11-04,P0016,S002,128,157.0,128.47660072474048,128.47660072474048,-0.47660072474047865
2023-11-04,P0009,S001,407,339.0,409.75939114596616,409.75939114596616,-2.7593911459661626
2023-11-04,P0012,S003,7,55.0,7.006886907417312,7.006886907417312,-0.006886907417311683
2023-11-04,P0017,S004,43,33.0,42.6445511955482,42.6445511955482,0.3554488044517967
2023-11-04,P0013,S004,258,106.0,258.62813003511553,258.62813003511553,-0.6281300351155323
2023-11-04,P0015,S002,82,87.0,81.93092130436148,81.93092130436148,0.06907869563852387
2023-11-04,P0004,S005,8,25.0,6.944504632426118,6.944504632426118,1.055495367573882
2023-11-04,P0020,S003,216,221.0,214.94827718581618,214.94827718581618,1.0517228141838189
2023-11-04,P0018,S001,165,92.0,164.76987610258504,164.76987610258504,0.23012389741495554
2023-11-04,P0005,S004,301,51.0,301.8735357935137,301.8735357935137,-0.8735357935137245
2023-11-04,P0009,S005,47,304.0,47.00741094012938,47.00741094012938,-0.007410940129382482
2023-11-05,P0009,S005,208,47.0,208.67969150412262,208.67969150412262,-0.6796915041226157
2023-11-05,P0010,S001,87,35.0,87.64638823499652,87.64638823499652,-0.6463882349965218
2023-11-05,P0004,S002,109,12.0,110.16536958958503,110.16536958958503,-1.1653695895850262
2023-11-05,P0017,S005,67,87.0,67.15924277254267,67.15924277254267,-0.15924277254266883
2023-11-05,P0009,S001,161,407.0,161.15145342313582,161.15145342313582,-0.15145342313581978
2023-11-05,P0002,S001,37,74.0,37.28225486472161,37.28225486472161,-0.2822548647216081
2023-11-05,P0006,S003,38,167.0,38.77572031086661,38.77572031086661,-0.7757203108666104
2023-11-05,P0016,S004,6,38.0,6.39979130681193,6.39979130681193,-0.3997913068119301
2023-11-05,P0006,S002,362,94.0,361.66499700991005,361.66499700991005,0.33500299008994716
2023-11-05,P0003,S002,0,79.0,0.0,0.0,0.0
2023-11-05,P0014,S004,199,308.0,198.5164465896522,198.5164465896522,0.48355341034780963
2023-11-05,P0003,S001,53,196.0,52.464330063474186,52.464330063474186,0.5356699365258137
2023-11-05,P0016,S005,88,155.0,87.81483226299302,87.81483226299302,0.18516773700697797
2023-11-05,P0015,S005,14,311.0,14.930006757393537,14.930006757393537,-0.9300067573935369
2023-11-05,P0015,S004,55,322.0,54.662581397053465,54.662581397053465,0.3374186029465349
2023-11-05,P0020,S003,196,216.0,195.10886827621172,195.10886827621172,0.891131723788277
2023-11-05,P0002,S002,12,1.0,11.829878012517215,11.829878012517215,0.1701219874827853
2023-11-05,P0019,S005,191,28.0,191.77973882340925,191.77973882340925,-0.7797388234092466
2023-11-05,P0011,S004,223,52.0,223.59333510099398,223.59333510099398,-0.5933351009939827
2023-11-05,P0007,S002,263,249.0,263.3425597155156,263.3425597155156,-0.3425597155156197
2023-11-05,P0016,S001,207,96.0,207.23296670908869,207.23296670908869,-0.23296670908868577
2023-11-05,P0012,S005,40,157.0,40.71227601629336,40.71227601629336,-0.7122760162933588
2023-11-05,P0010,S002,32,427.0,32.13878701147555,32.13878701147555,-0.13878701147555006
2023-11-05,P0010,S003,354,260.0,356.5177685041495,356.5177685041495,-2.517768504149501
2023-11-05,P0012,S001,255,335.0,254.70856401682207,254.70856401682207,0.2914359831779336
2023-11-05,P0001,S001,21,180.0,20.76276929489018,20.76276929489018,0.2372307051098197
2023-11-05,P0008,S004,25,163.0,24.63308949015442,24.63308949015442,0.3669105098455816
2023-11-05,P0016,S002,413,128.0,408.5546966087305,408.5546966087305,4.445303391269476
2023-11-05,P0002,S003,74,55.0,74.2405770951899,74.2405770951899,-0.24057709518990578
2023-11-05,P0019,S001,311,187.0,311.6638411291273,311.6638411291273,-0.6638411291273201
2023-11-05,P0016,S003,401,69.0,401.8364025876943,401.8364025876943,-0.8364025876942947
2023-11-05,P0002,S004,102,139.0,102.25317195237423,102.25317195237423,-0.25317195237423107
2023-11-05,P0017,S004,273,43.0,273.692794438263,273.692794438263,-0.6927944382629789
2023-11-05,P0015,S001,312,25.0,314.00747842273535,314.00747842273535,-2.007478422735346
2023-11-05,P0003,S005,5,371.0,4.896776905347464,4.896776905347464,0.10322309465253632
2023-11-05,P0003,S004,43,223.0,43.15782895509052,43.15782895509052,-0.15782895509052253
2023-11-05,P0015,S002,192,82.0,191.59882231851293,191.59882231851293,0.40117768148707
2023-11-05,P0019,S003,473,37.0,471.1837448138956,471.1837448138956,1.8162551861043994
2023-11-05,P0019,S002,56,129.0,56.52703052789135,56.52703052789135,-0.5270305278913483
2023-11-05,P0018,S003,420,120.0,418.9325075900834,418.9325075900834,1.0674924099166105
2023-11-05,P0009,S004,218,344.0,218.33223207599164,218.33223207599164,-0.33223207599164084
2023-11-05,P0008,S005,154,19.0,153.634382161936,153.634382161936,0.36561783806399717
2023-11-05,P0009,S003,160,81.0,159.25511942798786,159.25511942798786,0.7448805720121356
2023-11-05,P0006,S005,31,243.0,31.192204551556753,31.192204551556753,-0.19220455155675253
2023-11-05,P0015,S003,68,102.0,68.08922965577405,68.08922965577405,-0.08922965577404796
2023-11-05,P0007,S001,57,90.0,56.906022346954664,56.906022346954664,0.09397765304533579
2023-11-05,P0008,S002,108,233.0,108.29898224049477,108.29898224049477,-0.29898224049476596
2023-11-05,P0017,S001,256,274.0,254.08242284483265,254.08242284483265,1.9175771551673506
2023-11-05,P0008,S003,4,96.0,4.634293788293936,4.634293788293936,-0.6342937882939363
2023-11-05,P0012,S004,66,164.0,66.89661401239209,66.89661401239209,-0.8966140123920923
2023-11-05,P0003,S003,32,12.0,31.295802533686665,31.295802533686665,0.7041974663133352
2023-11-05,P0001,S004,155,22.0,155.12126695248227,155.12126695248227,-0.12126695248227293
2023-11-05,P0014,S005,137,101.0,136.27163099751095,136.27163099751095,0.7283690024890461
2023-11-05,P0004,S001,293,153.0,294.04490419998535,294.04490419998535,-1.0449041999853534
2023-11-05,P0018,S002,73,20.0,73.49383930673959,73.49383930673959,-0.49383930673958787
2023-11-05,P0020,S004,277,131.0,276.7128129472553,276.7128129472553,0.2871870527446845
2023-11-05,P0009,S002,120,111.0,120.15636319231437,120.15636319231437,-0.15636319231437312
2023-11-05,P0002,S005,39,153.0,38.63746766756107,38.63746766756107,0.36253233243893135
2023-11-05,P0004,S003,61,15.0,61.00527291944984,61.00527291944984,-0.005272919449836877
2023-11-05,P0011,S005,199,281.0,197.74980508500022,197.74980508500022,1.2501949149997813
2023-11-05,P0010,S005,82,77.0,82.46909492584918,82.46909492584918,-0.469094925849177
2023-11-05,P0006,S004,23,198.0,22.625934144725594,22.625934144725594,0.37406585527440583
2023-11-05,P0004,S004,38,1.0,38.46641548296254,38.46641548296254,-0.4664154829625389
2023-11-05,P0014,S003,29,265.0,29.215818957338133,29.215818957338133,-0.21581895733813283
2023-11-05,P0010,S004,291,63.0,290.2582370534869,290.2582370534869,0.7417629465131199
2023-11-05,P0019,S004,30,125.0,30.18408396222561,30.18408396222561,-0.18408396222561052
2023-11-05,P0017,S002,5,104.0,5.043116033733121,5.043116033733121,-0.04311603373312067
2023-11-05,P0018,S004,231,123.0,230.95414940647237,230.95414940647237,0.0458505935276321
2023-11-05,P0013,S003,212,384.0,211.92677823593735,211.92677823593735,0.07322176406265157
2023-11-05,P0001,S003,40,320.0,40.30011673723412,40.30011673723412,-0.30011673723412
2023-11-05,P0017,S003,147,344.0,146.08544420951827,146.08544420951827,0.9145557904817281
2023-11-05,P0007,S005,206,66.0,205.69369049431225,205.69369049431225,0.30630950568775006
2023-11-05,P0013,S001,315,164.0,314.8823361599227,314.8823361599227,0.11766384007728448
2023-11-05,P0005,S002,156,110.0,155.2067741291981,155.2067741291981,0.7932258708019049
2023-11-05,P0005,S004,175,301.0,176.28200306857693,176.28200306857693,-1.2820030685769268
2023-11-05,P0005,S005,71,95.0,71.95669411707088,71.95669411707088,-0.9566941170708816
2023-11-05,P0011,S002,0,27.0,0.361152814569234,0.361152814569234,-0.361152814569234
2023-11-05,P0011,S003,182,31.0,182.1103053345229,182.1103053345229,-0.1103053345229057
2023-11-05,P0008,S001,359,249.0,361.8218196503931,361.8218196503931,-2.8218196503930812
2023-11-05,P0007,S004,260,117.0,261.1620058493819,261.1620058493819,-1.1620058493818988
2023-11-05,P0005,S001,287,99.0,287.82495511209487,287.82495511209487,-0.8249551120948695
2023-11-05,P0006,S001,60,48.0,60.17397472229131,60.17397472229131,-0.1739747222913124
2023-11-05,P0014,S001,44,371.0,44.5665745920673,44.5665745920673,-0.5665745920672975
2023-11-05,P0013,S004,114,258.0,113.52035823553648,113.52035823553648,0.4796417644635227
2023-11-05,P0013,S002,347,162.0,347.12018379934676,347.12018379934676,-0.12018379934676204
2023-11-05,P0001,S002,132,137.0,131.74871377261917,131.74871377261917,0.25128622738083095
2023-11-05,P0018,S005,24,141.0,23.298942212791033,23.298942212791033,0.7010577872089669
2023-11-05,P0012,S003,31,7.0,30.68509250985389,30.68509250985389,0.3149074901461084
2023-11-05,P0001,S005,112,159.0,111.07449846406111,111.07449846406111,0.9255015359388921
2023-11-05,P0004,S005,115,8.0,115.14846350373386,115.14846350373386,-0.14846350373386485
2023-11-05,P0018,S001,65,165.0,65.10691440172285,65.10691440172285,-0.10691440172284672
2023-11-05,P0011,S001,453,248.0,454.0390836330579,454.0390836330579,-1.039083633057885
2023-11-05,P0020,S002,28,101.0,28.18060172900145,28.18060172900145,-0.18060172900144877
2023-11-05,P0005,S003,128,59.0,128.2273492537911,128.2273492537911,-0.22734925379108972
2023-11-05,P0007,S003,272,105.0,273.1282643149701,273.1282643149701,-1.1282643149701244
2023-11-05,P0014,S002,213,25.0,213.34437724672227,213.34437724672227,-0.3443772467222743
2023-11-05,P0012,S002,55,93.0,55.09154123152441,55.09154123152441,-0.09154123152440974
2023-11-05,P0013,S005,94,150.0,93.95091011919027,93.95091011919027,0.04908988080973131
2023-11-05,P0020,S005,49,72.0,49.000315350593986,49.000315350593986,-0.0003153505939863521
2023-11-05,P0020,S001,39,228.0,38.90349388494848,38.90349388494848,0.09650611505151829
2023-11-06,P0013,S002,82,347.0,82.37959859752803,82.37959859752803,-0.37959859752803027
2023-11-06,P0005,S001,115,287.0,114.86308398021514,114.86308398021514,0.1369160197848629
2023-11-06,P0018,S005,143,24.0,142.71313213388518,142.71313213388518,0.28686786611481807
2023-11-06,P0015,S003,264,68.0,261.9342818863717,261.9342818863717,2.065718113628293
2023-11-06,P0009,S004,81,218.0,81.0866096842217,81.0866096842217,-0.08660968422169901
2023-11-06,P0008,S005,401,154.0,403.9404947140374,403.9404947140374,-2.9404947140374134
2023-11-06,P0012,S004,202,66.0,202.00557852867612,202.00557852867612,-0.005578528676124961
2023-11-06,P0007,S004,32,260.0,31.178273287024673,31.178273287024673,0.8217267129753267
2023-11-06,P0008,S003,19,4.0,17.899688208726587,17.899688208726587,1.1003117912734126
2023-11-06,P0007,S003,112,272.0,111.80979439426717,111.80979439426717,0.19020560573282808
2023-11-06,P0014,S005,33,137.0,32.79067965374564,32.79067965374564,0.20932034625435847
2023-11-06,P0006,S001,13,60.0,13.547679420676996,13.547679420676996,-0.5476794206769959
2023-11-06,P0013,S005,28,94.0,27.835317192225684,27.835317192225684,0.16468280777431588
2023-11-06,P0018,S002,400,73.0,397.2618676912885,397.2618676912885,2.7381323087114993
2023-11-06,P0003,S003,334,32.0,332.0873403363121,332.0873403363121,1.9126596636879185
2023-11-06,P0012,S005,114,40.0,115.16178373599926,115.16178373599926,-1.1617837359992649
2023-11-06,P0011,S005,7,199.0,6.823740540665137,6.823740540665137,0.17625945933486342
2023-11-06,P0017,S002,103,5.0,102.5019939493732,102.5019939493732,0.4980060506267989
2023-11-06,P0004,S001,97,293.0,96.87632189643453,96.87632189643453,0.12367810356546727
2023-11-06,P0002,S003,150,74.0,150.47393593865462,150.47393593865462,-0.4739359386546198
2023-11-06,P0004,S004,94,38.0,93.94007765899988,93.94007765899988,0.059922341000117285
2023-11-06,P0012,S003,21,31.0,20.753981142618358,20.753981142618358,0.24601885738164242
2023-11-06,P0004,S005,77,115.0,76.78183861273443,76.78183861273443,0.21816138726556744
2023-11-06,P0017,S004,36,273.0,36.5496480495578,36.5496480495578,-0.5496480495578027
2023-11-06,P0019,S003,32,473.0,32.82809626005263,32.82809626005263,-0.8280962600526323
2023-11-06,P0002,S001,144,37.0,144.41616586714457,144.41616586714457,-0.4161658671445707
2023-11-06,P0016,S003,328,401.0,326.7914547219086,326.7914547219086,1.2085452780913783
2023-11-06,P0020,S005,47,49.0,46.77578411076903,46.77578411076903,0.2242158892309689
2023-11-06,P0007,S002,92,263.0,91.4683141995292,91.4683141995292,0.5316858004707967
2023-11-06,P0001,S002,140,132.0,140.5331322363509,140.5331322363509,-0.5331322363508946
2023-11-06,P0020,S001,322,39.0,322.9526948146429,322.9526948146429,-0.9526948146428822
2023-11-06,P0003,S005,281,5.0,281.01911405550356,281.01911405550356,-0.019114055503564487
2023-11-06,P0003,S004,30,43.0,30.352018255674533,30.352018255674533,-0.35201825567453326
2023-11-06,P0014,S001,123,44.0,123.62387000845442,123.62387000845442,-0.6238700084544178
2023-11-06,P0019,S001,136,311.0,135.07830010846317,135.07830010846317,0.9216998915368322
2023-11-06,P0012,S001,42,255.0,41.48289880835176,41.48289880835176,0.5171011916482371
2023-11-06,P0008,S004,240,25.0,241.16751143205647,241.16751143205647,-1.1675114320564717
2023-11-06,P0015,S001,85,312.0,84.15340567671672,84.15340567671672,0.8465943232832842
2023-11-06,P0002,S004,245,102.0,244.33332578806855,244.33332578806855,0.6666742119314506
2023-11-06,P0018,S004,380,231.0,377.7441724933637,377.7441724933637,2.255827506636308
2023-11-06,P0010,S005,48,82.0,48.10868165598069,48.10868165598069,-0.10868165598068913
2023-11-06,P0010,S002,82,32.0,82.21014340270946,82.21014340270946,-0.21014340270946263
2023-11-06,P0019,S004,158,30.0,158.6086468055624,158.6086468055624,-0.6086468055623868
2023-11-06,P0018,S003,162,420.0,161.36482206662083,161.36482206662083,0.6351779333791683
2023-11-06,P0016,S002,48,413.0,47.789685612615806,47.789685612615806,0.2103143873841944
2023-11-06,P0010,S003,68,354.0,68.17427797360473,68.17427797360473,-0.17427797360473107
2023-11-06,P0008,S001,189,359.0,188.65293217883269,188.65293217883269,0.3470678211673146
2023-11-06,P0005,S004,39,175.0,38.85328909169892,38.85328909169892,0.14671090830108113
2023-11-06,P0020,S004,322,277.0,320.7308488453832,320.7308488453832,1.269151154616793
2023-11-06,P0006,S004,40,23.0,40.80938706567187,40.80938706567187,-0.8093870656718707
2023-11-06,P0005,S002,22,156.0,22.148076986358095,22.148076986358095,-0.1480769863580953
2023-11-06,P0001,S005,89,112.0,88.79224533237328,88.79224533237328,0.20775466762671613
2023-11-06,P0004,S003,91,61.0,90.46180166062996,90.46180166062996,0.5381983393700409
2023-11-06,P0020,S003,77,196.0,77.02875467400752,77.02875467400752,-0.028754674007515746
2023-11-06,P0017,S005,149,67.0,148.8710394241914,148.8710394241914,0.12896057580860543
2023-11-06,P0019,S002,9,56.0,8.616325692146928,8.616325692146928,0.383674307853072
2023-11-06,P0014,S002,66,213.0,66.35683923172822,66.35683923172822,-0.3568392317282161
2023-11-06,P0002,S005,269,39.0,268.19720519805526,268.19720519805526,0.8027948019447422
2023-11-06,P0011,S002,84,0.0,84.376800448079,84.376800448079,-0.3768004480789955
2023-11-06,P0011,S003,72,182.0,72.28898185305894,72.28898185305894,-0.2889818530589423
2023-11-06,P0012,S002,93,55.0,92.63857203224373,92.63857203224373,0.3614279677562706
2023-11-06,P0017,S003,295,147.0,292.90459317137334,292.90459317137334,2.0954068286266647
2023-11-06,P0004,S002,67,109.0,67.05993247228068,67.05993247228068,-0.05993247228067844
2023-11-06,P0007,S005,38,206.0,38.97215166081462,38.97215166081462,-0.9721516608146175
2023-11-06,P0016,S001,185,207.0,184.49593996124185,184.49593996124185,0.5040600387581549
2023-11-06,P0013,S003,269,212.0,268.6899737107771,268.6899737107771,0.3100262892228898
2023-11-06,P0006,S003,293,38.0,292.0810545842335,292.0810545842335,0.9189454157664727
2023-11-06,P0001,S003,63,40.0,63.77145099017128,63.77145099017128,-0.7714509901712816
2023-11-06,P0013,S004,23,114.0,23.358720101358745,23.358720101358745,-0.3587201013587453
2023-11-06,P0009,S001,93,161.0,93.57318085335356,93.57318085335356,-0.5731808533535627
2023-11-06,P0007,S001,417,57.0,417.419900659378,417.419900659378,-0.41990065937801546
2023-11-06,P0014,S004,3,199.0,2.8936842039529944,2.8936842039529944,0.10631579604700558
2023-11-06,P0001,S001,49,21.0,49.63400374954128,49.63400374954128,-0.6340037495412787
2023-11-06,P0019,S005,53,191.0,52.515553831576085,52.515553831576085,0.48444616842391497
2023-11-06,P0009,S005,238,208.0,236.7480187768413,236.7480187768413,1.2519812231587082
2023-11-06,P0011,S004,366,223.0,365.32821083656194,365.32821083656194,0.6717891634380635
2023-11-06,P0003,S001,219,53.0,219.62412919925,219.62412919925,-0.6241291992500066
2023-11-06,P0020,S002,21,28.0,21.04104211253154,21.04104211253154,-0.04104211253153878
2023-11-06,P0002,S002,449,12.0,449.85146200183743,449.85146200183743,-0.851462001837433
2023-11-06,P0005,S005,85,71.0,85.23354841415366,85.23354841415366,-0.23354841415365968
2023-11-06,P0016,S004,57,6.0,56.905341260882295,56.905341260882295,0.09465873911770473
2023-11-06,P0005,S003,12,128.0,11.42028730140661,11.42028730140661,0.57971269859339
2023-11-06,P0015,S005,19,14.0,19.24197337654045,19.24197337654045,-0.24197337654045015
2023-11-06,P0014,S003,133,29.0,132.8121325041783,132.8121325041783,0.18786749582170614
2023-11-06,P0013,S001,288,315.0,288.4913699356151,288.4913699356151,-0.49136993561512554
2023-11-06,P0003,S002,187,0.0,186.30260387928573,186.30260387928573,0.6973961207142736
2023-11-06,P0015,S002,152,192.0,151.59596421571771,151.59596421571771,0.4040357842822857
2023-11-06,P0018,S001,92,65.0,91.78845481453737,91.78845481453737,0.2115451854626258
2023-11-06,P0011,S001,180,453.0,179.64950038660842,179.64950038660842,0.35049961339157676
2023-11-06,P0009,S003,100,160.0,99.51794047311621,99.51794047311621,0.4820595268837877
2023-11-06,P0006,S005,198,31.0,198.75410995569652,198.75410995569652,-0.7541099556965207
2023-11-06,P0006,S002,45,362.0,44.99851642786015,44.99851642786015,0.001483572139846956
2023-11-06,P0008,S002,66,108.0,65.86338287053215,65.86338287053215,0.13661712946785087
2023-11-06,P0017,S001,101,256.0,100.45101460844259,100.45101460844259,0.5489853915574088
2023-11-06,P0015,S004,193,55.0,192.53619352972217,192.53619352972217,0.46380647027783084
2023-11-06,P0010,S004,19,291.0,18.48982530553616,18.48982530553616,0.5101746944638386
2023-11-06,P0016,S005,66,88.0,65.83360069209479,65.83360069209479,0.16639930790520907
2023-11-06,P0009,S002,133,120.0,133.51809760105945,133.51809760105945,-0.518097601059452
2023-11-06,P0001,S004,31,155.0,31.003101298013036,31.003101298013036,-0.0031012980130356027
2023-11-06,P0010,S001,223,87.0,223.80221609772502,223.80221609772502,-0.8022160977250223
2023-11-07,P0015,S003,45,264.0,45.41093804159228,45.41093804159228,-0.4109380415922814
2023-11-07,P0015,S005,181,19.0,180.70080520789418,180.70080520789418,0.29919479210582267
2023-11-07,P0010,S001,81,223.0,80.69241933430057,80.69241933430057,0.3075806656994331
2023-11-07,P0005,S003,143,12.0,143.46010192377827,143.46010192377827,-0.460101923778268
2023-11-07,P0009,S001,245,93.0,243.64730195470844,243.64730195470844,1.352698045291561
2023-11-07,P0002,S001,353,144.0,355.32764095441894,355.32764095441894,-2.327640954418939
2023-11-07,P0007,S001,148,417.0,148.80719596086712,148.80719596086712,-0.8071959608671193
2023-11-07,P0019,S003,18,32.0,18.854180863909242,18.854180863909242,-0.8541808639092423
2023-11-07,P0001,S001,22,49.0,21.34101336576587,21.34101336576587,0.6589866342341288
2023-11-07,P0014,S001,24,123.0,24.279721237379427,24.279721237379427,-0.27972123737942667
2023-11-07,P0012,S001,45,42.0,44.86210151360834,44.86210151360834,0.1378984863916628
2023-11-07,P0016,S005,293,66.0,294.3135271027937,294.3135271027937,-1.3135271027937279
2023-11-07,P0006,S003,30,293.0,30.606040042315254,30.606040042315254,-0.6060400423152537
2023-11-07,P0003,S004,44,30.0,44.12006862077286,44.12006862077286,-0.12006862077286229
2023-11-07,P0020,S001,32,322.0,32.94403543436792,32.94403543436792,-0.9440354343679189
2023-11-07,P0008,S004,157,240.0,157.75165025159612,157.75165025159612,-0.7516502515961179
2023-11-07,P0005,S002,168,22.0,167.534285336582,167.534285336582,0.46571466341799805
2023-11-07,P0001,S003,379,63.0,376.6399331039443,376.6399331039443,2.3600668960556845
2023-11-07,P0008,S005,53,401.0,52.1935812985157,52.1935812985157,0.8064187014842972
2023-11-07,P0017,S002,257,103.0,257.8738922670281,257.8738922670281,-0.8738922670281113
2023-11-07,P0015,S002,6,152.0,6.139736030425435,6.139736030425435,-0.1397360304254347
2023-11-07,P0003,S001,60,219.0,60.42196628519003,60.42196628519003,-0.421966285190031
2023-11-07,P0019,S005,2,53.0,1.2929276277976696,1.2929276277976696,0.7070723722023304
2023-11-07,P0005,S005,391,85.0,388.45416306855736,388.45416306855736,2.5458369314426363
2023-11-07,P0009,S005,26,238.0,26.31388599848074,26.31388599848074,-0.31388599848073895
2023-11-07,P0007,S004,83,32.0,83.46863383902365,83.46863383902365,-0.46863383902365285
2023-11-07,P0006,S005,102,198.0,101.9058582632813,101.9058582632813,0.09414173671869719
2023-11-07,P0003,S003,159,334.0,158.8948249866856,158.8948249866856,0.10517501331440826
2023-11-07,P0018,S001,241,92.0,241.14766733592637,241.14766733592637,-0.14766733592637138
2023-11-07,P0019,S001,83,136.0,83.2432410112359,83.2432410112359,-0.24324101123589514
2023-11-07,P0005,S001,63,115.0,63.49801180987833,63.49801180987833,-0.49801180987832794
2023-11-07,P0020,S003,142,77.0,141.37663054243365,141.37663054243365,0.6233694575663549
2023-11-07,P0017,S005,243,149.0,241.7546746270974,241.7546746270974,1.245325372902613
2023-11-07,P0006,S002,263,45.0,262.86122009330956,262.86122009330956,0.13877990669044493
2023-11-07,P0015,S004,33,193.0,33.186956321675574,33.186956321675574,-0.18695632167557363
2023-11-07,P0011,S002,30,84.0,30.18456859491576,30.18456859491576,-0.18456859491575983
2023-11-07,P0017,S004,259,36.0,257.8052948815747,257.8052948815747,1.1947051184253041
2023-11-07,P0002,S005,32,269.0,32.781589746887896,32.781589746887896,-0.7815897468878958
2023-11-07,P0009,S004,74,81.0,73.58143712085052,73.58143712085052,0.41856287914947643
2023-11-07,P0020,S004,463,322.0,464.62774980858353,464.62774980858353,-1.6277498085835305
2023-11-07,P0013,S004,104,23.0,104.64112812173666,104.64112812173666,-0.6411281217366565
2023-11-07,P0003,S002,93,187.0,92.76031452480417,92.76031452480417,0.23968547519582728
2023-11-07,P0008,S001,186,189.0,185.55535681752528,185.55535681752528,0.4446431824747208
2023-11-07,P0005,S004,20,39.0,20.74101735549612,20.74101735549612,-0.741017355496119
2023-11-07,P0013,S005,126,28.0,126.89822825753663,126.89822825753663,-0.8982282575366298
2023-11-07,P0011,S001,15,180.0,14.671112447013844,14.671112447013844,0.32888755298615635
2023-11-07,P0016,S002,71,48.0,70.9943968104896,70.9943968104896,0.005603189510395623
2023-11-07,P0007,S005,4,38.0,4.487251875208752,4.487251875208752,-0.48725187520875224
2023-11-07,P0018,S003,94,162.0,93.71483855009748,93.71483855009748,0.28516144990251746
2023-11-07,P0019,S004,239,158.0,239.9495513185223,239.9495513185223,-0.9495513185223103
2023-11-07,P0016,S001,69,185.0,69.2418142583074,69.2418142583074,-0.2418142583074001
2023-11-07,P0010,S002,45,82.0,45.827853326771475,45.827853326771475,-0.8278533267714749
2023-11-07,P0010,S005,2,48.0,1.6927935640035328,1.6927935640035328,0.30720643599646724
2023-11-07,P0018,S005,99,143.0,99.17027711354852,99.17027711354852,-0.17027711354852215
2023-11-07,P0002,S004,95,245.0,94.80820089561185,94.80820089561185,0.19179910438815284
2023-11-07,P0009,S002,109,133.0,109.37584036060103,109.37584036060103,-0.3758403606010319
2023-11-07,P0013,S003,15,269.0,14.607694196401264,14.607694196401264,0.39230580359873635
2023-11-07,P0004,S003,256,91.0,254.45976704817585,254.45976704817585,1.5402329518241515
2023-11-07,P0004,S001,286,97.0,286.52916203612745,286.52916203612745,-0.5291620361274454
2023-11-07,P0016,S003,335,328.0,335.0215153852403,335.0215153852403,-0.021515385240320484
2023-11-07,P0016,S004,216,57.0,215.31523073772868,215.31523073772868,0.6847692622713168
2023-11-07,P0020,S005,160,47.0,159.88712601772087,159.88712601772087,0.11287398227912604
2023-11-07,P0008,S003,97,19.0,96.84403596941232,96.84403596941232,0.1559640305876826
2023-11-07,P0002,S003,71,150.0,71.0770055696528,71.0770055696528,-0.07700556965279759
2023-11-07,P0017,S001,404,101.0,407.9566415633964,407.9566415633964,-3.9566415633963743
2023-11-07,P0006,S001,152,13.0,152.17555624066438,152.17555624066438,-0.17555624066437758
2023-11-07,P0012,S004,143,202.0,142.87486623377603,142.87486623377603,0.12513376622396777
2023-11-07,P0013,S002,191,82.0,191.2330985197762,191.2330985197762,-0.2330985197762061
2023-11-07,P0004,S002,11,67.0,11.659980439372509,11.659980439372509,-0.659980439372509
2023-11-07,P0012,S003,161,21.0,161.4312136333819,161.4312136333819,-0.4312136333819012
2023-11-07,P0012,S002,26,93.0,25.829979370536652,25.829979370536652,0.17002062946334817
2023-11-07,P0011,S003,21,72.0,20.617103050162346,20.617103050162346,0.38289694983765443
2023-11-07,P0004,S004,88,94.0,88.25644532039378,88.25644532039378,-0.2564453203937802
2023-11-07,P0014,S002,193,66.0,192.02399846371344,192.02399846371344,0.9760015362865602
2023-11-07,P0019,S002,23,9.0,22.11047939136905,22.11047939136905,0.8895206086309493
2023-11-07,P0010,S003,140,68.0,140.48441628033729,140.48441628033729,-0.48441628033728534
2023-11-07,P0001,S004,187,31.0,187.99045856536046,187.99045856536046,-0.9904585653604556
2023-11-07,P0009,S003,17,100.0,18.005712814928682,18.005712814928682,-1.0057128149286818
2023-11-07,P0013,S001,56,288.0,55.379060523163965,55.379060523163965,0.6209394768360355
2023-11-07,P0010,S004,4,19.0,4.1826635801416785,4.1826635801416785,-0.1826635801416785
2023-11-07,P0017,S003,287,295.0,287.6159140404442,287.6159140404442,-0.6159140404441814
2023-11-07,P0007,S003,35,112.0,34.87824776943345,34.87824776943345,0.12175223056654971
2023-11-07,P0015,S001,164,85.0,163.6837779346071,163.6837779346071,0.31622206539290687
2023-11-07,P0014,S004,3,3.0,3.4805209980815603,3.4805209980815603,-0.48052099808156035
2023-11-07,P0011,S005,160,7.0,159.95737007117364,159.95737007117364,0.042629928826357855
2023-11-07,P0004,S005,78,77.0,77.98210313156561,77.98210313156561,0.017896868434391422
2023-11-07,P0012,S005,96,114.0,95.69386966393006,95.69386966393006,0.3061303360699412
2023-11-07,P0006,S004,422,40.0,425.7304690775988,425.7304690775988,-3.730469077598798
2023-11-07,P0014,S005,339,33.0,340.0247300851728,340.0247300851728,-1.0247300851727914
2023-11-07,P0020,S002,67,21.0,67.30092538303153,67.30092538303153,-0.30092538303152594
2023-11-07,P0007,S002,190,92.0,189.71817666006237,189.71817666006237,0.2818233399376311
2023-11-07,P0001,S002,58,140.0,57.452413946620304,57.452413946620304,0.5475860533796961
2023-11-07,P0018,S002,94,400.0,93.85664213871294,93.85664213871294,0.14335786128705763
2023-11-07,P0011,S004,89,366.0,88.99048334817182,88.99048334817182,0.009516651828178624
2023-11-07,P0008,S002,170,66.0,170.68943083478652,170.68943083478652,-0.6894308347865206
2023-11-07,P0018,S004,312,380.0,311.6758451537549,311.6758451537549,0.3241548462451078
2023-11-07,P0014,S003,158,133.0,157.79373022428703,157.79373022428703,0.20626977571296834
2023-11-07,P0001,S005,8,89.0,8.298985002354852,8.298985002354852,-0.29898500235485237
2023-11-07,P0003,S005,28,281.0,28.19929533011594,28.19929533011594,-0.19929533011594103
2023-11-07,P0002,S002,160,449.0,160.5371540793071,160.5371540793071,-0.5371540793071006
2023-11-08,P0006,S001,45,152.0,45.47577803826403,45.47577803826403,-0.475778038264032
2023-11-08,P0004,S001,91,286.0,91.00911309893344,91.00911309893344,-0.009113098933440256
2023-11-08,P0008,S002,127,170.0,126.56079324404344,126.56079324404344,0.4392067559565618
2023-11-08,P0006,S005,51,102.0,50.79426738529458,50.79426738529458,0.20573261470541837
2023-11-08,P0010,S004,86,4.0,86.25280774505416,86.25280774505416,-0.25280774505415593
2023-11-08,P0017,S004,99,259.0,98.18662695306001,98.18662695306001,0.8133730469399865
2023-11-08,P0014,S005,110,339.0,109.71260506485717,109.71260506485717,0.287394935142828
2023-11-08,P0009,S003,23,17.0,22.557595502474005,22.557595502474005,0.4424044975259953
2023-11-08,P0005,S002,155,168.0,155.4462126696749,155.4462126696749,-0.4462126696749067
2023-11-08,P0018,S002,67,94.0,67.16705786131985,67.16705786131985,-0.16705786131984723
2023-11-08,P0010,S001,187,81.0,187.48132809218316,187.48132809218316,-0.48132809218316197
2023-11-08,P0012,S003,270,161.0,270.99512871765165,270.99512871765165,-0.995128717651653
2023-11-08,P0001,S003,35,379.0,35.9573324614919,35.9573324614919,-0.9573324614919017
2023-11-08,P0009,S002,69,109.0,69.29984017670009,69.29984017670009,-0.2998401767000871
2023-11-08,P0017,S002,286,257.0,286.20866119245744,286.20866119245744,-0.2086611924574413
2023-11-08,P0008,S005,103,53.0,103.23771213678732,103.23771213678732,-0.23771213678732295
2023-11-08,P0019,S003,145,18.0,144.8882288191885,144.8882288191885,0.11177118081150184
2023-11-08,P0016,S005,110,293.0,110.20291323719565,110.20291323719565,-0.20291323719564502
2023-11-08,P0009,S004,40,74.0,40.97238006782689,40.97238006782689,-0.9723800678268901
2023-11-08,P0015,S003,144,45.0,144.44346724803827,144.44346724803827,-0.4434672480382744
2023-11-08,P0001,S004,55,187.0,55.31974441956547,55.31974441956547,-0.31974441956546684
2023-11-08,P0012,S005,32,96.0,31.79255075693714,31.79255075693714,0.20744924306286094
2023-11-08,P0015,S002,2,6.0,2.671224845136597,2.671224845136597,-0.6712248451365972
2023-11-08,P0013,S001,41,56.0,41.06817442959428,41.06817442959428,-0.06817442959427922
2023-11-08,P0013,S003,36,15.0,35.046547210994255,35.046547210994255,0.9534527890057447
2023-11-08,P0016,S004,32,216.0,31.506008477169708,31.506008477169708,0.49399152283029224
2023-11-08,P0013,S004,67,104.0,66.91098217813565,66.91098217813565,0.08901782186434559
2023-11-08,P0009,S001,120,245.0,119.93525980628442,119.93525980628442,0.06474019371557915
2023-11-08,P0014,S004,332,3.0,330.4023850856036,330.4023850856036,1.597614914396388
2023-11-08,P0014,S003,58,158.0,57.42646134445371,57.42646134445371,0.5735386555462867
2023-11-08,P0007,S001,147,148.0,147.94388730776154,147.94388730776154,-0.9438873077615426
2023-11-08,P0017,S001,50,404.0,50.03648891565791,50.03648891565791,-0.03648891565791246
2023-11-08,P0002,S002,321,160.0,319.29033596902184,319.29033596902184,1.7096640309781606
2023-11-08,P0005,S003,272,143.0,273.0052437676054,273.0052437676054,-1.005243767605407
2023-11-08,P0017,S003,376,287.0,374.4140425910556,374.4140425910556,1.5859574089444095
2023-11-08,P0003,S001,217,60.0,215.6687930598111,215.6687930598111,1.3312069401889062
2023-11-08,P0005,S005,48,391.0,47.64309058993691,47.64309058993691,0.3569094100630892
2023-11-08,P0020,S002,141,67.0,141.6462722919073,141.6462722919073,-0.6462722919073087
2023-11-08,P0004,S003,2,256.0,2.4113981662749535,2.4113981662749535,-0.4113981662749535
2023-11-08,P0015,S005,165,181.0,164.05752586619244,164.05752586619244,0.9424741338075648
2023-11-08,P0009,S005,24,26.0,23.187027290532072,23.187027290532072,0.8129727094679282
2023-11-08,P0011,S001,360,15.0,362.4134422493448,362.4134422493448,-2.4134422493448255
2023-11-08,P0016,S001,105,69.0,105.70372450212628,105.70372450212628,-0.7037245021262777
2023-11-08,P0011,S003,104,21.0,104.80984744032092,104.80984744032092,-0.8098474403209224
2023-11-08,P0015,S004,272,33.0,272.6483418585903,272.6483418585903,-0.6483418585902996
2023-11-08,P0018,S001,128,241.0,127.6118370039578,127.6118370039578,0.3881629960421975
2023-11-08,P0006,S002,67,263.0,66.6947628592544,66.6947628592544,0.3052371407456036
2023-11-08,P0012,S002,415,26.0,414.8743491267697,414.8743491267697,0.1256508732303132
2023-11-08,P0007,S003,61,35.0,61.49527350439045,61.49527350439045,-0.4952735043904468
2023-11-08,P0020,S003,55,142.0,55.24069615683619,55.24069615683619,-0.2406961568361865
2023-11-08,P0006,S003,22,30.0,21.422972078194118,21.422972078194118,0.5770279218058825
2023-11-08,P0020,S005,7,160.0,7.530415474752528,7.530415474752528,-0.5304154747525276
2023-11-08,P0017,S005,243,243.0,242.4892364916775,242.4892364916775,0.5107635083224977
2023-11-08,P0014,S002,74,193.0,74.07708101324299,74.07708101324299,-0.07708101324298866
2023-11-08,P0001,S001,324,22.0,323.6849164764037,323.6849164764037,0.3150835235962859
2023-11-08,P0002,S005,78,32.0,78.19008755454105,78.19008755454105,-0.19008755454105142
2023-11-08,P0011,S004,392,89.0,392.02039119795745,392.02039119795745,-0.020391197957451368
2023-11-08,P0003,S002,189,93.0,189.00694351920342,189.00694351920342,-0.006943519203417736
2023-11-08,P0007,S005,151,4.0,151.99199391255527,151.99199391255527,-0.991993912555273
2023-11-08,P0004,S002,43,11.0,43.66923660937984,43.66923660937984,-0.669236609379837
2023-11-08,P0011,S002,43,30.0,43.09168252517273,43.09168252517273,-0.0916825251727289
2023-11-08,P0019,S002,95,23.0,95.28194923470842,95.28194923470842,-0.2819492347084207
2023-11-08,P0019,S001,245,83.0,245.79848633217327,245.79848633217327,-0.7984863321732689
2023-11-08,P0019,S005,66,2.0,66.30670395482642,66.30670395482642,-0.30670395482641766
2023-11-08,P0003,S004,75,44.0,75.63451820334954,75.63451820334954,-0.6345182033495433
2023-11-08,P0003,S005,81,28.0,81.41091278151934,81.41091278151934,-0.4109127815193432
2023-11-08,P0011,S005,256,160.0,255.64472642027076,255.64472642027076,0.3552735797292428
2023-11-08,P0012,S001,211,45.0,212.18183373417668,212.18183373417668,-1.1818337341766778
2023-11-08,P0014,S001,195,24.0,194.47063900518688,194.47063900518688,0.5293609948131177
2023-11-08,P0020,S004,430,463.0,429.27876349460405,429.27876349460405,0.7212365053959502
2023-11-08,P0013,S005,63,126.0,63.46997678559672,63.46997678559672,-0.46997678559672096
2023-11-08,P0016,S003,144,335.0,143.53257531536332,143.53257531536332,0.46742468463668274
2023-11-08,P0015,S001,204,164.0,204.4197255972047,204.4197255972047,-0.41972559720468894
2023-11-08,P0010,S003,34,140.0,34.926192568377786,34.926192568377786,-0.9261925683777861
2023-11-08,P0004,S004,31,88.0,33.197458282201445,33.197458282201445,-2.1974582822014455
2023-11-08,P0008,S001,112,186.0,111.85840008526648,111.85840008526648,0.14159991473351852
2023-11-08,P0002,S004,302,95.0,300.7673537794805,300.7673537794805,1.2326462205194844
2023-11-08,P0005,S004,56,20.0,56.439333480202436,56.439333480202436,-0.43933348020243557
2023-11-08,P0002,S003,98,71.0,97.88524160543372,97.88524160543372,0.11475839456628023
2023-11-08,P0007,S002,78,190.0,77.79674441324889,77.79674441324889,0.2032555867511121
2023-11-08,P0018,S003,126,94.0,126.08656072099274,126.08656072099274,-0.08656072099273615
2023-11-08,P0010,S005,200,2.0,199.62286838087243,199.62286838087243,0.3771316191275673
2023-11-08,P0016,S002,67,71.0,66.96372601046403,66.96372601046403,0.03627398953597094
2023-11-08,P0019,S004,13,239.0,12.505067246201438,12.505067246201438,0.4949327537985617
2023-11-08,P0012,S004,203,143.0,202.29283680754682,202.29283680754682,0.70716319245318
2023-11-08,P0010,S002,26,45.0,25.990161451169126,25.990161451169126,0.009838548830874316
2023-11-08,P0008,S004,241,157.0,241.50628983273435,241.50628983273435,-0.5062898327343532
2023-11-08,P0013,S002,122,191.0,122.96939968309451,122.96939968309451,-0.9693996830945082
2023-11-08,P0001,S002,19,58.0,19.422263970579056,19.422263970579056,-0.4222639705790563
2023-11-08,P0007,S004,22,83.0,21.72307784086208,21.72307784086208,0.2769221591379214
2023-11-08,P0005,S001,113,63.0,112.6002208232956,112.6002208232956,0.3997791767043992
2023-11-08,P0018,S005,293,99.0,291.5445502059389,291.5445502059389,1.45544979406111
2023-11-08,P0002,S001,5,353.0,5.150701123024693,5.150701123024693,-0.1507011230246933
2023-11-08,P0006,S004,266,422.0,267.1316169725864,267.1316169725864,-1.1316169725864142
2023-11-08,P0018,S004,54,312.0,53.94353242580169,53.94353242580169,0.05646757419830806
2023-11-08,P0003,S003,95,159.0,95.51471484561118,95.51471484561118,-0.5147148456111807
2023-11-08,P0004,S005,37,78.0,37.501562630221166,37.501562630221166,-0.5015626302211658
2023-11-08,P0008,S003,7,97.0,6.608841793224857,6.608841793224857,0.3911582067751427
2023-11-08,P0001,S005,134,8.0,133.83399096519219,133.83399096519219,0.16600903480781426
2023-11-08,P0020,S001,150,32.0,148.6496222072646,148.6496222072646,1.3503777927354008
2023-11-09,P0004,S002,63,43.0,62.28528578134846,62.28528578134846,0.7147142186515367
2023-11-09,P0015,S002,375,2.0,374.40752053264544,374.40752053264544,0.5924794673545648
2023-11-09,P0015,S005,97,165.0,97.1292579516823,97.1292579516823,-0.12925795168230536
2023-11-09,P0010,S002,117,26.0,117.30939196612331,117.30939196612331,-0.30939196612331443
2023-11-09,P0001,S001,75,324.0,75.35790475447764,75.35790475447764,-0.35790475447764436
2023-11-09,P0007,S002,21,78.0,21.094116278827695,21.094116278827695,-0.0941162788276948
2023-11-09,P0020,S002,224,141.0,225.05957168327978,225.05957168327978,-1.0595716832797848
2023-11-09,P0007,S005,267,151.0,266.2933983343496,266.2933983343496,0.7066016656503962
2023-11-09,P0002,S004,142,302.0,141.2905253713155,141.2905253713155,0.7094746286844895
2023-11-09,P0011,S003,19,104.0,19.880285727130616,19.880285727130616,-0.8802857271306159
2023-11-09,P0003,S002,284,189.0,282.47157307412226,282.47157307412226,1.5284269258777385
2023-11-09,P0004,S003,11,2.0,11.293361396828306,11.293361396828306,-0.2933613968283062
2023-11-09,P0006,S002,20,67.0,19.8260149894065,19.8260149894065,0.17398501059350124
2023-11-09,P0011,S004,53,392.0,52.92253429521264,52.92253429521264,0.07746570478735748
2023-11-09,P0007,S003,346,61.0,344.14322649787886,344.14322649787886,1.8567735021211433
2023-11-09,P0002,S005,125,78.0,124.93861594695372,124.93861594695372,0.06138405304628236
2023-11-09,P0004,S005,18,37.0,17.47211413554937,17.47211413554937,0.5278858644506315
2023-11-09,P0012,S001,92,211.0,92.11483161333352,92.11483161333352,-0.11483161333352143
2023-11-09,P0020,S003,286,55.0,285.6810298662144,285.6810298662144,0.31897013378562633
2023-11-09,P0014,S002,13,74.0,11.896663247731402,11.896663247731402,1.1033367522685982
2023-11-09,P0010,S005,27,200.0,26.92461269789634,26.92461269789634,0.0753873021036604
2023-11-09,P0005,S003,205,272.0,204.3809655399739,204.3809655399739,0.6190344600261142
2023-11-09,P0006,S004,35,266.0,34.673885536674206,34.673885536674206,0.3261144633257942
2023-11-09,P0003,S001,138,217.0,137.95507774366635,137.95507774366635,0.0449222563336491
2023-11-09,P0009,S005,10,24.0,9.847489536092528,9.847489536092528,0.15251046390747192
2023-11-09,P0003,S004,122,75.0,122.53189923047914,122.53189923047914,-0.5318992304791408
2023-11-09,P0007,S001,153,147.0,154.01022058425178,154.01022058425178,-1.0102205842517833
2023-11-09,P0020,S001,34,150.0,34.74078711920604,34.74078711920604,-0.7407871192060398
2023-11-09,P0014,S003,65,58.0,65.23193008305361,65.23193008305361,-0.23193008305361218
2023-11-09,P0014,S001,300,195.0,298.84293568829986,298.84293568829986,1.1570643117001396
2023-11-09,P0009,S001,42,120.0,41.9785004875658,41.9785004875658,0.021499512434196788
2023-11-09,P0018,S004,21,54.0,21.059220891563008,21.059220891563008,-0.05922089156300814
2023-11-09,P0003,S005,139,81.0,138.63557460147248,138.63557460147248,0.36442539852751565
2023-11-09,P0014,S004,7,332.0,7.587975720215085,7.587975720215085,-0.587975720215085
2023-11-09,P0019,S005,193,66.0,192.05142034851076,192.05142034851076,0.94857965148924
2023-11-09,P0002,S002,22,321.0,22.448559654250662,22.448559654250662,-0.448559654250662
2023-11-09,P0016,S003,150,144.0,150.4665402202525,150.4665402202525,-0.4665402202525115
2023-11-09,P0013,S004,53,67.0,52.66895849974534,52.66895849974534,0.3310415002546634
2023-11-09,P0013,S003,45,36.0,44.660561840606256,44.660561840606256,0.3394381593937439
2023-11-09,P0015,S001,4,204.0,4.339029236064509,4.339029236064509,-0.3390292360645093
2023-11-09,P0017,S003,155,376.0,154.27098140589362,154.27098140589362,0.7290185941063783
2023-11-09,P0002,S001,136,5.0,135.15401010034364,135.15401010034364,0.8459898996563595
2023-11-09,P0017,S001,71,50.0,70.96980098937931,70.96980098937931,0.030199010620691524
2023-11-09,P0008,S004,301,241.0,301.3114303398866,301.3114303398866,-0.31143033988661273
2023-11-09,P0016,S004,72,32.0,72.23429832143242,72.23429832143242,-0.23429832143241924
2023-11-09,P0016,S001,24,105.0,23.83372490517498,23.83372490517498,0.16627509482502134
2023-11-09,P0005,S005,193,48.0,192.7940924774077,192.7940924774077,0.20590752259229816
2023-11-09,P0001,S002,180,19.0,180.84459526735662,180.84459526735662,-0.8445952673566239
2023-11-09,P0013,S005,105,63.0,105.2816631493042,105.2816631493042,-0.2816631493041939
2023-11-09,P0015,S003,16,144.0,15.888790965900652,15.888790965900652,0.1112090340993479
2023-11-09,P0010,S004,50,86.0,50.083446660762554,50.083446660762554,-0.08344666076255436
2023-11-09,P0020,S005,30,7.0,29.333584330300678,29.333584330300678,0.6664156696993224
2023-11-09,P0005,S002,62,155.0,62.049970926725294,62.049970926725294,-0.04997092672529391
2023-11-09,P0010,S003,223,34.0,222.10393586241537,222.10393586241537,0.8960641375846308
2023-11-09,P0009,S003,53,23.0,52.95738461367886,52.95738461367886,0.04261538632113826
2023-11-09,P0006,S001,223,45.0,223.51432088837825,223.51432088837825,-0.5143208883782506
2023-11-09,P0007,S004,72,22.0,71.65138754634421,71.65138754634421,0.3486124536557895
2023-11-09,P0020,S004,189,430.0,189.3673459838698,189.3673459838698,-0.36734598386979656
2023-11-09,P0010,S001,132,187.0,132.45014000762083,132.45014000762083,-0.4501400076208313
2023-11-09,P0017,S005,77,243.0,77.06912740502521,77.06912740502521,-0.0691274050252133
2023-11-09,P0001,S004,345,55.0,344.8698761568624,344.8698761568624,0.1301238431375964
2023-11-09,P0009,S004,239,40.0,238.21578407370666,238.21578407370666,0.7842159262933421
2023-11-09,P0012,S002,26,415.0,25.873578509548103,25.873578509548103,0.12642149045189655
2023-11-09,P0012,S005,128,32.0,128.5284238720831,128.5284238720831,-0.5284238720830956
2023-11-09,P0013,S002,20,122.0,19.93229651671696,19.93229651671696,0.0677034832830401
2023-11-09,P0011,S005,141,256.0,140.79712016244306,140.79712016244306,0.20287983755693517
2023-11-09,P0009,S002,162,69.0,160.8432970389286,160.8432970389286,1.156702961071403
2023-11-09,P0014,S005,51,110.0,50.122252541865976,50.122252541865976,0.8777474581340243
2023-11-09,P0016,S005,229,110.0,228.74683573794752,228.74683573794752,0.2531642620524792
2023-11-09,P0001,S003,38,35.0,37.4922123935227,37.4922123935227,0.5077876064773008
2023-11-09,P0017,S004,72,99.0,71.99472323746531,71.99472323746531,0.00527676253469167
2023-11-09,P0008,S005,115,103.0,114.26658526121652,114.26658526121652,0.7334147387834804
2023-11-09,P0003,S003,3,95.0,3.383240737127566,3.383240737127566,-0.3832407371275659
2023-11-09,P0017,S002,245,286.0,246.17498707607447,246.17498707607447,-1.1749870760744727
2023-11-09,P0008,S003,24,7.0,24.537428938689004,24.537428938689004,-0.5374289386890041
2023-11-09,P0008,S001,110,112.0,109.91195851578019,109.91195851578019,0.08804148421981495
2023-11-09,P0019,S003,353,145.0,353.7755653304416,353.7755653304416,-0.7755653304416228
2023-11-09,P0005,S001,152,113.0,151.7082258937916,151.7082258937916,0.2917741062084076
2023-11-09,P0013,S001,13,41.0,13.374570277531443,13.374570277531443,-0.37457027753144345
2023-11-09,P0005,S004,56,56.0,55.882005144536144,55.882005144536144,0.11799485546385569
2023-11-09,P0012,S004,163,203.0,163.22160320400295,163.22160320400295,-0.22160320400294609
2023-11-09,P0019,S002,238,95.0,237.69425199273752,237.69425199273752,0.30574800726247986
2023-11-09,P0001,S005,264,134.0,264.35254785153006,264.35254785153006,-0.35254785153006196
2023-11-09,P0011,S002,68,43.0,67.59480228705777,67.59480228705777,0.4051977129422255
2023-11-09,P0004,S001,305,91.0,307.3137025605668,307.3137025605668,-2.31370256056681
2023-11-09,P0012,S003,155,270.0,155.42655660182925,155.42655660182925,-0.4265566018292475
2023-11-09,P0019,S004,91,13.0,90.81833431261684,90.81833431261684,0.18166568738315902
2023-11-09,P0016,S002,179,67.0,178.68871108081768,178.68871108081768,0.31128891918231716
2023-11-09,P0019,S001,251,245.0,251.81561430837687,251.81561430837687,-0.8156143083768654
2023-11-09,P0006,S005,342,51.0,341.0827528592965,341.0827528592965,0.9172471407035232
2023-11-09,P0018,S003,37,126.0,37.28712533402475,37.28712533402475,-0.2871253340247506
2023-11-09,P0004,S004,13,31.0,13.092871674297934,13.092871674297934,-0.09287167429793364
2023-11-09,P0008,S002,25,127.0,24.82358893206846,24.82358893206846,0.17641106793153938
2023-11-09,P0018,S005,132,293.0,131.6867433811572,131.6867433811572,0.3132566188427859
2023-11-09,P0002,S003,262,98.0,262.8560660534015,262.8560660534015,-0.8560660534014914
2023-11-09,P0011,S001,161,360.0,160.28048240743524,160.28048240743524,0.7195175925647561
2023-11-09,P0006,S003,140,22.0,140.57142494415206,140.57142494415206,-0.5714249441520565
2023-11-09,P0015,S004,117,272.0,117.80798503697993,117.80798503697993,-0.8079850369799289
2023-11-09,P0018,S001,479,128.0,477.93297824095583,477.93297824095583,1.0670217590441666
2023-11-09,P0018,S002,85,67.0,85.11664703540302,85.11664703540302,-0.11664703540301957
2023-11-10,P0009,S004,417,239.0,415.1711209895874,415.1711209895874,1.8288790104126065
2023-11-10,P0012,S003,2,155.0,1.7751180408310523,1.7751180408310523,0.2248819591689477
2023-11-10,P0007,S003,53,346.0,53.07180540729884,53.07180540729884,-0.07180540729883944
2023-11-10,P0007,S004,320,72.0,321.1822798614591,321.1822798614591,-1.182279861459108
2023-11-10,P0003,S001,25,138.0,24.357312691793304,24.357312691793304,0.6426873082066962
2023-11-10,P0011,S003,27,19.0,26.559746279177645,26.559746279177645,0.4402537208223549
2023-11-10,P0018,S002,42,85.0,42.161668082242244,42.161668082242244,-0.16166808224224383
2023-11-10,P0001,S002,172,180.0,171.369179680705,171.369179680705,0.6308203192949975
2023-11-10,P0002,S002,73,22.0,72.40928216145441,72.40928216145441,0.5907178385455865
2023-11-10,P0007,S001,18,153.0,17.445244357303405,17.445244357303405,0.5547556426965947
2023-11-10,P0012,S001,0,92.0,0.2519732529438993,0.2519732529438993,-0.2519732529438993
2023-11-10,P0011,S002,37,68.0,36.46333542193786,36.46333542193786,0.5366645780621369
2023-11-10,P0002,S005,158,125.0,158.08872373010814,158.08872373010814,-0.08872373010814272
2023-11-10,P0016,S002,20,179.0,20.170334443541307,20.170334443541307,-0.17033444354130722
2023-11-10,P0002,S004,63,142.0,62.90768777353805,62.90768777353805,0.09231222646194936
2023-11-10,P0019,S001,42,251.0,42.17961479484821,42.17961479484821,-0.17961479484821297
2023-11-10,P0002,S003,58,262.0,57.64621387482599,57.64621387482599,0.3537861251740111
2023-11-10,P0018,S001,63,479.0,62.75400021845932,62.75400021845932,0.24599978154068225
2023-11-10,P0016,S001,139,24.0,138.98951083924112,138.98951083924112,0.010489160758879734
2023-11-10,P0016,S003,296,150.0,296.5106231374336,296.5106231374336,-0.5106231374335835
2023-11-10,P0016,S004,279,72.0,278.14419924044137,278.14419924044137,0.8558007595586332
2023-11-10,P0013,S001,203,13.0,203.51647058189383,203.51647058189383,-0.5164705818938273
2023-11-10,P0013,S002,25,20.0,25.695441230995673,25.695441230995673,-0.695441230995673
2023-11-10,P0001,S004,68,345.0,68.36609299763528,68.36609299763528,-0.3660929976352776
2023-11-10,P0013,S003,285,45.0,286.95388376369,286.95388376369,-1.953883763689987
2023-11-10,P0009,S002,13,162.0,12.083709240956166,12.083709240956166,0.9162907590438341
2023-11-10,P0020,S001,98,34.0,97.14359928862235,97.14359928862235,0.8564007113776455
2023-11-10,P0020,S005,180,30.0,179.29247310493844,179.29247310493844,0.7075268950615623
2023-11-10,P0019,S003,136,353.0,135.57291530899718,135.57291530899718,0.4270846910028183
2023-11-10,P0005,S003,48,205.0,48.401756096721684,48.401756096721684,-0.4017560967216838
2023-11-10,P0005,S004,54,56.0,54.1275227604843,54.1275227604843,-0.12752276048429678
2023-11-10,P0010,S001,49,132.0,49.44664198787166,49.44664198787166,-0.4466419878716579
2023-11-10,P0015,S005,363,97.0,366.2498600142974,366.2498600142974,-3.249860014297383
2023-11-10,P0004,S005,117,18.0,117.27725150291694,117.27725150291694,-0.2772515029169398
2023-11-10,P0015,S002,243,375.0,243.70882789695162,243.70882789695162,-0.7088278969516182
2023-11-10,P0002,S001,47,136.0,46.38320270071191,46.38320270071191,0.6167972992880877
2023-11-10,P0003,S004,136,122.0,135.81448511492925,135.81448511492925,0.1855148850707451
2023-11-10,P0014,S001,350,300.0,349.72106049220645,349.72106049220645,0.27893950779355237
2023-11-10,P0010,S002,147,117.0,147.3409015358844,147.3409015358844,-0.34090153588439875
2023-11-10,P0010,S005,296,27.0,295.79315356803943,295.79315356803943,0.20684643196057095
2023-11-10,P0019,S004,394,91.0,394.0655162263196,394.0655162263196,-0.06551622631957343
2023-11-10,P0018,S003,131,37.0,131.3505378419607,131.3505378419607,-0.35053784196068705
2023-11-10,P0008,S001,102,110.0,101.34702465180095,101.34702465180095,0.6529753481990497
2023-11-10,P0018,S004,62,21.0,61.975186981566864,61.975186981566864,0.02481301843313588
2023-11-10,P0006,S003,112,140.0,112.55894423754583,112.55894423754583,-0.5589442375458304
2023-11-10,P0018,S005,87,132.0,87.25660066548845,87.25660066548845,-0.25660066548844895
2023-11-10,P0003,S003,218,3.0,216.53140115170652,216.53140115170652,1.4685988482934818
2023-11-10,P0005,S001,2,152.0,2.3887946675054272,2.3887946675054272,-0.38879466750542724
2023-11-10,P0013,S005,194,105.0,194.42805841690347,194.42805841690347,-0.42805841690346824
2023-11-10,P0015,S003,337,16.0,336.87482205898243,336.87482205898243,0.12517794101756863
2023-11-10,P0016,S005,199,229.0,198.91427392676084,198.91427392676084,0.08572607323915804
2023-11-10,P0017,S002,302,245.0,301.5296373644742,301.5296373644742,0.4703626355258166
2023-11-10,P0008,S005,257,115.0,257.0598167432586,257.0598167432586,-0.05981674325857966
2023-11-10,P0017,S004,313,72.0,313.7785831785307,313.7785831785307,-0.7785831785307096
2023-11-10,P0005,S002,15,62.0,15.124317806083196,15.124317806083196,-0.1243178060831962
2023-11-10,P0020,S004,163,189.0,162.73179151348134,162.73179151348134,0.2682084865186596
2023-11-10,P0003,S005,20,139.0,19.784966490857602,19.784966490857602,0.2150335091423976
2023-11-10,P0015,S001,72,4.0,72.55219037554555,72.55219037554555,-0.5521903755455497
2023-11-10,P0006,S004,231,35.0,232.27528315095324,232.27528315095324,-1.2752831509532427
2023-11-10,P0004,S003,275,11.0,274.7263680222146,274.7263680222146,0.27363197778538506
2023-11-10,P0020,S002,64,224.0,64.15428254671177,64.15428254671177,-0.15428254671176944
2023-11-10,P0014,S003,117,65.0,116.66949650719363,116.66949650719363,0.3305034928063719
2023-11-10,P0014,S004,101,7.0,101.25451200414868,101.25451200414868,-0.2545120041486797
2023-11-10,P0017,S001,43,71.0,42.914488962884356,42.914488962884356,0.08551103711564423
2023-11-10,P0004,S002,256,63.0,254.55839739993132,254.55839739993132,1.441602600068677
2023-11-10,P0014,S002,7,13.0,8.280254544047262,8.280254544047262,-1.2802545440472617
2023-11-10,P0011,S004,148,53.0,148.10899883062336,148.10899883062336,-0.10899883062336357
2023-11-10,P0019,S002,324,238.0,324.35617761499185,324.35617761499185,-0.3561776149918501
2023-11-10,P0017,S003,346,155.0,343.6412140561011,343.6412140561011,2.3587859438989085
2023-11-10,P0008,S002,190,25.0,190.41203215554248,190.41203215554248,-0.41203215554247663
2023-11-10,P0010,S004,3,50.0,3.2235262837664806,3.2235262837664806,-0.22352628376648065
2023-11-10,P0006,S001,167,223.0,167.32290303175813,167.32290303175813,-0.3229030317581305
2023-11-10,P0012,S005,119,128.0,119.26614431051205,119.26614431051205,-0.2661443105120469
2023-11-10,P0012,S002,288,26.0,286.3662225484177,286.3662225484177,1.6337774515823185
2023-11-10,P0014,S005,82,51.0,82.56629627538511,82.56629627538511,-0.5662962753851133
2023-11-10,P0004,S001,40,305.0,40.80001343483575,40.80001343483575,-0.8000134348357477
2023-11-10,P0001,S005,86,264.0,85.52621416034323,85.52621416034323,0.47378583965677024
2023-11-10,P0008,S003,80,24.0,80.09441427175638,80.09441427175638,-0.09441427175637784
2023-11-10,P0010,S003,323,223.0,323.6291925074828,323.6291925074828,-0.6291925074827986
2023-11-10,P0004,S004,435,13.0,434.137514471155,434.137514471155,0.8624855288450135
2023-11-10,P0011,S005,333,141.0,330.5393352024868,330.5393352024868,2.460664797513175
2023-11-10,P0007,S002,44,21.0,43.81620843861112,43.81620843861112,0.18379156138887964
2023-11-10,P0011,S001,220,161.0,219.3761844283101,219.3761844283101,0.623815571689903
2023-11-10,P0015,S004,27,117.0,27.872645305667998,27.872645305667998,-0.8726453056679979
2023-11-10,P0008,S004,126,301.0,125.75067307023542,125.75067307023542,0.24932692976457815
2023-11-10,P0009,S003,61,53.0,61.01553785147602,61.01553785147602,-0.015537851476018716
2023-11-10,P0006,S002,74,20.0,74.06000308422406,74.06000308422406,-0.060003084224064196
2023-11-10,P0009,S001,170,42.0,169.84828864389544,169.84828864389544,0.15171135610455622
2023-11-10,P0003,S002,142,284.0,141.3721253135768,141.3721253135768,0.6278746864232119
2023-11-10,P0001,S003,43,38.0,42.86678485322605,42.86678485322605,0.1332151467739493
2023-11-10,P0007,S005,86,267.0,85.85551923145877,85.85551923145877,0.1444807685412286
2023-11-10,P0020,S003,31,286.0,31.294634747421945,31.294634747421945,-0.29463474742194506
2023-11-10,P0001,S001,234,75.0,234.13495537369235,234.13495537369235,-0.13495537369234967
2023-11-10,P0017,S005,71,77.0,70.50597561736923,70.50597561736923,0.4940243826307693
2023-11-10,P0009,S005,300,10.0,299.497032487679,299.497032487679,0.5029675123209927
2023-11-10,P0005,S005,128,193.0,127.80142067855967,127.80142067855967,0.1985793214403344
2023-11-10,P0012,S004,25,163.0,25.14572824103231,25.14572824103231,-0.14572824103230886
2023-11-10,P0019,S005,285,193.0,286.3914554927289,286.3914554927289,-1.3914554927288805
2023-11-10,P0013,S004,34,53.0,35.003236345295065,35.003236345295065,-1.0032363452950648
2023-11-10,P0006,S005,266,342.0,265.3739075149701,265.3739075149701,0.6260924850299148
2023-11-11,P0004,S002,36,256.0,36.89007534472594,36.89007534472594,-0.8900753447259433
2023-11-11,P0018,S002,146,42.0,145.94126747084255,145.94126747084255,0.05873252915745297
2023-11-11,P0013,S003,83,285.0,82.78704999256394,82.78704999256394,0.21295000743606352
2023-11-11,P0008,S003,115,80.0,114.55851057274103,114.55851057274103,0.441489427258972
2023-11-11,P0007,S001,102,18.0,101.13089354834415,101.13089354834415,0.8691064516558527
2023-11-11,P0001,S001,59,234.0,59.470892674635046,59.470892674635046,-0.4708926746350457
2023-11-11,P0010,S003,198,323.0,197.64291066857544,197.64291066857544,0.3570893314245609
2023-11-11,P0009,S001,76,170.0,76.12510452640721,76.12510452640721,-0.12510452640721326
2023-11-11,P0013,S002,125,25.0,124.29265188708659,124.29265188708659,0.707348112913408
2023-11-11,P0004,S004,47,435.0,46.662479415432365,46.662479415432365,0.3375205845676348
2023-11-11,P0006,S004,414,231.0,417.4619858849698,417.4619858849698,-3.461985884969806
2023-11-11,P0002,S003,259,58.0,257.4389679778464,257.4389679778464,1.5610320221535972
2023-11-11,P0007,S002,458,44.0,453.83986569714887,453.83986569714887,4.160134302851134
2023-11-11,P0001,S002,118,172.0,118.62194121140429,118.62194121140429,-0.621941211404291
2023-11-11,P0012,S004,308,25.0,308.3870404575304,308.3870404575304,-0.3870404575304178
2023-11-11,P0011,S005,160,333.0,159.65769170531843,159.65769170531843,0.34230829468157253
2023-11-11,P0019,S005,470,285.0,469.22783010152125,469.22783010152125,0.7721698984787508
2023-11-11,P0016,S003,143,296.0,142.5946684848717,142.5946684848717,0.4053315151282959
2023-11-11,P0015,S004,301,27.0,299.99690918099583,299.99690918099583,1.0030908190041714
2023-11-11,P0012,S003,134,2.0,133.64371739195107,133.64371739195107,0.35628260804892875
2023-11-11,P0015,S001,230,72.0,229.40953209599036,229.40953209599036,0.5904679040096426
2023-11-11,P0003,S005,106,20.0,106.14109541182647,106.14109541182647,-0.14109541182646979
2023-11-11,P0006,S005,159,266.0,159.72431691778127,159.72431691778127,-0.7243169177812661
2023-11-11,P0018,S004,28,62.0,28.052192354209083,28.052192354209083,-0.05219235420908319
2023-11-11,P0006,S002,93,74.0,92.4483667616973,92.4483667616973,0.5516332383026992
2023-11-11,P0004,S001,283,40.0,281.0141294621247,281.0141294621247,1.9858705378753143
2023-11-11,P0017,S001,385,43.0,385.4539843706867,385.4539843706867,-0.4539843706867259
2023-11-11,P0014,S005,310,82.0,310.52332866654103,310.52332866654103,-0.5233286665410333
2023-11-11,P0001,S005,74,86.0,73.9848624092727,73.9848624092727,0.01513759072730636
2023-11-11,P0016,S004,87,279.0,87.19433440274747,87.19433440274747,-0.19433440274747227
2023-11-11,P0002,S002,35,73.0,34.54530059955149,34.54530059955149,0.4546994004485114
2023-11-11,P0014,S002,45,7.0,45.45045265854665,45.45045265854665,-0.4504526585466522
2023-11-11,P0020,S005,341,180.0,339.6237383893172,339.6237383893172,1.376261610682775
2023-11-11,P0014,S004,434,101.0,433.1610563900192,433.1610563900192,0.8389436099807881
2023-11-11,P0011,S004,70,148.0,70.16251622446971,70.16251622446971,-0.16251622446971226
2023-11-11,P0019,S002,271,324.0,271.47252421868103,271.47252421868103,-0.47252421868103056
2023-11-11,P0003,S001,36,25.0,35.695736766669654,35.695736766669654,0.3042632333303459
2023-11-11,P0014,S003,42,117.0,42.3212145299325,42.3212145299325,-0.32121452993249733
2023-11-11,P0017,S003,103,346.0,102.78396826284792,102.78396826284792,0.21603173715207902
2023-11-11,P0006,S001,204,167.0,203.37141845923156,203.37141845923156,0.6285815407684368
2023-11-11,P0009,S005,3,300.0,3.0721293538464973,3.0721293538464973,-0.07212935384649732
2023-11-11,P0008,S002,158,190.0,158.6226749245999,158.6226749245999,-0.6226749245998917
2023-11-11,P0020,S002,155,64.0,155.10442611839156,155.10442611839156,-0.10442611839155802
2023-11-11,P0011,S003,26,27.0,25.824506175050992,25.824506175050992,0.17549382494900811
2023-11-11,P0005,S003,50,48.0,49.97994071876914,49.97994071876914,0.020059281230857096
2023-11-11,P0010,S004,43,3.0,42.34129620948925,42.34129620948925,0.6587037905107493
2023-11-11,P0013,S001,111,203.0,110.48557498766776,110.48557498766776,0.5144250123322394
2023-11-11,P0009,S003,119,61.0,119.46345213835887,119.46345213835887,-0.4634521383588748
2023-11-11,P0012,S005,93,119.0,92.92961246818342,92.92961246818342,0.07038753181657853
2023-11-11,P0004,S005,172,117.0,171.51323886201018,171.51323886201018,0.48676113798981646
2023-11-11,P0004,S003,45,275.0,44.08903667201204,44.08903667201204,0.9109633279879574
2023-11-11,P0001,S004,59,68.0,59.56548443421077,59.56548443421077,-0.5654844342107666
2023-11-11,P0005,S005,17,128.0,16.11808093587244,16.11808093587244,0.8819190641275583
2023-11-11,P0012,S002,98,288.0,97.02552625740455,97.02552625740455,0.9744737425954497
2023-11-11,P0007,S003,129,53.0,128.99796942821183,128.99796942821183,0.002030571788168345
2023-11-11,P0001,S003,219,43.0,218.57515355297153,218.57515355297153,0.42484644702847163
2023-11-11,P0019,S001,19,42.0,19.440282770354294,19.440282770354294,-0.440282770354294
2023-11-11,P0013,S004,168,34.0,168.1499327362181,168.1499327362181,-0.14993273621809067
2023-11-11,P0016,S002,269,20.0,269.7739424416605,269.7739424416605,-0.7739424416604948
2023-11-11,P0019,S004,189,394.0,188.54046588168328,188.54046588168328,0.45953411831672497
2023-11-11,P0008,S001,83,102.0,82.86754635893423,82.86754635893423,0.13245364106576574
2023-11-11,P0015,S002,148,243.0,147.59398017207243,147.59398017207243,0.4060198279275653
2023-11-11,P0018,S005,151,87.0,151.9486826591213,151.9486826591213,-0.9486826591212889
2023-11-11,P0012,S001,130,0.0,129.158683285233,129.158683285233,0.8413167147670038
2023-11-11,P0020,S003,30,31.0,29.812814954622493,29.812814954622493,0.18718504537750746
2023-11-11,P0003,S003,34,218.0,33.99763472883573,33.99763472883573,0.002365271164272542
2023-11-11,P0005,S001,14,2.0,13.577389566129144,13.577389566129144,0.4226104338708563
2023-11-11,P0013,S005,175,194.0,174.15672942946875,174.15672942946875,0.8432705705312458
2023-11-11,P0017,S005,296,71.0,297.0866872988785,297.0866872988785,-1.0866872988784735
2023-11-11,P0015,S003,134,337.0,133.64395808277965,133.64395808277965,0.3560419172203524
2023-11-11,P0010,S005,386,296.0,388.7060147181241,388.7060147181241,-2.706014718124095
2023-11-11,P0016,S005,69,199.0,69.2146939841326,69.2146939841326,-0.21469398413259455
2023-11-11,P0007,S005,324,86.0,324.7420652528199,324.7420652528199,-0.7420652528198843
2023-11-11,P0017,S002,29,302.0,28.713430394565922,28.713430394565922,0.28656960543407806
2023-11-11,P0011,S002,12,37.0,12.045634864834923,12.045634864834923,-0.045634864834923405
2023-11-11,P0019,S003,48,136.0,48.387403203092596,48.387403203092596,-0.387403203092596
2023-11-11,P0008,S005,24,257.0,23.82589348151465,23.82589348151465,0.17410651848534897
2023-11-11,P0009,S002,68,13.0,68.83817395173081,68.83817395173081,-0.8381739517308091
2023-11-11,P0017,S004,230,313.0,229.59201379647487,229.59201379647487,0.4079862035251267
2023-11-11,P0010,S001,71,49.0,70.91152730705025,70.91152730705025,0.08847269294975035
2023-11-11,P0005,S002,255,15.0,255.4910779033682,255.4910779033682,-0.49107790336819335
2023-11-11,P0007,S004,297,320.0,298.0411086503063,298.0411086503063,-1.0411086503062847
2023-11-11,P0018,S001,64,63.0,64.6475511596099,64.6475511596099,-0.647551159609904
2023-11-11,P0011,S001,297,220.0,296.3466571308597,296.3466571308597,0.6533428691403174
2023-11-11,P0009,S004,48,417.0,47.56706200993929,47.56706200993929,0.432937990060708
2023-11-11,P0003,S002,9,142.0,8.599269190173697,8.599269190173697,0.40073080982630316
2023-11-11,P0002,S005,139,158.0,138.39317155976002,138.39317155976002,0.6068284402399797
2023-11-11,P0016,S001,90,139.0,89.67332319340491,89.67332319340491,0.32667680659508846
2023-11-11,P0020,S001,269,98.0,269.90719945190943,269.90719945190943,-0.9071994519094346
2023-11-11,P0006,S003,225,112.0,226.8048084900496,226.8048084900496,-1.804808490049595
2023-11-11,P0003,S004,99,136.0,98.61045714093194,98.61045714093194,0.3895428590680581
2023-11-11,P0018,S003,11,131.0,11.052358198595131,11.052358198595131,-0.052358198595131356
2023-11-11,P0020,S004,73,163.0,72.44012079344401,72.44012079344401,0.5598792065559905
2023-11-11,P0015,S005,324,363.0,324.33977558745926,324.33977558745926,-0.3397755874592576
2023-11-11,P0002,S004,116,63.0,115.73005721155307,115.73005721155307,0.2699427884469259
2023-11-11,P0008,S004,63,126.0,62.19925295934708,62.19925295934708,0.8007470406529222
2023-11-11,P0005,S004,113,54.0,113.5883909093843,113.5883909093843,-0.5883909093843016
2023-11-11,P0014,S001,119,350.0,118.81474965639546,118.81474965639546,0.18525034360453674
2023-11-11,P0002,S001,246,47.0,245.80786316300185,245.80786316300185,0.1921368369981451
2023-11-11,P0010,S002,90,147.0,90.0246834254465,90.0246834254465,-0.024683425446497154
2023-11-12,P0019,S003,148,48.0,148.0924721931299,148.0924721931299,-0.09247219312990751
2023-11-12,P0003,S005,299,106.0,299.76365865284345,299.76365865284345,-0.7636586528434464
2023-11-12,P0019,S005,15,470.0,14.492919934337419,14.492919934337419,0.5070800656625813
2023-11-12,P0009,S002,130,68.0,129.26469474748728,129.26469474748728,0.7353052525127168
2023-11-12,P0007,S005,272,324.0,270.85766124139064,270.85766124139064,1.1423387586093554
2023-11-12,P0002,S002,108,35.0,108.41910948199092,108.41910948199092,-0.41910948199091536
2023-11-12,P0004,S005,207,172.0,208.274330711382,208.274330711382,-1.2743307113819924
2023-11-12,P0004,S002,16,36.0,15.661275522773847,15.661275522773847,0.33872447722615284
2023-11-12,P0009,S001,73,76.0,72.77697073837436,72.77697073837436,0.22302926162564063
2023-11-12,P0007,S001,7,102.0,7.122196719196719,7.122196719196719,-0.12219671919671882
2023-11-12,P0003,S004,106,99.0,106.38242257831472,106.38242257831472,-0.38242257831471704
2023-11-12,P0003,S001,2,36.0,1.571950173349424,1.571950173349424,0.4280498266505759
2023-11-12,P0020,S002,44,155.0,43.324727492863396,43.324727492863396,0.6752725071366044
2023-11-12,P0004,S003,174,45.0,174.5986897329007,174.5986897329007,-0.5986897329007093
2023-11-12,P0006,S002,298,93.0,295.9353168658081,295.9353168658081,2.0646831341919096
2023-11-12,P0001,S002,25,118.0,25.56292459078161,25.56292459078161,-0.5629245907816092
2023-11-12,P0020,S004,92,73.0,92.24880147589592,92.24880147589592,-0.24880147589591672
2023-11-12,P0007,S004,76,297.0,76.30466358630358,76.30466358630358,-0.30466358630357604
2023-11-12,P0002,S001,43,246.0,42.83345228784933,42.83345228784933,0.16654771215066688
2023-11-12,P0006,S003,205,225.0,206.07779600322158,206.07779600322158,-1.0777960032215788
2023-11-12,P0008,S005,66,24.0,66.60251692700895,66.60251692700895,-0.6025169270089492
2023-11-12,P0005,S002,68,255.0,67.74470214545055,67.74470214545055,0.255297854549454
2023-11-12,P0005,S004,14,113.0,14.183468770099406,14.183468770099406,-0.183468770099406
2023-11-12,P0020,S001,90,269.0,90.10801478377483,90.10801478377483,-0.1080147837748342
2023-11-12,P0006,S004,37,414.0,37.30226960810488,37.30226960810488,-0.30226960810487924
2023-11-12,P0002,S004,35,116.0,35.332789122963696,35.332789122963696,-0.3327891229636961
2023-11-12,P0005,S005,284,17.0,285.34878032180137,285.34878032180137,-1.348780321801371
2023-11-12,P0003,S002,47,9.0,47.06875511419351,47.06875511419351,-0.06875511419350744
2023-11-12,P0004,S001,90,283.0,89.70239219704419,89.70239219704419,0.2976078029558096
2023-11-12,P0007,S003,296,129.0,294.1628802985646,294.1628802985646,1.8371197014354266
2023-11-12,P0002,S005,42,139.0,41.857771029957064,41.857771029957064,0.142228970042936
2023-11-12,P0019,S004,93,189.0,93.08558510990105,93.08558510990105,-0.08558510990104651
2023-11-12,P0001,S005,296,74.0,297.2733770422215,297.2733770422215,-1.2733770422215116
2023-11-12,P0008,S001,201,83.0,200.07733482827464,200.07733482827464,0.922665171725356
2023-11-12,P0001,S004,1,59.0,0.7207504553869796,0.7207504553869796,0.27924954461302043
2023-11-12,P0020,S003,285,30.0,284.01937872116446,284.01937872116446,0.9806212788355424
2023-11-12,P0008,S004,151,63.0,151.17165061715198,151.17165061715198,-0.1716506171519825
2023-11-12,P0001,S001,136,59.0,135.825769137071,135.825769137071,0.1742308629289937
2023-11-12,P0004,S004,219,47.0,219.28632740154592,219.28632740154592,-0.2863274015459183
2023-11-12,P0005,S003,302,50.0,302.5512336277358,302.5512336277358,-0.5512336277358258
2023-11-12,P0003,S003,14,34.0,13.901547601026213,13.901547601026213,0.09845239897378733
2023-11-12,P0007,S002,55,458.0,54.322179427739215,54.322179427739215,0.6778205722607851
2023-11-12,P0008,S002,24,158.0,24.345512305134136,24.345512305134136,-0.345512305134136
2023-11-12,P0005,S001,248,14.0,246.72133741727413,246.72133741727413,1.2786625827258717
2023-11-12,P0002,S003,416,259.0,411.8557613024704,411.8557613024704,4.144238697529602
2023-11-12,P0006,S001,352,204.0,350.5960205574838,350.5960205574838,1.4039794425161745
2023-11-12,P0008,S003,68,115.0,68.16659632322425,68.16659632322425,-0.16659632322425466
2023-11-12,P0001,S003,110,219.0,110.07815004015397,110.07815004015397,-0.07815004015397164
2023-11-12,P0006,S005,334,159.0,333.18192912034294,333.18192912034294,0.818070879657057
2023-11-12,P0010,S005,166,386.0,166.5710634601597,166.5710634601597,-0.5710634601597064
2023-11-12,P0014,S001,28,119.0,27.71528594788955,27.71528594788955,0.28471405211044853
2023-11-12,P0015,S004,70,301.0,70.10696993281917,70.10696993281917,-0.10696993281916889
2023-11-12,P0011,S003,88,26.0,88.3907446465431,88.3907446465431,-0.39074464654309793
2023-11-12,P0016,S005,48,69.0,47.29048269470162,47.29048269470162,0.7095173052983768
2023-11-12,P0013,S004,206,168.0,206.7949693837152,206.7949693837152,-0.7949693837151983
2023-11-12,P0016,S004,62,87.0,61.71069579519861,61.71069579519861,0.28930420480138963
2023-11-12,P0011,S004,99,70.0,98.64708746082722,98.64708746082722,0.35291253917277743
2023-11-12,P0018,S002,52,146.0,51.79969456080664,51.79969456080664,0.20030543919335742
2023-11-12,P0013,S003,426,83.0,425.0970159560718,425.0970159560718,0.9029840439281998
2023-11-12,P0019,S001,11,19.0,11.232545737651757,11.232545737651757,-0.23254573765175657
2023-11-12,P0011,S005,139,160.0,137.85960691640557,137.85960691640557,1.1403930835944323
2023-11-12,P0016,S003,127,143.0,126.69700217956157,126.69700217956157,0.30299782043843493
2023-11-12,P0012,S001,64,130.0,64.37196609227507,64.37196609227507,-0.3719660922750734
2023-11-12,P0009,S005,12,3.0,12.769818306051086,12.769818306051086,-0.7698183060510857
2023-11-12,P0018,S003,74,11.0,74.53886802132037,74.53886802132037,-0.5388680213203685
2023-11-12,P0014,S003,49,42.0,48.69656707781818,48.69656707781818,0.3034329221818197
2023-11-12,P0016,S002,107,269.0,107.23699443390208,107.23699443390208,-0.2369944339020833
2023-11-12,P0012,S002,258,98.0,258.9012916931747,258.9012916931747,-0.9012916931746986
2023-11-12,P0015,S003,454,134.0,453.9483544670817,453.9483544670817,0.05164553291831453
2023-11-12,P0012,S003,122,134.0,122.54076896703337,122.54076896703337,-0.5407689670333724
2023-11-12,P0016,S001,1,90.0,0.7426273435657552,0.7426273435657552,0.2573726564342448
2023-11-12,P0013,S001,185,111.0,186.04692162872573,186.04692162872573,-1.0469216287257268
2023-11-12,P0009,S004,11,48.0,11.691674785054087,11.691674785054087,-0.6916747850540865
2023-11-12,P0012,S004,68,308.0,67.73591044431477,67.73591044431477,0.2640895556852314
2023-11-12,P0015,S005,168,324.0,167.97291559579205,167.97291559579205,0.02708440420795455
2023-11-12,P0018,S005,23,151.0,22.775690327798873,22.775690327798873,0.22430967220112663
2023-11-12,P0012,S005,263,93.0,263.3425597155156,263.3425597155156,-0.3425597155156197
2023-11-12,P0013,S002,23,125.0,22.666410746220844,22.666410746220844,0.3335892537791558
2023-11-12,P0009,S003,18,119.0,17.48878725279718,17.48878725279718,0.5112127472028192
2023-11-12,P0015,S002,155,148.0,155.80701034894835,155.80701034894835,-0.8070103489483529
2023-11-12,P0017,S001,97,385.0,96.84403596941232,96.84403596941232,0.1559640305876826
2023-11-12,P0017,S004,199,230.0,199.04414231676867,199.04414231676867,-0.04414231676867075
2023-11-12,P0014,S005,386,310.0,386.36508842636454,386.36508842636454,-0.36508842636453664
2023-11-12,P0019,S002,8,271.0,8.79334505139564,8.79334505139564,-0.7933450513956402
2023-11-12,P0011,S002,142,12.0,141.58589652691825,141.58589652691825,0.4141034730817523
2023-11-12,P0010,S003,247,198.0,246.41699121090352,246.41699121090352,0.5830087890964819
2023-11-12,P0010,S004,16,43.0,15.722685714592622,15.722685714592622,0.27731428540737824
2023-11-12,P0017,S003,147,103.0,147.3706382678321,147.3706382678321,-0.3706382678321063
2023-11-12,P0014,S004,71,434.0,70.96679659620396,70.96679659620396,0.03320340379603692
2023-11-12,P0018,S001,264,64.0,262.27381488186984,262.27381488186984,1.7261851181301608
2023-11-12,P0020,S005,421,341.0,420.0231763378862,420.0231763378862,0.9768236621138158
2023-11-12,P0014,S002,65,45.0,64.68453660060345,64.68453660060345,0.315463399396549
2023-11-12,P0017,S005,5,296.0,5.355853462850211,5.355853462850211,-0.35585346285021124
2023-11-12,P0017,S002,233,29.0,234.02796467207978,234.02796467207978,-1.0279646720797757
2023-11-12,P0015,S001,198,230.0,198.15132070014653,198.15132070014653,-0.15132070014652754
2023-11-12,P0011,S001,0,297.0,0.0,0.0,0.0
2023-11-12,P0013,S005,136,175.0,136.2869074333409,136.2869074333409,-0.2869074333409003
2023-11-12,P0010,S001,173,71.0,172.6007587585194,172.6007587585194,0.3992412414806097
2023-11-12,P0010,S002,428,90.0,429.96128322726844,429.96128322726844,-1.9612832272684386
2023-11-12,P0018,S004,58,28.0,57.62088557758852,57.62088557758852,0.3791144224114831
2023-11-13,P0013,S001,20,185.0,19.972144935016072,19.972144935016072,0.0278550649839282
2023-11-13,P0005,S005,84,284.0,83.5722778409119,83.5722778409119,0.4277221590881055
2023-11-13,P0004,S004,85,219.0,84.81134305857611,84.81134305857611,0.18865694142388634
2023-11-13,P0014,S002,110,65.0,109.9968110790169,109.9968110790169,0.0031889209831064136
2023-11-13,P0014,S001,30,28.0,29.80430785504836,29.80430785504836,0.19569214495163934
2023-11-13,P0004,S005,380,207.0,379.5609305190543,379.5609305190543,0.4390694809457045
2023-11-13,P0013,S002,201,23.0,202.3376505032269,202.3376505032269,-1.3376505032269108
2023-11-13,P0020,S001,50,90.0,50.456454265104924,50.456454265104924,-0.4564542651049237
2023-11-13,P0005,S004,178,14.0,177.2627341884748,177.2627341884748,0.7372658115251909
2023-11-13,P0009,S001,39,73.0,39.022370028827154,39.022370028827154,-0.022370028827154442
2023-11-13,P0013,S003,319,426.0,317.83386123714024,317.83386123714024,1.1661387628597595
2023-11-13,P0005,S001,151,248.0,151.27751259434987,151.27751259434987,-0.2775125943498722
2023-11-13,P0013,S005,27,136.0,27.048440419492792,27.048440419492792,-0.048440419492791875
2023-11-13,P0005,S003,2,302.0,1.8383019296463006,1.8383019296463006,0.16169807035369943
2023-11-13,P0005,S002,128,68.0,127.23307809049274,127.23307809049274,0.7669219095072606
2023-11-13,P0013,S004,79,206.0,78.30617712557768,78.30617712557768,0.6938228744223238
2023-11-13,P0018,S004,433,58.0,432.89500303349615,432.89500303349615,0.10499696650384749
2023-11-13,P0018,S005,246,23.0,245.88711799919662,245.88711799919662,0.11288200080338129
2023-11-13,P0006,S005,368,334.0,369.27150724576234,369.27150724576234,-1.2715072457623364
2023-11-13,P0009,S002,61,130.0,61.68094854283452,61.68094854283452,-0.6809485428345212
2023-11-13,P0007,S005,152,272.0,151.74159235091452,151.74159235091452,0.2584076490854841
2023-11-13,P0011,S001,55,0.0,55.12469621647707,55.12469621647707,-0.1246962164770693
2023-11-13,P0008,S001,93,201.0,93.08558510990105,93.08558510990105,-0.08558510990104651
2023-11-13,P0019,S004,348,93.0,347.5862364276491,347.5862364276491,0.4137635723508879
2023-11-13,P0010,S005,130,166.0,129.53138717730874,129.53138717730874,0.4686128226912558
2023-11-13,P0010,S004,135,16.0,135.45654225082208,135.45654225082208,-0.456542250822082
2023-11-13,P0020,S005,65,421.0,65.64617394189194,65.64617394189194,-0.646173941891945
2023-11-13,P0019,S002,116,8.0,116.43349362314213,116.43349362314213,-0.4334936231421267
2023-11-13,P0008,S002,224,24.0,225.39171349561795,225.39171349561795,-1.3917134956179495
2023-11-13,P0008,S003,250,68.0,248.84417117734125,248.84417117734125,1.1558288226587479
2023-11-13,P0010,S003,146,247.0,145.48790296159208,145.48790296159208,0.5120970384079158
2023-11-13,P0008,S004,267,151.0,266.5279057692796,266.5279057692796,0.47209423072041545
2023-11-13,P0010,S002,296,428.0,294.8660621121914,294.8660621121914,1.1339378878085995
2023-11-13,P0008,S005,5,66.0,5.49388151138738,5.49388151138738,-0.49388151138737957
2023-11-13,P0010,S001,96,173.0,96.46423059782629,96.46423059782629,-0.46423059782628684
2023-11-13,P0011,S002,21,142.0,20.717435037987492,20.717435037987492,0.2825649620125077
2023-11-13,P0006,S001,104,352.0,104.64094215670316,104.64094215670316,-0.6409421567031615
2023-11-13,P0009,S005,270,12.0,269.6193622812789,269.6193622812789,0.3806377187211183
2023-11-13,P0011,S003,96,88.0,95.9095868126862,95.9095868126862,0.09041318731379988
2023-11-13,P0012,S005,118,263.0,117.64938632388746,117.64938632388746,0.3506136761125447
2023-11-13,P0006,S002,283,298.0,282.2810047806794,282.2810047806794,0.7189952193206182
2023-11-13,P0012,S004,166,68.0,164.97138196082744,164.97138196082744,1.0286180391725566
2023-11-13,P0006,S003,109,205.0,109.3135481645139,109.3135481645139,-0.31354816451390377
2023-11-13,P0012,S003,108,122.0,108.06609965265152,108.06609965265152,-0.0660996526515163
2023-11-13,P0006,S004,33,37.0,32.88040766047862,32.88040766047862,0.11959233952138248
2023-11-13,P0012,S002,45,258.0,45.4085889681229,45.4085889681229,-0.40858896812289913
2023-11-13,P0019,S005,53,15.0,53.40781317208457,53.40781317208457,-0.40781317208457324
2023-11-13,P0012,S001,299,64.0,300.60913548763864,300.60913548763864,-1.609135487638639
2023-11-13,P0011,S005,242,139.0,241.67753187538295,241.67753187538295,0.3224681246170462
2023-11-13,P0019,S001,333,11.0,334.48380408476635,334.48380408476635,-1.4838040847663478
2023-11-13,P0007,S001,301,7.0,301.99756050194446,301.99756050194446,-0.9975605019444629
2023-11-13,P0007,S002,6,55.0,6.420617039225986,6.420617039225986,-0.42061703922598603
2023-11-13,P0011,S004,146,99.0,144.97954472925184,144.97954472925184,1.0204552707481582
2023-11-13,P0007,S003,141,296.0,140.073999857397,140.073999857397,0.9260001426029874
2023-11-13,P0007,S004,50,76.0,49.56607909651753,49.56607909651753,0.43392090348247336
2023-11-13,P0014,S003,26,49.0,25.8541933017528,25.8541933017528,0.14580669824719905
2023-11-13,P0009,S003,0,18.0,0.0,0.0,0.0
2023-11-13,P0020,S002,254,44.0,255.1283168905497,255.1283168905497,-1.128316890549712
2023-11-13,P0017,S003,141,147.0,141.80040331348394,141.80040331348394,-0.8004033134839403
2023-11-13,P0018,S003,108,74.0,108.5207998526869,108.5207998526869,-0.5207998526869062
2023-11-13,P0001,S004,320,1.0,318.1324709645503,318.1324709645503,1.8675290354497065
2023-11-13,P0019,S003,73,148.0,73.0839219068596,73.0839219068596,-0.08392190685960088
2023-11-13,P0003,S003,179,14.0,179.77314445689203,179.77314445689203,-0.7731444568920267
2023-11-13,P0015,S003,68,454.0,67.69222918998503,67.69222918998503,0.3077708100149721
2023-11-13,P0015,S004,148,70.0,147.61048452363724,147.61048452363724,0.3895154763627602
2023-11-13,P0017,S002,6,233.0,6.329203139006966,6.329203139006966,-0.32920313900696563
2023-11-13,P0001,S005,122,296.0,121.78228462323804,121.78228462323804,0.21771537676195862
2023-11-13,P0020,S003,84,285.0,84.431370825085,84.431370825085,-0.431370825084997
2023-11-13,P0003,S002,40,47.0,39.72323480831705,39.72323480831705,0.2767651916829479
2023-11-13,P0015,S005,228,168.0,228.66255023759854,228.66255023759854,-0.6625502375985377
2023-11-13,P0017,S001,13,97.0,11.543969386784395,11.543969386784395,1.4560306132156047
2023-11-13,P0002,S001,38,43.0,37.57258881393917,37.57258881393917,0.42741118606083006
2023-11-13,P0003,S001,62,2.0,62.68387518747965,62.68387518747965,-0.68387518747965
2023-11-13,P0016,S001,369,1.0,368.58114536920647,368.58114536920647,0.4188546307935326
2023-11-13,P0020,S004,386,92.0,390.0597324409724,390.0597324409724,-4.059732440972425
2023-11-13,P0002,S005,109,42.0,108.66463606969295,108.66463606969295,0.3353639303070537
2023-11-13,P0016,S002,94,107.0,94.24207828497107,94.24207828497107,-0.24207828497107187
2023-11-13,P0016,S005,63,48.0,62.39786171898521,62.39786171898521,0.6021382810147884
2023-11-13,P0016,S004,18,62.0,17.613225865948234,17.613225865948234,0.3867741340517661
2023-11-13,P0002,S004,80,35.0,80.04716398874248,80.04716398874248,-0.04716398874248284
2023-11-13,P0002,S002,69,108.0,69.43421348696336,69.43421348696336,-0.43421348696335826
2023-11-13,P0016,S003,76,127.0,75.27043666421872,75.27043666421872,0.729563335781279
2023-11-13,P0002,S003,33,416.0,33.761387799009825,33.761387799009825,-0.7613877990098246
2023-11-13,P0003,S004,343,106.0,340.79770204410084,340.79770204410084,2.202297955899155
2023-11-13,P0001,S003,103,110.0,102.2757020113334,102.2757020113334,0.7242979886666063
2023-11-13,P0009,S004,159,11.0,159.4046585532643,159.4046585532643,-0.4046585532643121
2023-11-13,P0017,S004,155,199.0,155.04200549312748,155.04200549312748,-0.04200549312747626
2023-11-13,P0017,S005,298,5.0,298.0578468282965,298.0578468282965,-0.05784682829647636
2023-11-13,P0004,S003,261,174.0,260.05583765553166,260.05583765553166,0.9441623444683387
2023-11-13,P0014,S004,56,71.0,55.32408105133438,55.32408105133438,0.6759189486656183
2023-11-13,P0001,S001,24,136.0,24.640338381803826,24.640338381803826,-0.6403383818038257
2023-11-13,P0018,S001,2,264.0,1.6922042378872961,1.6922042378872961,0.3077957621127039
2023-11-13,P0004,S002,55,16.0,54.56892998888311,54.56892998888311,0.43107001111688703
2023-11-13,P0014,S005,266,386.0,267.0523907825954,267.0523907825954,-1.0523907825954097
2023-11-13,P0001,S002,66,25.0,66.31264795599795,66.31264795599795,-0.3126479559979458
2023-11-13,P0004,S001,9,90.0,9.34394975372126,9.34394975372126,-0.3439497537212599
2023-11-13,P0015,S001,33,198.0,33.471742183236884,33.471742183236884,-0.4717421832368842
2023-11-13,P0018,S002,68,52.0,67.25167203087643,67.25167203087643,0.7483279691235651
2023-11-13,P0003,S005,165,299.0,164.66939539104249,164.66939539104249,0.33060460895751476
2023-11-13,P0015,S002,27,155.0,27.221678579705262,27.221678579705262,-0.22167857970526228
2023-11-14,P0017,S002,113,6.0,113.16880479668546,113.16880479668546,-0.168804796685464
2023-11-14,P0007,S004,11,50.0,12.21915477582397,12.21915477582397,-1.21915477582397
2023-11-14,P0016,S005,77,63.0,77.16935805309954,77.16935805309954,-0.16935805309954333
2023-11-14,P0001,S001,56,24.0,56.16878352835956,56.16878352835956,-0.16878352835956179
2023-11-14,P0008,S005,211,5.0,211.75002335448582,211.75002335448582,-0.750023354485819
2023-11-14,P0016,S004,184,18.0,183.57853817570967,183.57853817570967,0.42146182429033274
2023-11-14,P0020,S004,283,386.0,281.3769201502413,281.3769201502413,1.6230798497587102
2023-11-14,P0011,S003,200,96.0,200.34241338710015,200.34241338710015,-0.34241338710015157
2023-11-14,P0008,S002,197,224.0,197.33691145682963,197.33691145682963,-0.3369114568296254
2023-11-14,P0017,S003,49,141.0,48.63899845770135,48.63899845770135,0.3610015422986521
2023-11-14,P0010,S001,116,96.0,116.49391064659544,116.49391064659544,-0.49391064659543815
2023-11-14,P0001,S003,71,103.0,71.39555481925002,71.39555481925002,-0.3955548192500231
2023-11-14,P0002,S002,204,69.0,204.39979940578783,204.39979940578783,-0.3997994057878316
2023-11-14,P0011,S004,290,146.0,290.13418905063105,290.13418905063105,-0.13418905063105058
2023-11-14,P0017,S005,201,298.0,199.85265291874475,199.85265291874475,1.1473470812552478
2023-11-14,P0007,S003,421,141.0,418.7197037338683,418.7197037338683,2.2802962661316997
2023-11-14,P0010,S003,24,146.0,24.146566402981776,24.146566402981776,-0.14656640298177592
2023-11-14,P0017,S004,191,155.0,190.5314353902943,190.5314353902943,0.4685646097057088
2023-11-14,P0011,S002,256,21.0,256.190267145791,256.190267145791,-0.19026714579098325
2023-11-14,P0010,S005,17,130.0,16.234387159033627,16.234387159033627,0.7656128409663729
2023-11-14,P0007,S002,72,6.0,73.12265660496297,73.12265660496297,-1.1226566049629696
2023-11-14,P0008,S003,322,250.0,323.12471801809534,323.12471801809534,-1.1247180180953364
2023-11-14,P0019,S004,29,348.0,28.405316168926458,28.405316168926458,0.5946838310735423
2023-11-14,P0008,S001,59,93.0,59.029213193909904,59.029213193909904,-0.029213193909903623
2023-11-14,P0001,S002,108,66.0,108.11047132093572,108.11047132093572,-0.11047132093571577
2023-11-14,P0001,S004,186,320.0,185.41995844398542,185.41995844398542,0.580041556014578
2023-11-14,P0010,S002,214,296.0,214.19058152072907,214.19058152072907,-0.19058152072906864
2023-11-14,P0001,S005,187,122.0,187.89966837328032,187.89966837328032,-0.8996683732803206
2023-11-14,P0020,S005,417,65.0,416.7480898881033,416.7480898881033,0.25191011189667734
2023-11-14,P0011,S001,7,55.0,7.034726273096877,7.034726273096877,-0.0347262730968767
2023-11-14,P0007,S005,84,152.0,84.1001443762235,84.1001443762235,-0.10014437622349703
2023-11-14,P0019,S002,137,116.0,137.05744757295165,137.05744757295165,-0.05744757295164504
2023-11-14,P0010,S004,58,135.0,58.176380366801226,58.176380366801226,-0.17638036680122582
2023-11-14,P0008,S004,118,267.0,118.58131868123807,118.58131868123807,-0.5813186812380735
2023-11-14,P0002,S001,345,38.0,344.87239565846517,344.87239565846517,0.12760434153483402
2023-11-14,P0017,S001,95,13.0,95.28560723794969,95.28560723794969,-0.2856072379496908
2023-11-14,P0018,S001,112,2.0,111.93297002660763,111.93297002660763,0.0670299733923656
2023-11-14,P0019,S005,35,53.0,36.22707495728652,36.22707495728652,-1.2270749572865185
2023-11-14,P0018,S002,1,68.0,0.5496487733501717,0.5496487733501717,0.4503512266498283
2023-11-14,P0013,S002,7,201.0,6.771364162793334,6.771364162793334,0.22863583720666636
2023-11-14,P0020,S001,104,50.0,103.736445522241,103.736445522241,0.2635544777590013
2023-11-14,P0005,S004,63,178.0,62.754709265284426,62.754709265284426,0.2452907347155744
2023-11-14,P0018,S003,177,108.0,176.8822260548073,176.8822260548073,0.11777394519270956
2023-11-14,P0003,S004,28,343.0,28.599389821593785,28.599389821593785,-0.5993898215937854
2023-11-14,P0013,S003,185,319.0,184.48075870604447,184.48075870604447,0.5192412939555311
2023-11-14,P0005,S003,133,2.0,133.17705857164086,133.17705857164086,-0.17705857164085614
2023-11-14,P0015,S002,173,27.0,172.67515640455622,172.67515640455622,0.32484359544378094
2023-11-14,P0013,S004,69,79.0,68.91848110488382,68.91848110488382,0.08151889511617583
2023-11-14,P0003,S005,123,165.0,122.64054317259203,122.64054317259203,0.3594568274079677
2023-11-14,P0015,S001,0,33.0,0.0,0.0,0.0
2023-11-14,P0003,S003,315,179.0,315.51358098620096,315.51358098620096,-0.5135809862009637
2023-11-14,P0013,S005,112,27.0,112.42421645910376,112.42421645910376,-0.4242164591037607
2023-11-14,P0004,S001,28,9.0,28.947051566296203,28.947051566296203,-0.9470515662962029
2023-11-14,P0014,S005,48,266.0,48.26616141632487,48.26616141632487,-0.26616141632487
2023-11-14,P0014,S001,425,30.0,427.1237233208634,427.1237233208634,-2.123723320863405
2023-11-14,P0004,S005,46,380.0,45.934577892150024,45.934577892150024,0.06542210784997593
2023-11-14,P0018,S004,16,433.0,16.228920571192276,16.228920571192276,-0.22892057119227616
2023-11-14,P0004,S002,411,55.0,409.1954487588064,409.1954487588064,1.8045512411936215
2023-11-14,P0014,S004,35,56.0,35.801285781798114,35.801285781798114,-0.8012857817981143
2023-11-14,P0004,S004,274,85.0,274.66337909233266,274.66337909233266,-0.6633790923326615
2023-11-14,P0004,S003,202,261.0,201.2603818980631,201.2603818980631,0.7396181019369124
2023-11-14,P0014,S002,85,110.0,84.96660944085791,84.96660944085791,0.03339055914209155
2023-11-14,P0020,S002,439,254.0,437.1445910939828,437.1445910939828,1.8554089060172032
2023-11-14,P0005,S001,55,151.0,54.98277439140131,54.98277439140131,0.017225608598693043
2023-11-14,P0013,S001,234,20.0,234.43181496377602,234.43181496377602,-0.43181496377602
2023-11-14,P0005,S005,38,84.0,37.307223250162444,37.307223250162444,0.6927767498375559
2023-11-14,P0015,S003,232,68.0,232.1752753411346,232.1752753411346,-0.17527534113460774
2023-11-14,P0019,S001,10,333.0,9.704348440431804,9.704348440431804,0.29565155956819567
2023-11-14,P0002,S003,226,33.0,225.51173370864453,225.51173370864453,0.4882662913554725
2023-11-14,P0016,S003,36,76.0,35.24589349865255,35.24589349865255,0.7541065013474508
2023-11-14,P0011,S005,3,242.0,2.854556386991647,2.854556386991647,0.14544361300835318
2023-11-14,P0002,S004,1,80.0,0.7968887174769006,0.7968887174769006,0.2031112825230994
2023-11-14,P0012,S001,144,299.0,144.53995684307614,144.53995684307614,-0.5399568430761406
2023-11-14,P0016,S002,344,94.0,342.93018729221296,342.93018729221296,1.0698127077870367
2023-11-14,P0014,S003,384,26.0,386.66787923374164,386.66787923374164,-2.667879233741644
2023-11-14,P0006,S005,40,368.0,40.09236893722067,40.09236893722067,-0.09236893722066952
2023-11-14,P0002,S005,96,109.0,96.45746128918486,96.45746128918486,-0.45746128918486306
2023-11-14,P0012,S002,86,45.0,86.50001248920712,86.50001248920712,-0.5000124892071227
2023-11-14,P0006,S004,101,33.0,100.85318642883568,100.85318642883568,0.1468135711643157
2023-11-14,P0016,S001,19,369.0,19.01305004507312,19.01305004507312,-0.013050045073118355
2023-11-14,P0012,S003,172,108.0,171.52156778251668,171.52156778251668,0.47843221748331644
2023-11-14,P0006,S003,89,109.0,88.53466079521658,88.53466079521658,0.46533920478341884
2023-11-14,P0003,S001,9,62.0,10.105255121756205,10.105255121756205,-1.1052551217562048
2023-11-14,P0015,S005,350,228.0,348.84401019346234,348.84401019346234,1.1559898065376615
2023-11-14,P0012,S004,85,166.0,83.89756377941967,83.89756377941967,1.10243622058033
2023-11-14,P0006,S002,15,283.0,14.847074825802693,14.847074825802693,0.152925174197307
2023-11-14,P0003,S002,5,40.0,5.470872680078688,5.470872680078688,-0.47087268007868843
2023-11-14,P0020,S003,106,84.0,105.71835971942872,105.71835971942872,0.2816402805712812
2023-11-14,P0012,S005,56,118.0,56.02550934060752,56.02550934060752,-0.025509340607520414
2023-11-14,P0006,S001,171,104.0,170.6920940448542,170.6920940448542,0.30790595514579877
2023-11-14,P0015,S004,54,148.0,54.142168081513084,54.142168081513084,-0.14216808151308413
2023-11-14,P0018,S005,215,246.0,213.8812992485436,213.8812992485436,1.1187007514564016
2023-11-14,P0007,S001,17,301.0,17.423178453639483,17.423178453639483,-0.42317845363948337
2023-11-14,P0009,S001,49,39.0,49.049700267062995,49.049700267062995,-0.04970026706299535
2023-11-14,P0005,S002,34,128.0,34.07384093339608,34.07384093339608,-0.07384093339607745
2023-11-14,P0009,S003,254,0.0,253.15085071039508,253.15085071039508,0.8491492896049238
2023-11-14,P0019,S003,76,73.0,76.49714671716117,76.49714671716117,-0.4971467171611721
2023-11-14,P0009,S005,346,270.0,345.7301956619369,345.7301956619369,0.26980433806312476
2023-11-14,P0009,S002,48,61.0,48.505148094356265,48.505148094356265,-0.5051480943562652
2023-11-14,P0009,S004,228,159.0,228.7027266969265,228.7027266969265,-0.7027266969265042
2023-11-15,P0005,S005,227,38.0,226.9874939444395,226.9874939444395,0.012506055560493223
2023-11-15,P0010,S004,75,58.0,75.05716064127695,75.05716064127695,-0.057160641276951196
2023-11-15,P0020,S003,98,106.0,98.50476965262024,98.50476965262024,-0.5047696526202401
2023-11-15,P0010,S005,115,17.0,115.71748442120015,115.71748442120015,-0.7174844212001545
2023-11-15,P0019,S004,106,29.0,106.44401764771786,106.44401764771786,-0.4440176477178568
2023-11-15,P0018,S001,102,112.0,102.2757020113334,102.2757020113334,-0.27570201133339367
2023-11-15,P0006,S002,63,15.0,63.23751516065407,63.23751516065407,-0.23751516065406975
2023-11-15,P0014,S005,110,48.0,108.86514259976649,108.86514259976649,1.1348574002335141
2023-11-15,P0007,S005,404,84.0,401.35575480111527,401.35575480111527,2.6442451988847324
2023-11-15,P0001,S001,55,56.0,55.19666464105033,55.19666464105033,-0.196664641050333
2023-11-15,P0004,S002,194,411.0,193.914396357285,193.914396357285,0.0856036427150002
2023-11-15,P0008,S005,61,211.0,60.63831433842525,60.63831433842525,0.3616856615747466
2023-11-15,P0009,S003,131,254.0,130.7603999533914,130.7603999533914,0.23960004660858658
2023-11-15,P0012,S004,53,85.0,53.162099209614986,53.162099209614986,-0.16209920961498625
2023-11-15,P0007,S003,267,421.0,268.2664750074239,268.2664750074239,-1.2664750074238782
2023-11-15,P0003,S004,34,28.0,33.88232928363108,33.88232928363108,0.11767071636892013
2023-11-15,P0018,S004,209,16.0,209.7378583869777,209.7378583869777,-0.737858386977706
2023-11-15,P0007,S001,148,17.0,147.37036828058598,147.37036828058598,0.6296317194140215
2023-11-15,P0002,S004,220,1.0,219.58187408025242,219.58187408025242,0.41812591974758107
2023-11-15,P0012,S002,99,86.0,98.51863616280211,98.51863616280211,0.48136383719788967
2023-11-15,P0013,S001,179,234.0,179.1839271340414,179.1839271340414,-0.18392713404139727
2023-11-15,P0011,S005,340,3.0,338.50732268793035,338.50732268793035,1.4926773120696453
2023-11-15,P0019,S001,145,10.0,145.41682989314677,145.41682989314677,-0.4168298931467689
2023-11-15,P0017,S005,25,201.0,25.48596523829567,25.48596523829567,-0.4859652382956696
2023-11-15,P0008,S003,275,322.0,276.2220884800812,276.2220884800812,-1.2220884800811973
2023-11-15,P0017,S004,44,191.0,43.558117001650466,43.558117001650466,0.44188299834953426
2023-11-15,P0011,S002,110,256.0,109.95740632447983,109.95740632447983,0.04259367552016613
2023-11-15,P0009,S005,67,346.0,66.9562365126388,66.9562365126388,0.043763487361204056
2023-11-15,P0006,S005,29,40.0,29.542896623403166,29.542896623403166,-0.5428966234031662
2023-11-15,P0015,S004,252,54.0,253.01270169379873,253.01270169379873,-1.012701693798732
2023-11-15,P0018,S002,354,1.0,353.9601334467783,353.9601334467783,0.03986655322171373
2023-11-15,P0020,S004,48,283.0,47.61246723474298,47.61246723474298,0.38753276525702063
2023-11-15,P0005,S003,178,133.0,177.2306383509722,177.2306383509722,0.7693616490277861
2023-11-15,P0010,S003,45,24.0,45.07707688594096,45.07707688594096,-0.0770768859409614
2023-11-15,P0006,S001,14,171.0,13.251375529533759,13.251375529533759,0.7486244704662415
2023-11-15,P0009,S002,81,48.0,80.7997190513314,80.7997190513314,0.20028094866860613
2023-11-15,P0008,S001,176,59.0,176.26392301855213,176.26392301855213,-0.2639230185521342
2023-11-15,P0008,S004,159,118.0,158.09120619363645,158.09120619363645,0.9087938063635477
2023-11-15,P0002,S005,92,96.0,91.21731269504511,91.21731269504511,0.7826873049548908
2023-11-15,P0016,S002,118,344.0,117.61572511927953,117.61572511927953,0.38427488072046856
2023-11-15,P0013,S005,268,112.0,268.24358869043914,268.24358869043914,-0.24358869043913955
2023-11-15,P0001,S003,228,71.0,228.77791048205248,228.77791048205248,-0.7779104820524765
2023-11-15,P0004,S003,12,202.0,12.043530079863094,12.043530079863094,-0.04353007986309443
2023-11-15,P0001,S002,143,108.0,143.70349446587892,143.70349446587892,-0.7034944658789186
2023-11-15,P0014,S004,55,35.0,54.493933447127716,54.493933447127716,0.5060665528722836
2023-11-15,P0015,S002,217,173.0,218.11850518629095,218.11850518629095,-1.118505186290946
2023-11-15,P0005,S002,127,34.0,126.3182405297903,126.3182405297903,0.6817594702096983
2023-11-15,P0018,S005,204,215.0,204.1809156803378,204.1809156803378,-0.18091568033779026
2023-11-15,P0019,S005,44,35.0,44.275783579028996,44.275783579028996,-0.275783579028996
2023-11-15,P0006,S004,224,101.0,224.93140146105654,224.93140146105654,-0.931401461056538
2023-11-15,P0013,S004,62,69.0,61.04534844654138,61.04534844654138,0.9546515534586177
2023-11-15,P0012,S003,193,172.0,193.57006174374283,193.57006174374283,-0.5700617437428264
2023-11-15,P0012,S001,6,144.0,6.141399680438928,6.141399680438928,-0.14139968043892814
2023-11-15,P0012,S005,83,56.0,82.8185633028136,82.8185633028136,0.181436697186399
2023-11-15,P0016,S001,42,19.0,42.76264829265389,42.76264829265389,-0.7626482926538927
2023-11-15,P0020,S005,181,417.0,181.71148930298884,181.71148930298884,-0.7114893029888378
2023-11-15,P0016,S003,193,36.0,192.31505378322026,192.31505378322026,0.6849462167797356
2023-11-15,P0003,S002,144,5.0,143.8999008998823,143.8999008998823,0.10009910011768852
2023-11-15,P0010,S002,58,214.0,58.17110263795399,58.17110263795399,-0.17110263795399305
2023-11-15,P0004,S004,89,274.0,89.63746652271531,89.63746652271531,-0.6374665227153145
2023-11-15,P0014,S002,259,85.0,259.6398592452386,259.6398592452386,-0.6398592452385969
2023-11-15,P0003,S001,135,9.0,135.49676236271762,135.49676236271762,-0.4967623627176181
2023-11-15,P0016,S005,10,77.0,11.052678325438553,11.052678325438553,-1.0526783254385528
2023-11-15,P0011,S001,46,7.0,45.958194390423515,45.958194390423515,0.04180560957648538
2023-11-15,P0015,S005,33,350.0,32.30717288140508,32.30717288140508,0.69282711859492
2023-11-15,P0013,S003,84,185.0,84.34390373422258,84.34390373422258,-0.3439037342225788
2023-11-15,P0014,S003,27,384.0,27.767531562558844,27.767531562558844,-0.7675315625588439
2023-11-15,P0002,S001,362,345.0,361.3078447939092,361.3078447939092,0.6921552060907743
2023-11-15,P0004,S001,32,28.0,31.677260121078113,31.677260121078113,0.3227398789218867
2023-11-15,P0018,S003,49,177.0,49.199493398231866,49.199493398231866,-0.19949339823186563
2023-11-15,P0015,S003,58,232.0,58.3898351603177,58.3898351603177,-0.38983516031770193
2023-11-15,P0019,S003,38,76.0,38.53411543638827,38.53411543638827,-0.5341154363882694
2023-11-15,P0008,S002,85,197.0,84.57835365751012,84.57835365751012,0.4216463424898791
2023-11-15,P0015,S001,76,0.0,76.72970037478727,76.72970037478727,-0.7297003747872708
2023-11-15,P0017,S001,192,95.0,191.5302281740768,191.5302281740768,0.4697718259232033
2023-11-15,P0004,S005,258,46.0,258.9674690636393,258.9674690636393,-0.9674690636393279
2023-11-15,P0006,S003,151,89.0,152.20109728784365,152.20109728784365,-1.2010972878436519
2023-11-15,P0016,S004,263,184.0,261.0884006125419,261.0884006125419,1.911599387458125
2023-11-15,P0007,S002,437,72.0,435.89546619723956,435.89546619723956,1.104533802760443
2023-11-15,P0003,S003,118,315.0,117.27416256769709,117.27416256769709,0.7258374323029102
2023-11-15,P0020,S002,270,439.0,271.4248779204333,271.4248779204333,-1.424877920433289
2023-11-15,P0020,S001,94,104.0,93.9976103183748,93.9976103183748,0.002389681625203366
2023-11-15,P0011,S004,10,290.0,10.483085068860149,10.483085068860149,-0.4830850688601487
2023-11-15,P0002,S003,71,226.0,71.09819937392297,71.09819937392297,-0.09819937392296652
2023-11-15,P0005,S004,99,63.0,99.45484621457682,99.45484621457682,-0.4548462145768184
2023-11-15,P0011,S003,326,200.0,328.22880036319407,328.22880036319407,-2.2288003631940683
2023-11-15,P0017,S003,259,49.0,258.4114792646759,258.4114792646759,0.5885207353240958
2023-11-15,P0013,S002,243,7.0,242.208244707492,242.208244707492,0.791755292507986
2023-11-15,P0009,S004,128,228.0,127.55421814634407,127.55421814634407,0.44578185365593015
2023-11-15,P0009,S001,281,49.0,280.4318225852522,280.4318225852522,0.5681774147478222
2023-11-15,P0001,S005,17,187.0,17.42093928044795,17.42093928044795,-0.4209392804479499
2023-11-15,P0010,S001,7,116.0,7.368752771044281,7.368752771044281,-0.3687527710442806
2023-11-15,P0007,S004,68,11.0,68.58022006495862,68.58022006495862,-0.580220064958624
2023-11-15,P0003,S005,296,123.0,297.589403412349,297.589403412349,-1.589403412348986
2023-11-15,P0001,S004,96,186.0,95.6931209124568,95.6931209124568,0.3068790875431944
2023-11-15,P0014,S001,115,425.0,114.99703793665154,114.99703793665154,0.002962063348462607
2023-11-15,P0005,S001,392,55.0,393.1607914415431,393.1607914415431,-1.1607914415430969
2023-11-15,P0019,S002,105,137.0,105.14381532195303,105.14381532195303,-0.14381532195302782
2023-11-15,P0017,S002,183,113.0,183.37944029292112,183.37944029292112,-0.37944029292111736
2023-11-15,P0002,S002,236,204.0,237.5016467956239,237.5016467956239,-1.5016467956239126
2023-11-16,P0001,S003,172,228.0,172.59326791582427,172.59326791582427,-0.5932679158242706
2023-11-16,P0014,S002,263,259.0,263.35005454944985,263.35005454944985,-0.35005454944985104
2023-11-16,P0002,S003,5,71.0,4.872363440732282,4.872363440732282,0.12763655926771822
2023-11-16,P0019,S004,135,106.0,134.753854082126,134.753854082126,0.24614591787400286
2023-11-16,P0020,S001,32,94.0,31.467616387283506,31.467616387283506,0.5323836127164938
2023-11-16,P0004,S004,180,89.0,179.28525024719823,179.28525024719823,0.7147497528017652
2023-11-16,P0010,S002,1,58.0,1.3453856297407993,1.3453856297407993,-0.34538562974079934
2023-11-16,P0015,S005,166,33.0,165.64932871929813,165.64932871929813,0.35067128070187437
2023-11-16,P0016,S004,149,263.0,149.98020413023966,149.98020413023966,-0.980204130239656
2023-11-16,P0010,S003,245,45.0,245.71190979450574,245.71190979450574,-0.7119097945057433
2023-11-16,P0011,S003,65,326.0,65.6176966224125,65.6176966224125,-0.6176966224124953
2023-11-16,P0003,S002,190,144.0,190.9755322565197,190.9755322565197,-0.9755322565196991
2023-11-16,P0002,S005,19,92.0,18.028783456890114,18.028783456890114,0.971216543109886
2023-11-16,P0012,S005,115,83.0,114.45127227617685,114.45127227617685,0.5487277238231485
2023-11-16,P0008,S004,215,159.0,213.29104985226533,213.29104985226533,1.7089501477346687
2023-11-16,P0017,S003,396,259.0,392.5237936737645,392.5237936737645,3.4762063262355127
2023-11-16,P0006,S005,18,29.0,18.445910833710645,18.445910833710645,-0.445910833710645
2023-11-16,P0012,S001,67,6.0,67.56609489702515,67.56609489702515,-0.5660948970251525
2023-11-16,P0003,S005,244,296.0,244.96606478982613,244.96606478982613,-0.9660647898261345
2023-11-16,P0003,S001,27,135.0,26.89806822130307,26.89806822130307,0.1019317786969296
2023-11-16,P0011,S001,35,46.0,35.34006961152494,35.34006961152494,-0.34006961152493886
2023-11-16,P0016,S005,145,10.0,144.58349202022575,144.58349202022575,0.41650797977425214
2023-11-16,P0009,S001,39,281.0,39.52844456177849,39.52844456177849,-0.5284445617784925
2023-11-16,P0013,S005,45,268.0,44.87972642812141,44.87972642812141,0.12027357187859167
2023-11-16,P0001,S002,22,143.0,22.22849958025768,22.22849958025768,-0.22849958025767947
2023-11-16,P0004,S003,32,12.0,31.227255543757888,31.227255543757888,0.772744456242112
2023-11-16,P0018,S003,121,49.0,120.94724755507592,120.94724755507592,0.05275244492408149
2023-11-16,P0017,S002,130,183.0,129.06572704710044,129.06572704710044,0.9342729528995619
2023-11-16,P0014,S004,91,55.0,91.79120699521386,91.79120699521386,-0.7912069952138552
2023-11-16,P0012,S004,18,53.0,17.3110644724393,17.3110644724393,0.6889355275607016
2023-11-16,P0016,S002,332,118.0,332.818723990656,332.818723990656,-0.8187239906559967
2023-11-16,P0009,S002,94,81.0,93.5004390915161,93.5004390915161,0.49956090848390033
2023-11-16,P0004,S005,420,258.0,423.4340541426168,423.4340541426168,-3.4340541426167874
2023-11-16,P0006,S003,154,151.0,153.35587816924976,153.35587816924976,0.6441218307502368
2023-11-16,P0019,S005,239,44.0,238.10506232857875,238.10506232857875,0.8949376714212463
2023-11-16,P0018,S005,89,204.0,89.17313417835621,89.17313417835621,-0.17313417835620726
2023-11-16,P0015,S002,133,217.0,132.85300991448474,132.85300991448474,0.14699008551525594
2023-11-16,P0006,S004,36,224.0,35.055981116185116,35.055981116185116,0.9440188838148842
2023-11-16,P0001,S005,28,17.0,27.509683467912254,27.509683467912254,0.4903165320877463
2023-11-16,P0007,S002,32,437.0,32.77707694383129,32.77707694383129,-0.7770769438312897
2023-11-16,P0008,S001,215,176.0,213.46086106505376,213.46086106505376,1.5391389349462372
2023-11-16,P0001,S004,243,96.0,243.3860402366066,243.3860402366066,-0.3860402366065898
2023-11-16,P0014,S003,6,27.0,6.1700064055937265,6.1700064055937265,-0.17000640559372648
2023-11-16,P0013,S003,236,84.0,235.24695602052378,235.24695602052378,0.7530439794762174
2023-11-16,P0011,S004,245,10.0,245.35192250878703,245.35192250878703,-0.3519225087870268
2023-11-16,P0013,S002,131,243.0,130.31817844881294,130.31817844881294,0.6818215511870562
2023-11-16,P0020,S002,7,270.0,7.340942503220954,7.340942503220954,-0.3409425032209539
2023-11-16,P0005,S002,381,127.0,378.09738337424847,378.09738337424847,2.9026166257515342
2023-11-16,P0009,S005,31,67.0,31.733374748753384,31.733374748753384,-0.7333747487533842
2023-11-16,P0020,S005,414,181.0,415.23626802828215,415.23626802828215,-1.2362680282821543
2023-11-16,P0014,S001,62,115.0,61.786304885578325,61.786304885578325,0.21369511442167521
2023-11-16,P0011,S002,46,110.0,45.823306954216214,45.823306954216214,0.17669304578378586
2023-11-16,P0004,S001,286,32.0,283.95652302327727,283.95652302327727,2.0434769767227294
2023-11-16,P0017,S004,116,44.0,116.42451464229332,116.42451464229332,-0.4245146422933175
2023-11-16,P0008,S003,312,275.0,313.2608249840154,313.2608249840154,-1.2608249840154144
2023-11-16,P0010,S001,237,7.0,237.30061084081677,237.30061084081677,-0.30061084081677336
2023-11-16,P0017,S005,272,25.0,270.5483686297329,270.5483686297329,1.45163137026708
2023-11-16,P0015,S004,28,252.0,27.86997987718267,27.86997987718267,0.13002012281733144
2023-11-16,P0013,S001,285,179.0,285.5563307814806,285.5563307814806,-0.5563307814805967
2023-11-16,P0015,S003,12,58.0,12.312372020422542,12.312372020422542,-0.31237202042254175
2023-11-16,P0019,S001,25,145.0,24.180355553949557,24.180355553949557,0.8196444460504431
2023-11-16,P0002,S004,161,220.0,160.42352095159558,160.42352095159558,0.5764790484044227
2023-11-16,P0019,S002,339,105.0,337.3757169628156,337.3757169628156,1.624283037184398
2023-11-16,P0007,S004,107,68.0,106.95305621531335,106.95305621531335,0.04694378468664695
2023-11-16,P0018,S004,194,209.0,194.40653710477346,194.40653710477346,-0.40653710477346294
2023-11-16,P0012,S002,67,99.0,67.27367343235704,67.27367343235704,-0.2736734323570431
2023-11-16,P0007,S001,17,148.0,16.404453560092538,16.404453560092538,0.5955464399074621
2023-11-16,P0005,S004,14,99.0,13.97423705221015,13.97423705221015,0.025762947789850443
2023-11-16,P0016,S003,238,193.0,238.4872908535604,238.4872908535604,-0.4872908535604097
2023-11-16,P0002,S002,97,236.0,97.48251289236774,97.48251289236774,-0.48251289236773687
2023-11-16,P0005,S001,125,392.0,124.91987480346104,124.91987480346104,0.08012519653895822
2023-11-16,P0011,S005,254,340.0,255.46818207953967,255.46818207953967,-1.4681820795396732
2023-11-16,P0013,S004,269,62.0,270.3251165221304,270.3251165221304,-1.3251165221303722
2023-11-16,P0002,S001,62,362.0,61.40201567019944,61.40201567019944,0.5979843298005605
2023-11-16,P0005,S005,310,227.0,309.6573331545283,309.6573331545283,0.34266684547168325
2023-11-16,P0005,S003,55,178.0,54.71511511336243,54.71511511336243,0.2848848866375704
2023-11-16,P0012,S003,53,193.0,52.94368089160855,52.94368089160855,0.056319108391448935
2023-11-16,P0016,S001,269,42.0,268.4590064318218,268.4590064318218,0.5409935681781803
2023-11-16,P0003,S004,1,34.0,1.3704586983226257,1.3704586983226257,-0.3704586983226257
2023-11-16,P0020,S004,74,48.0,74.0704058775121,74.0704058775121,-0.07040587751210126
2023-11-16,P0019,S003,299,38.0,298.5956300785472,298.5956300785472,0.404369921452826
2023-11-16,P0018,S001,5,102.0,5.5970861005598005,5.5970861005598005,-0.5970861005598005
2023-11-16,P0015,S001,79,76.0,78.2738544912882,78.2738544912882,0.7261455087117952
2023-11-16,P0018,S002,123,354.0,123.8285648313592,123.8285648313592,-0.828564831359202
2023-11-16,P0006,S001,26,14.0,25.966748461198573,25.966748461198573,0.033251538801426506
2023-11-16,P0004,S002,73,194.0,72.77080182789912,72.77080182789912,0.22919817210087956
2023-11-16,P0001,S001,49,55.0,48.46288938530492,48.46288938530492,0.5371106146950808
2023-11-16,P0008,S005,97,61.0,97.486620443459,97.486620443459,-0.4866204434590031
2023-11-16,P0007,S005,5,404.0,4.839973687867073,4.839973687867073,0.16002631213292684
2023-11-16,P0003,S003,324,118.0,323.73029686512024,323.73029686512024,0.2697031348797623
2023-11-16,P0009,S003,87,131.0,86.68502493298386,86.68502493298386,0.3149750670161353
2023-11-16,P0014,S005,172,110.0,172.36532470542696,172.36532470542696,-0.36532470542695705
2023-11-16,P0009,S004,6,128.0,6.242822848839514,6.242822848839514,-0.24282284883951366
2023-11-16,P0006,S002,338,63.0,339.76900541252263,339.76900541252263,-1.769005412522631
2023-11-16,P0007,S003,44,267.0,44.01811383421706,44.01811383421706,-0.018113834217061253
2023-11-16,P0008,S002,237,85.0,235.8433877930108,235.8433877930108,1.1566122069891946
2023-11-16,P0017,S001,132,192.0,132.31503641108606,132.31503641108606,-0.31503641108605507
2023-11-16,P0010,S004,6,75.0,6.0759264280543075,6.0759264280543075,-0.0759264280543075
2023-11-16,P0020,S003,327,98.0,328.13823038280805,328.13823038280805,-1.1382303828080467
2023-11-16,P0010,S005,120,115.0,120.14296885357047,120.14296885357047,-0.14296885357046563
2023-11-17,P0014,S003,152,6.0,152.47416051520975,152.47416051520975,-0.47416051520974634
2023-11-17,P0005,S002,77,381.0,76.45078761228379,76.45078761228379,0.5492123877162101
2023-11-17,P0001,S001,416,49.0,417.0790434854708,417.0790434854708,-1.0790434854707769
2023-11-17,P0002,S002,88,97.0,88.43100507211274,88.43100507211274,-0.43100507211273964
2023-11-17,P0010,S005,107,120.0,107.25834300691909,107.25834300691909,-0.25834300691909107
2023-11-17,P0006,S002,154,338.0,155.06942401499592,155.06942401499592,-1.069424014995917
2023-11-17,P0010,S003,22,245.0,22.032729969578558,22.032729969578558,-0.03272996957855767
2023-11-17,P0012,S004,40,18.0,40.61969470369533,40.61969470369533,-0.6196947036953304
2023-11-17,P0004,S005,82,420.0,81.73223282791784,81.73223282791784,0.2677671720821593
2023-11-17,P0017,S002,74,130.0,74.51196678392498,74.51196678392498,-0.5119667839249757
2023-11-17,P0002,S003,237,5.0,236.47768593719152,236.47768593719152,0.5223140628084764
2023-11-17,P0006,S003,150,154.0,150.6283438295431,150.6283438295431,-0.6283438295430983
2023-11-17,P0019,S003,221,299.0,222.0631783450283,222.0631783450283,-1.063178345028291
2023-11-17,P0008,S002,69,237.0,68.8628708962409,68.8628708962409,0.1371291037590936
2023-11-17,P0016,S003,54,238.0,53.44194662024034,53.44194662024034,0.558053379759663
2023-11-17,P0014,S001,36,62.0,36.199557795596355,36.199557795596355,-0.19955779559635545
2023-11-17,P0019,S002,43,339.0,43.201227788657334,43.201227788657334,-0.20122778865733437
2023-11-17,P0005,S001,24,125.0,24.372002412055544,24.372002412055544,-0.37200241205554363
2023-11-17,P0018,S004,71,194.0,70.61424050510729,70.61424050510729,0.3857594948927101
2023-11-17,P0002,S005,202,19.0,201.53444648845993,201.53444648845993,0.4655535115400653
2023-11-17,P0002,S004,102,161.0,102.27112354707461,102.27112354707461,-0.27112354707460895
2023-11-17,P0008,S003,67,312.0,66.55149228702265,66.55149228702265,0.4485077129773458
2023-11-17,P0001,S004,14,243.0,13.798847120031818,13.798847120031818,0.20115287996818232
2023-11-17,P0010,S004,186,6.0,186.0246546281884,186.0246546281884,-0.024654628188386596
2023-11-17,P0009,S003,141,87.0,141.1028530132784,141.1028530132784,-0.10285301327840557
2023-11-17,P0018,S002,38,123.0,38.23191944675181,38.23191944675181,-0.2319194467518102
2023-11-17,P0012,S003,138,53.0,138.75391691515537,138.75391691515537,-0.7539169151553722
2023-11-17,P0012,S005,43,115.0,43.265543197108386,43.265543197108386,-0.2655431971083857
2023-11-17,P0014,S002,167,263.0,166.76025475247934,166.76025475247934,0.23974524752065918
2023-11-17,P0003,S004,68,1.0,68.39625606286856,68.39625606286856,-0.3962560628685594
2023-11-17,P0006,S004,276,36.0,274.6900129008372,274.6900129008372,1.3099870991628109
2023-11-17,P0016,S002,344,332.0,342.46777255964156,342.46777255964156,1.5322274403584402
2023-11-17,P0013,S005,54,45.0,54.117918282080865,54.117918282080865,-0.11791828208086486
2023-11-17,P0017,S005,115,272.0,114.99321947332818,114.99321947332818,0.006780526671818166
2023-11-17,P0001,S005,91,28.0,90.7279820390367,90.7279820390367,0.27201796096329645
2023-11-17,P0004,S004,407,180.0,411.51097867170523,411.51097867170523,-4.510978671705232
2023-11-17,P0019,S004,165,135.0,163.73185709365063,163.73185709365063,1.268142906349368
2023-11-17,P0019,S001,92,25.0,92.13148538325078,92.13148538325078,-0.13148538325077652
2023-11-17,P0013,S001,130,285.0,129.45682585969485,129.45682585969485,0.5431741403051547
2023-11-17,P0015,S004,205,28.0,204.81426911313622,204.81426911313622,0.18573088686378014
2023-11-17,P0011,S002,74,46.0,74.94130743418732,74.94130743418732,-0.9413074341873227
2023-11-17,P0017,S004,22,116.0,21.853321875542452,21.853321875542452,0.1466781244575479
2023-11-17,P0007,S003,109,44.0,109.49646126791802,109.49646126791802,-0.49646126791802203
2023-11-17,P0008,S005,30,97.0,29.579053034746188,29.579053034746188,0.4209469652538118
2023-11-17,P0011,S005,24,254.0,24.94993149186935,24.94993149186935,-0.94993149186935
2023-11-17,P0020,S003,295,327.0,296.1768151442492,296.1768151442492,-1.1768151442491899
2023-11-17,P0005,S005,61,310.0,61.467231573759044,61.467231573759044,-0.4672315737590438
2023-11-17,P0014,S005,252,172.0,252.80674755638168,252.80674755638168,-0.8067475563816799
2023-11-17,P0009,S005,19,31.0,18.172727608209616,18.172727608209616,0.8272723917903839
2023-11-17,P0007,S005,264,5.0,264.63773818311347,264.63773818311347,-0.6377381831134699
2023-11-17,P0004,S002,15,73.0,14.557351306440033,14.557351306440033,0.44264869355996694
2023-11-17,P0020,S004,127,74.0,127.21968375174883,127.21968375174883,-0.21968375174883192
2023-11-17,P0018,S001,227,5.0,227.50965296280583,227.50965296280583,-0.5096529628058306
2023-11-17,P0005,S003,96,55.0,96.45745516684045,96.45745516684045,-0.45745516684044674
2023-11-17,P0015,S003,310,12.0,311.31423655756106,311.31423655756106,-1.3142365575610597
2023-11-17,P0011,S004,249,245.0,249.91270904569527,249.91270904569527,-0.9127090456952658
2023-11-17,P0007,S001,179,17.0,179.33777747829933,179.33777747829933,-0.3377774782993299
2023-11-17,P0007,S004,52,107.0,51.90783098555379,51.90783098555379,0.09216901444621328
2023-11-17,P0003,S005,64,244.0,64.19211709185612,64.19211709185612,-0.1921170918561188
2023-11-17,P0009,S001,152,39.0,152.9098121220951,152.9098121220951,-0.9098121220951043
2023-11-17,P0018,S003,130,121.0,130.48463116168395,130.48463116168395,-0.48463116168395004
2023-11-17,P0009,S004,89,6.0,88.9146245885989,88.9146245885989,0.0853754114011025
2023-11-17,P0007,S002,94,32.0,94.24207828497107,94.24207828497107,-0.24207828497107187
2023-11-17,P0020,S001,85,32.0,85.41826294810303,85.41826294810303,-0.41826294810303466
2023-11-17,P0011,S003,218,65.0,219.14997422104986,219.14997422104986,-1.1499742210498596
2023-11-17,P0013,S002,104,131.0,104.32946284501277,104.32946284501277,-0.32946284501277034
2023-11-17,P0013,S004,9,269.0,9.983850660400336,9.983850660400336,-0.9838506604003356
2023-11-17,P0015,S001,78,79.0,78.22641732230447,78.22641732230447,-0.22641732230447076
2023-11-17,P0017,S001,216,132.0,217.507504436285,217.507504436285,-1.5075044362849894
2023-11-17,P0002,S001,53,62.0,52.97866198684287,52.97866198684287,0.021338013157127023
2023-11-17,P0017,S003,69,396.0,69.66423329159282,69.66423329159282,-0.6642332915928222
2023-11-17,P0010,S001,97,237.0,97.00591280094571,97.00591280094571,-0.005912800945708341
2023-11-17,P0004,S001,444,286.0,444.4715479015722,444.4715479015722,-0.47154790157219395
2023-11-17,P0020,S005,252,414.0,253.13664415128906,253.13664415128906,-1.1366441512890617
2023-11-17,P0005,S004,101,14.0,100.61615536485627,100.61615536485627,0.38384463514373124
2023-11-17,P0013,S003,96,236.0,95.9172370802368,95.9172370802368,0.08276291976319783
2023-11-17,P0003,S003,120,324.0,120.12226581701547,120.12226581701547,-0.12226581701547445
2023-11-17,P0012,S001,126,67.0,126.44184677147332,126.44184677147332,-0.4418467714733225
2023-11-17,P0018,S005,219,89.0,218.75123436191552,218.75123436191552,0.24876563808447827
2023-11-17,P0008,S004,34,215.0,34.46057235384593,34.46057235384593,-0.460572353845933
2023-11-17,P0006,S001,142,26.0,141.3684257300896,141.3684257300896,0.6315742699104021
2023-11-17,P0001,S003,220,172.0,220.12886478640326,220.12886478640326,-0.1288647864032555
2023-11-17,P0006,S005,21,18.0,20.470901024182172,20.470901024182172,0.5290989758178277
2023-11-17,P0016,S001,46,269.0,46.06378706613014,46.06378706613014,-0.06378706613013918
2023-11-17,P0019,S005,185,239.0,185.56768482570476,185.56768482570476,-0.5676848257047595
2023-11-17,P0004,S003,47,32.0,46.75130594998351,46.75130594998351,0.24869405001648914
2023-11-17,P0003,S001,126,27.0,126.06576113575396,126.06576113575396,-0.06576113575395937
2023-11-17,P0009,S002,93,94.0,92.94085508728814,92.94085508728814,0.059144912711857955
2023-11-17,P0012,S002,47,67.0,47.22344336173838,47.22344336173838,-0.22344336173838286
2023-11-17,P0014,S004,119,91.0,119.87399325719106,119.87399325719106,-0.87399325719106
2023-11-17,P0015,S002,103,133.0,103.45695647802708,103.45695647802708,-0.45695647802708095
2023-11-17,P0001,S002,189,22.0,189.33005840597912,189.33005840597912,-0.3300584059791163
2023-11-17,P0008,S001,158,215.0,157.932515004764,157.932515004764,0.06748499523598639
2023-11-17,P0020,S002,30,7.0,29.8231925008434,29.8231925008434,0.17680749915659888
2023-11-17,P0003,S002,21,190.0,20.658547222822797,20.658547222822797,0.3414527771772029
2023-11-17,P0011,S001,35,35.0,35.42585039439874,35.42585039439874,-0.4258503943987435
2023-11-17,P0015,S005,311,166.0,311.4391021441149,311.4391021441149,-0.4391021441148837
2023-11-17,P0010,S002,270,1.0,269.7136279113016,269.7136279113016,0.2863720886983856
2023-11-17,P0016,S004,40,149.0,39.00941701347503,39.00941701347503,0.99058298652497
2023-11-17,P0016,S005,21,145.0,20.719294323791303,20.719294323791303,0.28070567620869724
2023-11-18,P0017,S003,58,69.0,58.04881054759633,58.04881054759633,-0.0488105475963323
2023-11-18,P0019,S002,66,43.0,66.33201877115239,66.33201877115239,-0.3320187711523914
2023-11-18,P0001,S001,223,416.0,223.59333510099398,223.59333510099398,-0.5933351009939827
2023-11-18,P0015,S002,2,103.0,1.5586308245650808,1.5586308245650808,0.44136917543491916
2023-11-18,P0016,S003,222,54.0,221.07857527820903,221.07857527820903,0.9214247217909701
2023-11-18,P0004,S001,81,444.0,80.19169433656413,80.19169433656413,0.8083056634358741
2023-11-18,P0020,S005,199,252.0,197.47504881768586,197.47504881768586,1.5249511823141404
2023-11-18,P0003,S001,201,126.0,201.98698180713095,201.98698180713095,-0.9869818071309453
2023-11-18,P0003,S002,101,21.0,101.34339634966803,101.34339634966803,-0.34339634966802635
2023-11-18,P0008,S002,55,69.0,54.707062205997296,54.707062205997296,0.2929377940027038
2023-11-18,P0017,S005,193,115.0,192.77890881674858,192.77890881674858,0.22109118325141708
2023-11-18,P0004,S005,292,82.0,291.19129400034416,291.19129400034416,0.8087059996558423
2023-11-18,P0003,S005,102,64.0,101.21674236523238,101.21674236523238,0.7832576347676223
2023-11-18,P0018,S003,336,130.0,337.60610215548576,337.60610215548576,-1.6061021554857575
2023-11-18,P0019,S004,32,165.0,32.72595105000738,32.72595105000738,-0.7259510500073816
2023-11-18,P0017,S002,21,74.0,20.89308625246366,20.89308625246366,0.10691374753633909
2023-11-18,P0014,S003,73,152.0,72.5911358514092,72.5911358514092,0.40886414859079423
2023-11-18,P0012,S002,370,47.0,368.11045118010884,368.11045118010884,1.8895488198911607
2023-11-18,P0011,S003,352,218.0,350.8748837268898,350.8748837268898,1.1251162731102227
2023-11-18,P0020,S002,56,30.0,56.57203525758762,56.57203525758762,-0.572035257587622
2023-11-18,P0016,S001,79,46.0,78.43940106334279,78.43940106334279,0.5605989366572146
2023-11-18,P0015,S001,92,78.0,91.58300258597355,91.58300258597355,0.4169974140264543
2023-11-18,P0003,S003,16,120.0,15.896147127936073,15.896147127936073,0.10385287206392668
2023-11-18,P0006,S003,408,150.0,411.27879460575525,411.27879460575525,-3.2787946057552517
2023-11-18,P0007,S002,97,94.0,96.84403596941232,96.84403596941232,0.1559640305876826
2023-11-18,P0001,S002,363,189.0,362.36848756782734,362.36848756782734,0.6315124321726557
2023-11-18,P0018,S004,293,71.0,292.2272407438967,292.2272407438967,0.7727592561033134
2023-11-18,P0006,S005,83,21.0,83.19978389624153,83.19978389624153,-0.19978389624152726
2023-11-18,P0012,S001,68,126.0,68.39038366003977,68.39038366003977,-0.39038366003977387
2023-11-18,P0015,S005,137,311.0,137.8313336627708,137.8313336627708,-0.8313336627707884
2023-11-18,P0018,S001,5,227.0,5.467149678458217,5.467149678458217,-0.46714967845821675
2023-11-18,P0011,S001,194,35.0,195.22915342520395,195.22915342520395,-1.2291534252039469
2023-11-18,P0004,S002,410,15.0,404.5297809846267,404.5297809846267,5.470219015373289
2023-11-18,P0014,S002,201,167.0,202.2460733355542,202.2460733355542,-1.2460733355542004
2023-11-18,P0012,S003,119,138.0,119.24070495593035,119.24070495593035,-0.24070495593035446
2023-11-18,P0007,S005,3,264.0,2.9331052672826274,2.9331052672826274,0.06689473271737256
2023-11-18,P0009,S003,360,141.0,362.14777535267575,362.14777535267575,-2.147775352675751
2023-11-18,P0009,S005,130,19.0,129.32263386855522,129.32263386855522,0.677366131444785
2023-11-18,P0019,S003,74,221.0,74.15891316057959,74.15891316057959,-0.15891316057958704
2023-11-18,P0014,S005,93,252.0,92.76841120634859,92.76841120634859,0.2315887936514116
2023-11-18,P0010,S005,98,107.0,97.86650705617916,97.86650705617916,0.13349294382084054
2023-11-18,P0010,S004,27,186.0,26.4793618776873,26.4793618776873,0.5206381223127003
2023-11-18,P0002,S005,12,202.0,12.205651668816468,12.205651668816468,-0.20565166881646846
2023-11-18,P0006,S004,391,276.0,392.88337533222074,392.88337533222074,-1.8833753322207372
2023-11-18,P0016,S002,219,344.0,218.27027383538655,218.27027383538655,0.729726164613453
2023-11-18,P0019,S005,210,185.0,210.46261540974746,210.46261540974746,-0.46261540974745685
2023-11-18,P0014,S004,158,119.0,158.20475235487342,158.20475235487342,-0.20475235487342047
2023-11-18,P0007,S003,112,109.0,112.63602987210153,112.63602987210153,-0.6360298721015312
2023-11-18,P0011,S002,113,74.0,112.6158696262964,112.6158696262964,0.3841303737035986
2023-11-18,P0015,S004,69,205.0,68.80829937409936,68.80829937409936,0.19170062590063708
2023-11-18,P0001,S004,66,14.0,66.16078092378366,66.16078092378366,-0.16078092378366193
2023-11-18,P0002,S004,16,102.0,15.823383239701768,15.823383239701768,0.17661676029823248
2023-11-18,P0004,S003,42,47.0,41.7581601534862,41.7581601534862,0.2418398465137983
2023-11-18,P0019,S001,59,92.0,59.76969125296809,59.76969125296809,-0.7696912529680873
2023-11-18,P0015,S003,298,310.0,299.6674684272607,299.6674684272607,-1.667468427260701
2023-11-18,P0008,S001,60,158.0,59.884742619809806,59.884742619809806,0.11525738019019371
2023-11-18,P0007,S001,68,179.0,68.7191352271775,68.7191352271775,-0.7191352271775031
2023-11-18,P0007,S004,18,52.0,17.870883383593707,17.870883383593707,0.1291166164062929
2023-11-18,P0011,S005,3,24.0,3.3457507293026807,3.3457507293026807,-0.3457507293026807
2023-11-18,P0020,S003,84,295.0,83.48975471735557,83.48975471735557,0.5102452826444335
2023-11-18,P0004,S004,273,407.0,272.5651583728678,272.5651583728678,0.43484162713218666
2023-11-18,P0010,S001,70,97.0,70.23709150389284,70.23709150389284,-0.23709150389284162
2023-11-18,P0016,S005,147,21.0,146.13121845844265,146.13121845844265,0.8687815415573539
2023-11-18,P0020,S001,56,85.0,56.02550934060752,56.02550934060752,-0.025509340607520414
2023-11-18,P0002,S001,253,53.0,251.94764982753907,251.94764982753907,1.0523501724609332
2023-11-18,P0005,S001,35,24.0,35.29550142021393,35.29550142021393,-0.295501420213931
2023-11-18,P0009,S004,44,89.0,44.53596876839225,44.53596876839225,-0.5359687683922516
2023-11-18,P0002,S003,296,237.0,296.5250805729913,296.5250805729913,-0.5250805729913282
2023-11-18,P0009,S001,145,152.0,144.76576755611697,144.76576755611697,0.23423244388303033
2023-11-18,P0018,S005,4,219.0,5.392577997112877,5.392577997112877,-1.3925779971128769
2023-11-18,P0002,S002,186,88.0,184.75969885844086,184.75969885844086,1.2403011415591436
2023-11-18,P0018,S002,186,38.0,185.98237767161402,185.98237767161402,0.017622328385982655
2023-11-18,P0011,S004,71,249.0,71.07811836287809,71.07811836287809,-0.0781183628780866
2023-11-18,P0001,S005,329,91.0,326.74570915797665,326.74570915797665,2.2542908420233516
2023-11-18,P0001,S003,40,220.0,40.38684251492553,40.38684251492553,-0.386842514925533
2023-11-18,P0005,S002,126,77.0,126.12114866532586,126.12114866532586,-0.12114866532586177
2023-11-18,P0014,S001,136,36.0,135.9097593862103,135.9097593862103,0.09024061378968895
2023-11-18,P0016,S004,274,40.0,272.4277163328886,272.4277163328886,1.5722836671113782
2023-11-18,P0012,S005,426,43.0,421.0454799976805,421.0454799976805,4.954520002319498
2023-11-18,P0008,S004,407,34.0,409.90064120818045,409.90064120818045,-2.9006412081804456
2023-11-18,P0005,S004,196,101.0,196.20526500940375,196.20526500940375,-0.20526500940374603
2023-11-18,P0006,S001,253,142.0,252.63546358713697,252.63546358713697,0.36453641286303196
2023-11-18,P0013,S001,0,130.0,0.12994372722006936,0.12994372722006936,-0.12994372722006936
2023-11-18,P0008,S003,114,67.0,114.75670606427995,114.75670606427995,-0.7567060642799532
2023-11-18,P0009,S002,10,93.0,9.615110684662223,9.615110684662223,0.3848893153377766
2023-11-18,P0010,S002,57,270.0,56.71444447519417,56.71444447519417,0.28555552480582946
2023-11-18,P0013,S002,261,104.0,260.07130088701774,260.07130088701774,0.9286991129822582
2023-11-18,P0005,S005,44,61.0,44.02797621950236,44.02797621950236,-0.027976219502356514
2023-11-18,P0012,S004,52,40.0,52.028474287393685,52.028474287393685,-0.02847428739368496
2023-11-18,P0005,S003,152,96.0,152.47416051520975,152.47416051520975,-0.47416051520974634
2023-11-18,P0017,S004,140,22.0,140.4710219415934,140.4710219415934,-0.47102194159339206
2023-11-18,P0006,S002,200,154.0,199.52278273202026,199.52278273202026,0.4772172679797393
2023-11-18,P0008,S005,52,30.0,51.950163356917706,51.950163356917706,0.049836643082294074
2023-11-18,P0020,S004,395,127.0,392.75605824977225,392.75605824977225,2.243941750227748
2023-11-18,P0017,S001,69,216.0,68.98113135121574,68.98113135121574,0.018868648784263087
2023-11-18,P0003,S004,102,68.0,102.19665133731114,102.19665133731114,-0.19665133731113826
2023-11-18,P0013,S003,264,96.0,264.65142847391564,264.65142847391564,-0.6514284739156437
2023-11-18,P0013,S004,123,9.0,122.2506797226964,122.2506797226964,0.7493202773035961
2023-11-18,P0013,S005,112,54.0,112.01005590138381,112.01005590138381,-0.010055901383807964
2023-11-18,P0010,S003,71,22.0,71.33649986127547,71.33649986127547,-0.3364998612754704
2023-11-19,P0020,S002,354,56.0,354.98636554690853,354.98636554690853,-0.9863655469085302
2023-11-19,P0012,S002,215,370.0,215.35109011144002,215.35109011144002,-0.35109011144001556
2023-11-19,P0015,S002,106,2.0,105.07686149931368,105.07686149931368,0.9231385006863206
2023-11-19,P0004,S001,219,81.0,218.72560688829313,218.72560688829313,0.2743931117068712
2023-11-19,P0012,S005,188,426.0,187.23666054446872,187.23666054446872,0.7633394555312805
2023-11-19,P0016,S004,18,274.0,16.98012666075927,16.98012666075927,1.0198733392407284
2023-11-19,P0015,S001,76,92.0,76.01061798557484,76.01061798557484,-0.010617985574839395
2023-11-19,P0003,S004,146,102.0,145.74377781974238,145.74377781974238,0.2562221802576232
2023-11-19,P0009,S003,274,360.0,272.4405978393252,272.4405978393252,1.5594021606747788
2023-11-19,P0005,S004,38,196.0,37.6267993829433,37.6267993829433,0.37320061705670327
2023-11-19,P0019,S004,177,32.0,177.61308300720333,177.61308300720333,-0.6130830072033291
2023-11-19,P0016,S002,86,219.0,85.69790770776291,85.69790770776291,0.30209229223709144
2023-11-19,P0001,S001,105,223.0,105.184754579671,105.184754579671,-0.18475457967099373
2023-11-19,P0014,S002,207,201.0,206.35174746200957,206.35174746200957,0.6482525379904303
2023-11-19,P0014,S003,115,73.0,115.15000796735501,115.15000796735501,-0.150007967355009
2023-11-19,P0003,S003,217,16.0,216.6005519386224,216.6005519386224,0.3994480613775977
2023-11-19,P0010,S005,253,98.0,253.94563749374046,253.94563749374046,-0.9456374937404632
2023-11-19,P0013,S005,102,112.0,101.78341151408016,101.78341151408016,0.2165884859198428
2023-11-19,P0006,S004,287,391.0,287.9289636925794,287.9289636925794,-0.928963692579373
2023-11-19,P0017,S001,12,69.0,11.472740013352766,11.472740013352766,0.5272599866472341
2023-11-19,P0002,S002,11,186.0,12.021450038641241,12.021450038641241,-1.021450038641241
2023-11-19,P0002,S001,135,253.0,135.50490478850642,135.50490478850642,-0.5049047885064226
2023-11-19,P0017,S003,361,58.0,362.55887126101885,362.55887126101885,-1.5588712610188509
2023-11-19,P0002,S005,88,12.0,87.3057134402844,87.3057134402844,0.6942865597155929
2023-11-19,P0005,S002,38,126.0,37.963680666446116,37.963680666446116,0.03631933355388384
2023-11-19,P0008,S004,12,407.0,11.73093962729865,11.73093962729865,0.2690603727013503
2023-11-19,P0013,S003,169,264.0,169.22258717753064,169.22258717753064,-0.2225871775306416
2023-11-19,P0011,S001,34,194.0,34.70890914955508,34.70890914955508,-0.7089091495550832
2023-11-19,P0017,S004,110,140.0,110.16373502586424,110.16373502586424,-0.16373502586424138
2023-11-19,P0015,S005,63,137.0,62.48353267828401,62.48353267828401,0.516467321715993
2023-11-19,P0003,S002,74,101.0,73.70526428852834,73.70526428852834,0.29473571147165956
2023-11-19,P0007,S003,286,112.0,287.57464682775077,287.57464682775077,-1.5746468277507688
2023-11-19,P0012,S001,60,68.0,59.83800026537814,59.83800026537814,0.16199973462185824
2023-11-19,P0013,S004,245,123.0,245.65492115263976,245.65492115263976,-0.6549211526397585
2023-11-19,P0018,S001,319,5.0,319.30825818267084,319.30825818267084,-0.3082581826708406
2023-11-19,P0016,S005,117,147.0,117.33278748494456,117.33278748494456,-0.3327874849445607
2023-11-19,P0008,S005,143,52.0,143.0108703978229,143.0108703978229,-0.010870397822912992
2023-11-19,P0010,S001,423,70.0,425.07926074309415,425.07926074309415,-2.079260743094153
2023-11-19,P0004,S002,20,410.0,19.477428891809904,19.477428891809904,0.5225711081900961
2023-11-19,P0011,S005,5,3.0,5.73142387602293,5.73142387602293,-0.7314238760229301
2023-11-19,P0007,S005,110,3.0,111.04370525535401,111.04370525535401,-1.0437052553540127
2023-11-19,P0005,S003,169,152.0,169.23119291602282,169.23119291602282,-0.23119291602282033
2023-11-19,P0020,S003,226,84.0,226.81709621579935,226.81709621579935,-0.8170962157993529
2023-11-19,P0014,S005,184,93.0,184.68198565816493,184.68198565816493,-0.6819856581649333
2023-11-19,P0020,S005,82,199.0,81.77057300025021,81.77057300025021,0.22942699974979064
2023-11-19,P0020,S004,15,395.0,14.339926976972095,14.339926976972095,0.6600730230279055
2023-11-19,P0001,S002,171,363.0,170.4176089698995,170.4176089698995,0.5823910301004958
2023-11-19,P0011,S002,97,113.0,96.39553319250652,96.39553319250652,0.6044668074934805
2023-11-19,P0019,S005,67,210.0,66.7729331554199,66.7729331554199,0.22706684458009363
2023-11-19,P0007,S004,212,18.0,210.9731338310685,210.9731338310685,1.026866168931491
2023-11-19,P0016,S001,47,79.0,47.38798477602123,47.38798477602123,-0.38798477602122716
2023-11-19,P0006,S001,103,253.0,104.16820327124155,104.16820327124155,-1.168203271241552
2023-11-19,P0010,S002,50,57.0,49.427686608241316,49.427686608241316,0.5723133917586836
2023-11-19,P0003,S001,135,201.0,135.48799296472387,135.48799296472387,-0.48799296472387255
2023-11-19,P0006,S005,28,83.0,27.757071633371027,27.757071633371027,0.24292836662897344
2023-11-19,P0007,S001,157,68.0,157.7319962050499,157.7319962050499,-0.73199620504991
2023-11-19,P0008,S001,92,60.0,91.2988584334367,91.2988584334367,0.7011415665632938
2023-11-19,P0009,S002,431,10.0,428.037547456287,428.037547456287,2.9624525437130274
2023-11-19,P0015,S003,38,298.0,38.04676321550029,38.04676321550029,-0.04676321550029172
2023-11-19,P0001,S003,15,40.0,15.439384135989489,15.439384135989489,-0.43938413598948856
2023-11-19,P0019,S001,164,59.0,164.27136004078525,164.27136004078525,-0.2713600407852539
2023-11-19,P0013,S001,71,0.0,71.15766712426415,71.15766712426415,-0.15766712426415097
2023-11-19,P0018,S005,100,4.0,99.84477290878866,99.84477290878866,0.15522709121134426
2023-11-19,P0001,S005,300,329.0,300.2231107078647,300.2231107078647,-0.22311070786469145
2023-11-19,P0014,S004,39,158.0,39.4476606092529,39.4476606092529,-0.44766060925289963
2023-11-19,P0011,S004,29,71.0,28.314870023003156,28.314870023003156,0.6851299769968442
2023-11-19,P0015,S004,55,69.0,54.05761218481716,54.05761218481716,0.9423878151828404
2023-11-19,P0004,S003,173,42.0,173.48201222384643,173.48201222384643,-0.48201222384642506
2023-11-19,P0009,S004,329,44.0,328.4971302150703,328.4971302150703,0.5028697849297146
2023-11-19,P0005,S005,40,44.0,40.71192655632248,40.71192655632248,-0.7119265563224815
2023-11-19,P0020,S001,96,56.0,95.35159081013231,95.35159081013231,0.6484091898676922
2023-11-19,P0018,S002,158,186.0,157.8974090717806,157.8974090717806,0.1025909282193993
2023-11-19,P0010,S003,29,71.0,27.212834418798977,27.212834418798977,1.7871655812010232
2023-11-19,P0004,S004,353,273.0,351.7771282019357,351.7771282019357,1.2228717980643182
2023-11-19,P0011,S003,88,352.0,88.16558985911576,88.16558985911576,-0.1655898591157552
2023-11-19,P0004,S005,13,292.0,12.334839291287082,12.334839291287082,0.6651607087129179
2023-11-19,P0002,S004,197,16.0,197.4856155946092,197.4856155946092,-0.485615594609186
2023-11-19,P0012,S004,25,52.0,25.093547592765248,25.093547592765248,-0.0935475927652476
2023-11-19,P0006,S002,96,200.0,96.19282626270567,96.19282626270567,-0.19282626270566539
2023-11-19,P0003,S005,55,102.0,55.3985910622456,55.3985910622456,-0.39859106224560037
2023-11-19,P0009,S001,255,145.0,254.57631675384968,254.57631675384968,0.4236832461503184
2023-11-19,P0008,S003,33,114.0,32.21041843681786,32.21041843681786,0.7895815631821392
2023-11-19,P0002,S003,176,296.0,175.8095684431253,175.8095684431253,0.19043155687469948
2023-11-19,P0005,S001,96,35.0,96.37643729253743,96.37643729253743,-0.37643729253743174
2023-11-19,P0017,S002,37,21.0,37.54350252598812,37.54350252598812,-0.5435025259881172
2023-11-19,P0019,S002,129,66.0,128.1631046252366,128.1631046252366,0.8368953747634009
2023-11-19,P0007,S002,53,97.0,52.5406991676228,52.5406991676228,0.45930083237720254
2023-11-19,P0016,S003,31,222.0,30.262644957567993,30.262644957567993,0.7373550424320072
2023-11-19,P0006,S003,78,408.0,78.54358081204839,78.54358081204839,-0.5435808120483898
2023-11-19,P0014,S001,217,136.0,217.24569633950526,217.24569633950526,-0.24569633950525827
2023-11-19,P0018,S004,24,293.0,24.154228223042782,24.154228223042782,-0.15422822304278228
2023-11-19,P0008,S002,68,55.0,68.28917338100469,68.28917338100469,-0.28917338100468726
2023-11-19,P0018,S003,30,336.0,29.939667144022113,29.939667144022113,0.060332855977886624
2023-11-19,P0001,S004,335,66.0,336.0260654949616,336.0260654949616,-1.0260654949615855
2023-11-19,P0017,S005,105,193.0,104.44323731503668,104.44323731503668,0.5567626849633172
2023-11-19,P0009,S005,7,130.0,8.059907078804654,8.059907078804654,-1.0599070788046543
2023-11-19,P0013,S002,72,261.0,71.74697135703015,71.74697135703015,0.25302864296985206
2023-11-19,P0012,S003,55,119.0,55.43556913879349,55.43556913879349,-0.4355691387934897
2023-11-19,P0019,S003,251,74.0,250.7712518279771,250.7712518279771,0.22874817202290387
2023-11-19,P0010,S004,150,27.0,149.3328711627769,149.3328711627769,0.667128837223089
2023-11-20,P0015,S005,6,63.0,6.364702143644586,6.364702143644586,-0.3647021436445863
2023-11-20,P0003,S001,144,135.0,144.32422918631573,144.32422918631573,-0.3242291863157334
2023-11-20,P0016,S005,0,117.0,0.0,0.0,0.0
2023-11-20,P0010,S002,70,50.0,69.52666131876673,69.52666131876673,0.4733386812332725
2023-11-20,P0004,S001,54,219.0,53.46695164197961,53.46695164197961,0.5330483580203875
2023-11-20,P0011,S004,118,29.0,117.93957680795128,117.93957680795128,0.0604231920487166
2023-11-20,P0010,S005,178,253.0,178.33594876893872,178.33594876893872,-0.33594876893872083
2023-11-20,P0009,S002,246,431.0,244.9624062257504,244.9624062257504,1.0375937742495864
2023-11-20,P0020,S002,331,354.0,330.786202764654,330.786202764654,0.21379723534602135
2023-11-20,P0017,S002,75,37.0,75.03273809852854,75.03273809852854,-0.03273809852854015
2023-11-20,P0007,S004,39,212.0,38.81687076089254,38.81687076089254,0.18312923910745837
2023-11-20,P0006,S001,147,103.0,146.34686245373734,146.34686245373734,0.6531375462626556
2023-11-20,P0011,S001,331,34.0,331.3366143049128,331.3366143049128,-0.3366143049128141
2023-11-20,P0005,S001,82,96.0,81.77206905498043,81.77206905498043,0.22793094501956546
2023-11-20,P0016,S001,114,47.0,114.35749528211586,114.35749528211586,-0.35749528211586323
2023-11-20,P0003,S002,69,74.0,69.30609357699653,69.30609357699653,-0.30609357699653117
2023-11-20,P0020,S001,7,96.0,7.8064104166894746,7.8064104166894746,-0.8064104166894746
2023-11-20,P0003,S005,169,55.0,169.3474786272388,169.3474786272388,-0.347478627238786
2023-11-20,P0001,S002,15,171.0,15.00945984114778,15.00945984114778,-0.009459841147780423
2023-11-20,P0014,S005,175,184.0,174.56806107149092,174.56806107149092,0.43193892850908355
2023-11-20,P0006,S004,49,287.0,48.76751731170281,48.76751731170281,0.2324826882971891
2023-11-20,P0008,S005,268,143.0,265.9245255975018,265.9245255975018,2.0754744024981733
2023-11-20,P0003,S004,40,146.0,40.63869666613634,40.63869666613634,-0.6386966661363402
2023-11-20,P0012,S001,26,60.0,26.987394800376478,26.987394800376478,-0.9873948003764781
2023-11-20,P0019,S002,63,129.0,63.37967693615783,63.37967693615783,-0.3796769361578285
2023-11-20,P0007,S002,288,53.0,288.2934953058618,288.2934953058618,-0.2934953058618248
2023-11-20,P0016,S003,130,31.0,130.78896752332315,130.78896752332315,-0.7889675233231515
2023-11-20,P0014,S002,158,207.0,158.26292771408043,158.26292771408043,-0.26292771408043336
2023-11-20,P0018,S005,180,100.0,180.7853873631313,180.7853873631313,-0.7853873631312922
2023-11-20,P0014,S004,94,39.0,93.71870980691817,93.71870980691817,0.2812901930818299
2023-11-20,P0008,S002,25,68.0,24.937462317924936,24.937462317924936,0.06253768207506383
2023-11-20,P0017,S004,263,110.0,261.3771287000517,261.3771287000517,1.622871299948315
2023-11-20,P0013,S001,106,71.0,106.30397833912645,106.30397833912645,-0.303978339126445
2023-11-20,P0015,S001,71,76.0,70.9561181912451,70.9561181912451,0.04388180875490377
2023-11-20,P0019,S001,235,164.0,236.4600282137478,236.4600282137478,-1.4600282137477905
2023-11-20,P0018,S004,223,24.0,223.4079657753566,223.4079657753566,-0.40796577535658685
2023-11-20,P0014,S001,257,217.0,257.7103700006946,257.7103700006946,-0.7103700006945814
2023-11-20,P0001,S005,144,300.0,143.99323371817522,143.99323371817522,0.006766281824781117
2023-11-20,P0005,S005,347,40.0,345.83870458050694,345.83870458050694,1.161295419493058
2023-11-20,P0004,S003,107,173.0,107.62346980595595,107.62346980595595,-0.6234698059559491
2023-11-20,P0008,S004,120,12.0,119.7466023781958,119.7466023781958,0.2533976218041971
2023-11-20,P0015,S004,325,55.0,324.61033369350343,324.61033369350343,0.3896663064965651
2023-11-20,P0007,S003,154,286.0,154.7345241739467,154.7345241739467,-0.7345241739467099
2023-11-20,P0015,S003,77,38.0,77.48866930752312,77.48866930752312,-0.488669307523125
2023-11-20,P0018,S003,81,30.0,80.65643653473994,80.65643653473994,0.3435634652600612
2023-11-20,P0020,S005,113,82.0,112.43578767640366,112.43578767640366,0.5642123235963368
2023-11-20,P0008,S001,144,92.0,143.63420733366124,143.63420733366124,0.36579266633876273
2023-11-20,P0011,S002,25,97.0,25.461982895174614,25.461982895174614,-0.4619828951746143
2023-11-20,P0013,S003,136,169.0,136.7333031100238,136.7333031100238,-0.7333031100237974
2023-11-20,P0006,S003,23,78.0,22.671370686876536,22.671370686876536,0.32862931312346433
2023-11-20,P0007,S001,246,157.0,246.12688298420946,246.12688298420946,-0.12688298420945898
2023-11-20,P0001,S004,128,335.0,127.79514754483522,127.79514754483522,0.204852455164783
2023-11-20,P0006,S005,74,28.0,73.68367787334147,73.68367787334147,0.3163221266585339
2023-11-20,P0012,S005,281,188.0,281.52108894501544,281.52108894501544,-0.5210889450154355
2023-11-20,P0019,S005,94,67.0,94.71190886766621,94.71190886766621,-0.7119088676662102
2023-11-20,P0012,S002,21,215.0,20.9608883815405,20.9608883815405,0.03911161845950062
2023-11-20,P0018,S002,215,158.0,214.88605482491243,214.88605482491243,0.11394517508756508
2023-11-20,P0002,S001,349,135.0,349.8022979666425,349.8022979666425,-0.8022979666425272
2023-11-20,P0004,S005,179,13.0,178.39776335980633,178.39776335980633,0.6022366401936665
2023-11-20,P0010,S003,317,29.0,318.1345569740139,318.1345569740139,-1.1345569740138899
2023-11-20,P0002,S002,91,11.0,91.40687662333335,91.40687662333335,-0.4068766233333463
2023-11-20,P0010,S004,256,150.0,254.59356718146032,254.59356718146032,1.4064328185396846
2023-11-20,P0017,S003,211,361.0,210.78134901576215,210.78134901576215,0.21865098423785412
2023-11-20,P0011,S003,15,88.0,15.324395468903584,15.324395468903584,-0.3243954689035835
2023-11-20,P0001,S001,365,105.0,362.315735201195,362.315735201195,2.684264798804975
2023-11-20,P0012,S003,197,55.0,197.33021531372876,197.33021531372876,-0.33021531372875756
2023-11-20,P0010,S001,61,423.0,60.88845769160462,60.88845769160462,0.1115423083953786
2023-11-20,P0001,S003,92,15.0,92.32587818453135,92.32587818453135,-0.32587818453134787
2023-11-20,P0005,S004,20,38.0,19.17767570140267,19.17767570140267,0.82232429859733
2023-11-20,P0004,S002,70,20.0,70.25149818492471,70.25149818492471,-0.25149818492471354
2023-11-20,P0004,S004,376,353.0,374.5550093565115,374.5550093565115,1.4449906434884952
2023-11-20,P0020,S003,32,226.0,31.529787003328405,31.529787003328405,0.4702129966715951
2023-11-20,P0009,S003,78,274.0,77.73199338247619,77.73199338247619,0.2680066175238096
2023-11-20,P0017,S005,163,105.0,161.84258130405817,161.84258130405817,1.1574186959418284
2023-11-20,P0008,S003,42,33.0,42.024760464681194,42.024760464681194,-0.02476046468119364
2023-11-20,P0007,S005,35,110.0,34.57461370904521,34.57461370904521,0.4253862909547905
2023-11-20,P0009,S001,21,255.0,21.889332419876354,21.889332419876354,-0.8893324198763537
2023-11-20,P0013,S005,43,102.0,42.70149864229835,42.70149864229835,0.2985013577016531
2023-11-20,P0016,S002,154,86.0,154.25578900921366,154.25578900921366,-0.25578900921365744
2023-11-20,P0005,S003,53,169.0,53.73207620205669,53.73207620205669,-0.7320762020566889
2023-11-20,P0013,S002,466,72.0,464.4954587252859,464.4954587252859,1.5045412747140858
2023-11-20,P0017,S001,387,12.0,386.0950857007501,386.0950857007501,0.9049142992499242
2023-11-20,P0002,S005,64,88.0,64.15943593945478,64.15943593945478,-0.15943593945478085
2023-11-20,P0002,S004,45,197.0,44.94953644263206,44.94953644263206,0.05046355736794084
2023-11-20,P0020,S004,246,15.0,245.05116722266493,245.05116722266493,0.9488327773350704
2023-11-20,P0003,S003,286,217.0,283.95340672421315,283.95340672421315,2.0465932757868472
2023-11-20,P0013,S004,17,245.0,17.10402235575612,17.10402235575612,-0.1040223557561184
2023-11-20,P0009,S005,256,7.0,254.45935142789895,254.45935142789895,1.5406485721010483
2023-11-20,P0015,S002,147,106.0,146.58841319932074,146.58841319932074,0.41158680067925957
2023-11-20,P0002,S003,132,176.0,131.99821636959248,131.99821636959248,0.001783630407516057
2023-11-20,P0016,S004,187,18.0,188.29045493884055,188.29045493884055,-1.2904549388405542
2023-11-20,P0018,S001,115,319.0,114.29021643634742,114.29021643634742,0.7097835636525787
2023-11-20,P0014,S003,163,115.0,162.15962415997146,162.15962415997146,0.8403758400285426
2023-11-20,P0006,S002,68,96.0,68.67793765697942,68.67793765697942,-0.6779376569794238
2023-11-20,P0011,S005,108,5.0,107.77709861337347,107.77709861337347,0.22290138662653192
2023-11-20,P0019,S004,97,177.0,96.90005324609264,96.90005324609264,0.09994675390736063
2023-11-20,P0009,S004,254,329.0,254.49889364398555,254.49889364398555,-0.4988936439855536
2023-11-20,P0019,S003,425,251.0,428.6788241238218,428.6788241238218,-3.678824123821812
2023-11-20,P0005,S002,128,38.0,127.83501097735005,127.83501097735005,0.16498902264994797
2023-11-20,P0012,S004,171,25.0,170.54201446236954,170.54201446236954,0.45798553763046357
2023-11-21,P0013,S004,38,17.0,38.00123227709661,38.00123227709661,-0.001232277096612222
2023-11-21,P0005,S003,145,53.0,144.11923383432386,144.11923383432386,0.8807661656761354
2023-11-21,P0014,S004,17,94.0,16.666943631326166,16.666943631326166,0.3330563686738337
2023-11-21,P0017,S002,8,75.0,8.64303591806231,8.64303591806231,-0.64303591806231
2023-11-21,P0012,S001,81,26.0,80.49171044109674,80.49171044109674,0.5082895589032574
2023-11-21,P0001,S004,98,128.0,97.48209584126933,97.48209584126933,0.5179041587306727
2023-11-21,P0015,S004,35,325.0,35.92993022539403,35.92993022539403,-0.9299302253940311
2023-11-21,P0009,S001,8,21.0,7.730405295357962,7.730405295357962,0.2695947046420377
2023-11-21,P0008,S005,347,268.0,345.84144589169347,345.84144589169347,1.1585541083065323
2023-11-21,P0020,S003,55,32.0,54.1019665151841,54.1019665151841,0.8980334848158975
2023-11-21,P0007,S005,1,35.0,1.3704586983226257,1.3704586983226257,-0.3704586983226257
2023-11-21,P0011,S004,390,118.0,391.8058070245578,391.8058070245578,-1.8058070245577937
2023-11-21,P0002,S003,246,132.0,246.32041455667735,246.32041455667735,-0.3204145566773491
2023-11-21,P0011,S001,32,331.0,32.57107435331804,32.57107435331804,-0.5710743533180391
2023-11-21,P0004,S002,317,70.0,316.92424124737903,316.92424124737903,0.07575875262097043
2023-11-21,P0007,S002,31,288.0,32.04557988393948,32.04557988393948,-1.0455798839394816
2023-11-21,P0009,S002,208,246.0,208.93186291899485,208.93186291899485,-0.9318629189948524
2023-11-21,P0018,S004,331,223.0,330.50035433187594,330.50035433187594,0.4996456681240602
2023-11-21,P0020,S004,31,246.0,32.04557988393948,32.04557988393948,-1.0455798839394816
2023-11-21,P0012,S004,68,171.0,67.49998503903866,67.49998503903866,0.5000149609613374
2023-11-21,P0014,S005,8,175.0,8.142113846211357,8.142113846211357,-0.14211384621135714
2023-11-21,P0016,S003,260,130.0,261.06657277477063,261.06657277477063,-1.0665727747706342
2023-11-21,P0004,S005,249,179.0,248.63734301033418,248.63734301033418,0.3626569896658225
2023-11-21,P0009,S003,39,78.0,39.03968403328817,39.03968403328817,-0.03968403328816805
2023-11-21,P0011,S005,100,108.0,99.57140005702581,99.57140005702581,0.4285999429741878
2023-11-21,P0005,S005,121,347.0,121.94583422167545,121.94583422167545,-0.9458342216754545
2023-11-21,P0015,S005,191,6.0,191.33306973558666,191.33306973558666,-0.33306973558666186
2023-11-21,P0011,S002,14,25.0,13.845620370969261,13.845620370969261,0.1543796290307391
2023-11-21,P0016,S005,379,0.0,376.9779925747519,376.9779925747519,2.0220074252480913
2023-11-21,P0010,S001,67,61.0,66.5590742944297,66.5590742944297,0.44092570557029376
2023-11-21,P0017,S005,179,163.0,180.33170524705417,180.33170524705417,-1.331705247054174
2023-11-21,P0003,S002,17,69.0,17.29297818912717,17.29297818912717,-0.2929781891271688
2023-11-21,P0001,S005,119,144.0,118.79181932894532,118.79181932894532,0.2081806710546772
2023-11-21,P0019,S005,62,94.0,61.968147124267176,61.968147124267176,0.031852875732823804
2023-11-21,P0018,S003,40,81.0,40.28499808578494,40.28499808578494,-0.2849980857849417
2023-11-21,P0006,S005,196,74.0,194.28894401864721,194.28894401864721,1.7110559813527857
2023-11-21,P0018,S001,347,115.0,344.22696068364013,344.22696068364013,2.7730393163598706
2023-11-21,P0011,S003,282,15.0,281.9404048591338,281.9404048591338,0.05959514086617901
2023-11-21,P0002,S004,126,45.0,126.0223584510731,126.0223584510731,-0.02235845107310297
2023-11-21,P0017,S003,147,211.0,146.29449597948383,146.29449597948383,0.7055040205161731
2023-11-21,P0010,S003,52,317.0,52.018176874419964,52.018176874419964,-0.018176874419964406
2023-11-21,P0019,S004,8,97.0,8.5228915727421,8.5228915727421,-0.5228915727421004
2023-11-21,P0014,S003,197,163.0,197.85399257587292,197.85399257587292,-0.8539925758729225
2023-11-21,P0017,S004,152,263.0,151.73897098095225,151.73897098095225,0.2610290190477542
2023-11-21,P0002,S002,36,91.0,35.994685218233,35.994685218233,0.005314781766998067
2023-11-21,P0020,S005,142,113.0,141.72383073166571,141.72383073166571,0.2761692683342858
2023-11-21,P0006,S002,101,68.0,101.10645648724015,101.10645648724015,-0.10645648724015189
2023-11-21,P0016,S004,282,187.0,281.0858620873084,281.0858620873084,0.9141379126916149
2023-11-21,P0003,S005,64,169.0,63.84951370570638,63.84951370570638,0.15048629429362137
2023-11-21,P0005,S002,93,128.0,93.14075820971006,93.14075820971006,-0.14075820971005726
2023-11-21,P0002,S001,330,349.0,330.41342791002023,330.41342791002023,-0.41342791002023205
2023-11-21,P0006,S001,70,147.0,69.82643004866642,69.82643004866642,0.173569951333576
2023-11-21,P0001,S002,145,15.0,145.4202242765707,145.4202242765707,-0.42022427657070693
2023-11-21,P0015,S002,8,147.0,8.691023145989881,8.691023145989881,-0.691023145989881
2023-11-21,P0018,S002,272,215.0,272.22591130204626,272.22591130204626,-0.22591130204625642
2023-11-21,P0001,S001,21,365.0,20.557446761190196,20.557446761190196,0.44255323880980413
2023-11-21,P0001,S003,220,92.0,220.99818451447527,220.99818451447527,-0.9981845144752697
2023-11-21,P0015,S001,293,71.0,292.27585827699215,292.27585827699215,0.7241417230078468
2023-11-21,P0005,S001,169,82.0,170.3188856453049,170.3188856453049,-1.3188856453049027
2023-11-21,P0012,S005,78,281.0,78.79818088512047,78.79818088512047,-0.7981808851204732
2023-11-21,P0009,S004,193,254.0,192.69860649752786,192.69860649752786,0.3013935024721377
2023-11-21,P0010,S004,17,256.0,17.68143086211101,17.68143086211101,-0.6814308621110108
2023-11-21,P0014,S002,275,158.0,275.2992085496581,275.2992085496581,-0.29920854965808985
2023-11-21,P0003,S003,311,286.0,311.59573665384664,311.59573665384664,-0.5957366538466431
2023-11-21,P0004,S004,65,376.0,66.26293380337593,66.26293380337593,-1.2629338033759296
2023-11-21,P0017,S001,85,387.0,85.66273871686731,85.66273871686731,-0.6627387168673096
2023-11-21,P0006,S004,299,49.0,299.9915083531289,299.9915083531289,-0.9915083531288928
2023-11-21,P0008,S003,92,42.0,92.70471624318029,92.70471624318029,-0.704716243180286
2023-11-21,P0016,S002,77,154.0,77.7010082377585,77.7010082377585,-0.7010082377585007
2023-11-21,P0012,S003,241,197.0,239.97048011393807,239.97048011393807,1.0295198860619337
2023-11-21,P0013,S002,59,466.0,58.812655279372656,58.812655279372656,0.18734472062734397
2023-11-21,P0005,S004,289,20.0,288.2724493359531,288.2724493359531,0.7275506640468734
2023-11-21,P0002,S005,42,64.0,41.4330355277248,41.4330355277248,0.5669644722752025
2023-11-21,P0013,S005,75,43.0,75.33232381196727,75.33232381196727,-0.3323238119672709
2023-11-21,P0016,S001,199,114.0,197.85804544340357,197.85804544340357,1.1419545565964313
2023-11-21,P0012,S002,271,21.0,270.37693100475997,270.37693100475997,0.6230689952400326
2023-11-21,P0003,S004,72,40.0,71.18983225717508,71.18983225717508,0.8101677428249161
2023-11-21,P0008,S002,190,25.0,190.53666193262933,190.53666193262933,-0.5366619326293289
2023-11-21,P0018,S005,199,180.0,198.76250559028412,198.76250559028412,0.23749440971587887
2023-11-21,P0009,S005,110,256.0,110.71231267822515,110.71231267822515,-0.7123126782251461
2023-11-21,P0014,S001,39,257.0,39.29290029590706,39.29290029590706,-0.2929002959070601
2023-11-21,P0019,S001,80,235.0,79.32858401943578,79.32858401943578,0.6714159805642197
2023-11-21,P0004,S003,28,107.0,27.53079538649468,27.53079538649468,0.46920461350531895
2023-11-21,P0004,S001,79,54.0,79.58577932484071,79.58577932484071,-0.5857793248407148
2023-11-21,P0013,S001,92,106.0,92.40323770432413,92.40323770432413,-0.40323770432412687
2023-11-21,P0015,S003,79,77.0,78.83961030504867,78.83961030504867,0.16038969495133415
2023-11-21,P0010,S005,76,178.0,75.77540106305494,75.77540106305494,0.22459893694505695
2023-11-21,P0019,S002,29,63.0,29.579734636766602,29.579734636766602,-0.5797346367666023
2023-11-21,P0013,S003,285,136.0,286.45338754246507,286.45338754246507,-1.453387542465066
2023-11-21,P0008,S001,23,144.0,22.699973399209995,22.699973399209995,0.3000266007900052
2023-11-21,P0006,S003,172,23.0,172.38285572594333,172.38285572594333,-0.3828557259433296
2023-11-21,P0008,S004,156,120.0,155.4183744129542,155.4183744129542,0.5816255870458065
2023-11-21,P0019,S003,158,425.0,158.1674197181051,158.1674197181051,-0.16741971810509426
2023-11-21,P0007,S001,45,246.0,45.20438697389527,45.20438697389527,-0.20438697389526794
2023-11-21,P0020,S002,340,331.0,339.6828594707622,339.6828594707622,0.317140529237804
2023-11-21,P0007,S004,13,39.0,13.432935596526928,13.432935596526928,-0.4329355965269279
2023-11-21,P0010,S002,26,70.0,25.513504954418806,25.513504954418806,0.4864950455811936
2023-11-21,P0007,S003,130,154.0,130.31937640195255,130.31937640195255,-0.3193764019525531
2023-11-21,P0020,S001,189,7.0,189.02589089114184,189.02589089114184,-0.02589089114184162
2023-11-21,P0003,S001,20,144.0,19.849219576582854,19.849219576582854,0.15078042341714593
2023-11-22,P0013,S003,98,285.0,97.66192592628683,97.66192592628683,0.3380740737131731
2023-11-22,P0007,S001,150,45.0,150.32998288711065,150.32998288711065,-0.3299828871106456
2023-11-22,P0009,S001,222,8.0,220.99966701015234,220.99966701015234,1.0003329898476636
2023-11-22,P0015,S001,30,293.0,29.760361664908814,29.760361664908814,0.23963833509118615
2023-11-22,P0011,S005,213,100.0,211.96036205102695,211.96036205102695,1.039637948973052
2023-11-22,P0019,S001,124,80.0,124.56499121918189,124.56499121918189,-0.5649912191818913
2023-11-22,P0009,S002,136,208.0,136.93137548693886,136.93137548693886,-0.9313754869388617
2023-11-22,P0002,S001,162,330.0,160.87394262634058,160.87394262634058,1.126057373659421
2023-11-22,P0007,S004,41,13.0,41.29474198723857,41.29474198723857,-0.2947419872385666
2023-11-22,P0005,S004,70,289.0,69.96026621500452,69.96026621500452,0.03973378499547664
2023-11-22,P0003,S003,199,311.0,197.9285868711141,197.9285868711141,1.0714131288858937
2023-11-22,P0020,S003,276,55.0,274.6860958021719,274.6860958021719,1.3139041978280943
2023-11-22,P0011,S003,133,282.0,134.04276465503224,134.04276465503224,-1.0427646550322436
2023-11-22,P0001,S004,84,98.0,84.44225675285561,84.44225675285561,-0.44225675285561294
2023-11-22,P0017,S001,75,85.0,75.37529297726955,75.37529297726955,-0.37529297726955235
2023-11-22,P0011,S002,2,14.0,2.5017151895691483,2.5017151895691483,-0.5017151895691483
2023-11-22,P0003,S005,175,64.0,175.13407679018684,175.13407679018684,-0.13407679018683893
2023-11-22,P0015,S003,31,79.0,31.18292377493515,31.18292377493515,-0.18292377493515133
2023-11-22,P0018,S003,166,40.0,165.56322767645958,165.56322767645958,0.43677232354042417
2023-11-22,P0015,S004,225,35.0,225.43808143422808,225.43808143422808,-0.43808143422808143
2023-11-22,P0007,S002,2,31.0,1.812922327301337,1.812922327301337,0.18707767269866293
2023-11-22,P0013,S002,93,59.0,92.94635384589866,92.94635384589866,0.05364615410134377
2023-11-22,P0009,S005,205,110.0,204.31610158747705,204.31610158747705,0.6838984125229501
2023-11-22,P0007,S003,132,130.0,132.8121325041783,132.8121325041783,-0.8121325041782939
2023-11-22,P0010,S001,7,67.0,7.368960061533711,7.368960061533711,-0.36896006153371097
2023-11-22,P0020,S001,94,189.0,93.66696700289305,93.66696700289305,0.33303299710695455
2023-11-22,P0017,S003,221,147.0,220.16834178357198,220.16834178357198,0.8316582164280248
2023-11-22,P0013,S001,80,92.0,80.05610561581847,80.05610561581847,-0.05610561581846696
2023-11-22,P0004,S001,256,79.0,256.60281883319374,256.60281883319374,-0.6028188331937372
2023-11-22,P0008,S005,106,347.0,106.9796437012481,106.9796437012481,-0.9796437012480936
2023-11-22,P0018,S001,144,347.0,144.10509719723143,144.10509719723143,-0.10509719723143007
2023-11-22,P0004,S003,123,28.0,122.63319498187255,122.63319498187255,0.3668050181274509
2023-11-22,P0013,S005,287,75.0,288.3908013815346,288.3908013815346,-1.3908013815345726
2023-11-22,P0003,S004,85,72.0,83.89797477887932,83.89797477887932,1.1020252211206838
2023-11-22,P0006,S002,79,101.0,78.92907979810587,78.92907979810587,0.07092020189412551
2023-11-22,P0003,S001,111,20.0,111.37037063891025,111.37037063891025,-0.370370638910245
2023-11-22,P0014,S003,142,197.0,142.14750669946284,142.14750669946284,-0.1475066994628378
2023-11-22,P0018,S002,160,272.0,159.77839205410206,159.77839205410206,0.22160794589794364
2023-11-22,P0010,S003,387,52.0,384.16989227159524,384.16989227159524,2.830107728404755
2023-11-22,P0018,S005,43,199.0,43.8711594521531,43.8711594521531,-0.8711594521531012
2023-11-22,P0019,S002,84,29.0,84.1001443762235,84.1001443762235,-0.10014437622349703
2023-11-22,P0019,S004,76,8.0,75.72685892255738,75.72685892255738,0.2731410774426166
2023-11-22,P0014,S004,132,17.0,132.94710834693004,132.94710834693004,-0.9471083469300368
2023-11-22,P0001,S001,132,21.0,131.36356857953942,131.36356857953942,0.6364314204605819
2023-11-22,P0002,S002,220,36.0,220.95526587487512,220.95526587487512,-0.9552658748751242
2023-11-22,P0005,S001,113,169.0,112.22158134605982,112.22158134605982,0.7784186539401787
2023-11-22,P0012,S005,326,78.0,326.7644639023731,326.7644639023731,-0.7644639023731088
2023-11-22,P0002,S004,156,126.0,155.5366626027041,155.5366626027041,0.46333739729590206
2023-11-22,P0010,S005,44,76.0,43.708277286248325,43.708277286248325,0.2917227137516747
2023-11-22,P0005,S002,128,93.0,128.45111528170042,128.45111528170042,-0.4511152817004245
2023-11-22,P0016,S001,184,199.0,183.71592330490003,183.71592330490003,0.28407669509996936
2023-11-22,P0020,S002,15,340.0,14.96630015793132,14.96630015793132,0.03369984206868004
2023-11-22,P0009,S004,2,193.0,1.6683578697322223,1.6683578697322223,0.33164213026777767
2023-11-22,P0006,S001,111,70.0,110.76919612436231,110.76919612436231,0.23080387563769023
2023-11-22,P0010,S002,70,26.0,70.15458749581101,70.15458749581101,-0.15458749581101472
2023-11-22,P0016,S004,22,282.0,21.760446500531884,21.760446500531884,0.23955349946811566
2023-11-22,P0008,S003,301,92.0,302.65823271066483,302.65823271066483,-1.6582327106648336
2023-11-22,P0012,S003,194,241.0,192.7974926199528,192.7974926199528,1.2025073800471944
2023-11-22,P0006,S005,292,196.0,292.85756873459013,292.85756873459013,-0.8575687345901315
2023-11-22,P0012,S002,199,271.0,197.6794518136221,197.6794518136221,1.3205481863778914
2023-11-22,P0008,S001,189,23.0,189.849859826873,189.849859826873,-0.8498598268730007
2023-11-22,P0008,S004,210,156.0,210.29948263268201,210.29948263268201,-0.2994826326820146
2023-11-22,P0019,S003,413,158.0,414.89556631592984,414.89556631592984,-1.895566315929841
2023-11-22,P0004,S004,130,65.0,129.69733098243117,129.69733098243117,0.3026690175688316
2023-11-22,P0017,S004,3,152.0,3.4520776356768517,3.4520776356768517,-0.45207763567685166
2023-11-22,P0019,S005,134,62.0,134.38173341005503,134.38173341005503,-0.38173341005503403
2023-11-22,P0001,S005,16,119.0,15.58949841900527,15.58949841900527,0.41050158099472966
2023-11-22,P0006,S003,190,172.0,189.98059024859205,189.98059024859205,0.01940975140794876
2023-11-22,P0008,S002,153,190.0,153.81148167103538,153.81148167103538,-0.8114816710353807
2023-11-22,P0004,S002,46,317.0,45.805317184473246,45.805317184473246,0.19468281552675393
2023-11-22,P0020,S004,315,31.0,316.45395091663954,316.45395091663954,-1.453950916639542
2023-11-22,P0017,S002,463,8.0,465.7784541618556,465.7784541618556,-2.7784541618556204
2023-11-22,P0014,S002,67,275.0,67.20876822238917,67.20876822238917,-0.2087682223891676
2023-11-22,P0007,S005,301,1.0,300.4983249343912,300.4983249343912,0.501675065608822
2023-11-22,P0002,S003,2,246.0,2.219413215109754,2.219413215109754,-0.21941321510975387
2023-11-22,P0014,S001,228,39.0,227.84914922738892,227.84914922738892,0.15085077261107926
2023-11-22,P0005,S003,59,145.0,58.77087396398457,58.77087396398457,0.2291260360154297
2023-11-22,P0011,S001,130,32.0,129.78127476177903,129.78127476177903,0.21872523822096923
2023-11-22,P0004,S005,28,249.0,28.806001040781943,28.806001040781943,-0.8060010407819433
2023-11-22,P0017,S005,50,179.0,50.25383775978929,50.25383775978929,-0.2538377597892918
2023-11-22,P0005,S005,141,121.0,140.60459612101474,140.60459612101474,0.3954038789852632
2023-11-22,P0014,S005,31,8.0,32.38221811224991,32.38221811224991,-1.3822181122499089
2023-11-22,P0006,S004,6,299.0,6.800284475919075,6.800284475919075,-0.8002844759190753
2023-11-22,P0016,S002,83,77.0,82.8185633028136,82.8185633028136,0.181436697186399
2023-11-22,P0012,S001,363,81.0,365.08854905754384,365.08854905754384,-2.088549057543844
2023-11-22,P0009,S003,152,39.0,151.27967136615868,151.27967136615868,0.7203286338413193
2023-11-22,P0001,S003,4,220.0,4.313189049675477,4.313189049675477,-0.31318904967547656
2023-11-22,P0015,S002,69,8.0,68.98459814670134,68.98459814670134,0.01540185329865551
2023-11-22,P0015,S005,88,191.0,88.09562434160766,88.09562434160766,-0.09562434160766031
2023-11-22,P0011,S004,156,390.0,155.93108856326793,155.93108856326793,0.06891143673206557
2023-11-22,P0002,S005,28,42.0,27.463149302563142,27.463149302563142,0.5368506974368579
2023-11-22,P0020,S005,156,142.0,154.98539779896143,154.98539779896143,1.0146022010385707
2023-11-22,P0016,S005,320,379.0,321.5765818809558,321.5765818809558,-1.576581880955814
2023-11-22,P0012,S004,232,68.0,232.04354757740452,232.04354757740452,-0.04354757740452442
2023-11-22,P0001,S002,234,145.0,233.826269463497,233.826269463497,0.17373053650300108
2023-11-22,P0013,S004,10,38.0,10.460553390513299,10.460553390513299,-0.460553390513299
2023-11-22,P0010,S004,401,17.0,400.7144036247671,400.7144036247671,0.28559637523289894
2023-11-22,P0003,S002,193,17.0,192.39354881673367,192.39354881673367,0.60645118326633
2023-11-22,P0016,S003,212,260.0,211.47814097122188,211.47814097122188,0.521859028778124
2023-11-22,P0018,S004,236,331.0,236.5327510985882,236.5327510985882,-0.5327510985881929
2023-11-23,P0016,S003,17,212.0,18.316369150574673,18.316369150574673,-1.3163691505746726
2023-11-23,P0019,S001,281,124.0,279.30634662630945,279.30634662630945,1.6936533736905517
2023-11-23,P0005,S001,135,113.0,134.83122378146123,134.83122378146123,0.1687762185387669
2023-11-23,P0005,S004,162,70.0,161.4341361169031,161.4341361169031,0.5658638830969096
2023-11-23,P0014,S002,93,67.0,92.36176184757782,92.36176184757782,0.6382381524221756
2023-11-23,P0010,S004,31,401.0,31.00573231164629,31.00573231164629,-0.005732311646291066
2023-11-23,P0001,S004,7,84.0,7.8670445386286865,7.8670445386286865,-0.8670445386286865
2023-11-23,P0007,S003,120,132.0,120.68446096829697,120.68446096829697,-0.6844609682969747
2023-11-23,P0012,S005,0,326.0,0.35468272861812855,0.35468272861812855,-0.35468272861812855
2023-11-23,P0003,S003,3,199.0,3.474396363862684,3.474396363862684,-0.474396363862684
2023-11-23,P0011,S005,173,213.0,173.7299506446407,173.7299506446407,-0.7299506446406951
2023-11-23,P0008,S003,203,301.0,204.66887240861612,204.66887240861612,-1.6688724086161244
2023-11-23,P0009,S001,121,222.0,121.55100352540792,121.55100352540792,-0.5510035254079213
2023-11-23,P0004,S005,210,28.0,210.31995945739507,210.31995945739507,-0.3199594573950719
2023-11-23,P0002,S003,122,2.0,122.49622287210876,122.49622287210876,-0.4962228721087598
2023-11-23,P0007,S002,91,2.0,90.46649559654102,90.46649559654102,0.5335044034589771
2023-11-23,P0017,S002,260,463.0,259.5147957026569,259.5147957026569,0.48520429734310255
2023-11-23,P0018,S003,283,166.0,281.83479917058895,281.83479917058895,1.1652008294110487
2023-11-23,P0018,S004,128,236.0,127.0700414669765,127.0700414669765,0.9299585330234947
2023-11-23,P0012,S004,204,232.0,205.30911490072202,205.30911490072202,-1.3091149007220224
2023-11-23,P0014,S001,17,228.0,17.329252431197414,17.329252431197414,-0.3292524311974141
2023-11-23,P0020,S001,83,94.0,82.75648093641846,82.75648093641846,0.24351906358154451
2023-11-23,P0008,S002,207,153.0,205.95637419619385,205.95637419619385,1.043625803806151
2023-11-23,P0018,S002,14,160.0,14.245097221800336,14.245097221800336,-0.24509722180033577
2023-11-23,P0006,S003,219,190.0,218.04236844814733,218.04236844814733,0.9576315518526712
2023-11-23,P0009,S005,130,205.0,130.25328523895482,130.25328523895482,-0.2532852389548168
2023-11-23,P0019,S002,99,84.0,98.41648454901508,98.41648454901508,0.583515450984919
2023-11-23,P0017,S005,88,50.0,88.20961149665133,88.20961149665133,-0.20961149665133405
2023-11-23,P0006,S002,224,79.0,224.5401230417053,224.5401230417053,-0.5401230417053
2023-11-23,P0010,S003,120,387.0,119.94280952912344,119.94280952912344,0.05719047087656293
2023-11-23,P0003,S005,353,175.0,351.0738202249908,351.0738202249908,1.9261797750091887
2023-11-23,P0002,S004,61,156.0,61.888651227675325,61.888651227675325,-0.8886512276753251
2023-11-23,P0004,S004,2,130.0,1.680040008242363,1.680040008242363,0.319959991757637
2023-11-23,P0013,S002,246,93.0,246.58238992568917,246.58238992568917,-0.5823899256891707
2023-11-23,P0012,S003,427,194.0,426.76384631117776,426.76384631117776,0.23615368882224175
2023-11-23,P0015,S001,37,30.0,37.09097270388817,37.09097270388817,-0.0909727038881698
2023-11-23,P0015,S002,17,69.0,16.572554068597906,16.572554068597906,0.42744593140209375
2023-11-23,P0011,S002,253,2.0,252.46749086121565,252.46749086121565,0.5325091387843486
2023-11-23,P0013,S005,230,287.0,230.75327433491978,230.75327433491978,-0.7532743349197801
2023-11-23,P0009,S004,11,2.0,9.97070452114276,9.97070452114276,1.0292954788572395
2023-11-23,P0004,S001,236,256.0,236.02626746914046,236.02626746914046,-0.026267469140464073
2023-11-23,P0009,S002,434,136.0,436.9306894795088,436.9306894795088,-2.9306894795088283
2023-11-23,P0013,S003,298,98.0,299.37991633333195,299.37991633333195,-1.3799163333319484
2023-11-23,P0014,S004,230,132.0,229.62388396603498,229.62388396603498,0.3761160339650189
2023-11-23,P0011,S003,158,133.0,157.6417386092178,157.6417386092178,0.35826139078218944
2023-11-23,P0019,S005,21,134.0,21.723957086680116,21.723957086680116,-0.7239570866801159
2023-11-23,P0015,S004,293,225.0,293.30783226215516,293.30783226215516,-0.30783226215515924
2023-11-23,P0001,S005,161,16.0,161.08973919121289,161.08973919121289,-0.08973919121288532
2023-11-23,P0015,S005,235,88.0,236.00558319493362,236.00558319493362,-1.005583194933621
2023-11-23,P0009,S003,21,152.0,22.043397898777783,22.043397898777783,-1.0433978987777834
2023-11-23,P0012,S001,239,363.0,238.71806939292924,238.71806939292924,0.28193060707076256
2023-11-23,P0013,S004,30,10.0,30.62071162249294,30.62071162249294,-0.6207116224929408
2023-11-23,P0016,S005,139,320.0,138.5149935208555,138.5149935208555,0.4850064791444879
2023-11-23,P0008,S005,127,106.0,126.66036636863176,126.66036636863176,0.339633631368244
2023-11-23,P0017,S003,139,221.0,139.45873184378644,139.45873184378644,-0.4587318437864383
2023-11-23,P0003,S002,12,193.0,12.095256114952598,12.095256114952598,-0.09525611495259767
2023-11-23,P0017,S004,28,3.0,27.649985972027775,27.649985972027775,0.35001402797222525
2023-11-23,P0004,S002,77,46.0,76.9748861514246,76.9748861514246,0.02511384857540122
2023-11-23,P0020,S004,24,315.0,22.969716016762423,22.969716016762423,1.0302839832375774
2023-11-23,P0007,S005,56,301.0,55.99026936735368,55.99026936735368,0.009730632646316906
2023-11-23,P0010,S001,118,7.0,118.60330170602069,118.60330170602069,-0.6033017060206873
2023-11-23,P0005,S003,144,59.0,143.97044686981482,143.97044686981482,0.029553130185178134
2023-11-23,P0011,S001,224,130.0,224.31813018080567,224.31813018080567,-0.31813018080566735
2023-11-23,P0005,S005,45,141.0,44.486273852875215,44.486273852875215,0.5137261471247854
2023-11-23,P0020,S003,99,276.0,98.6592983265704,98.6592983265704,0.34070167342960644
2023-11-23,P0014,S005,57,31.0,56.98500524528372,56.98500524528372,0.01499475471627676
2023-11-23,P0018,S005,71,43.0,71.09819937392297,71.09819937392297,-0.09819937392296652
2023-11-23,P0003,S001,193,111.0,193.21079485992743,193.21079485992743,-0.2107948599274323
2023-11-23,P0003,S004,119,85.0,118.9985966500881,118.9985966500881,0.001403349911896612
2023-11-23,P0004,S003,62,123.0,62.16189138211305,62.16189138211305,-0.16189138211304765
2023-11-23,P0016,S002,6,83.0,5.336822381518942,5.336822381518942,0.6631776184810576
2023-11-23,P0020,S005,100,156.0,99.5465753781291,99.5465753781291,0.4534246218708944
2023-11-23,P0019,S003,22,413.0,21.71359557831822,21.71359557831822,0.28640442168178026
2023-11-23,P0006,S004,118,6.0,118.44152378726984,118.44152378726984,-0.4415237872698441
2023-11-23,P0001,S003,256,4.0,254.6852597963725,254.6852597963725,1.3147402036275082
2023-11-23,P0002,S005,141,28.0,140.94900226756332,140.94900226756332,0.05099773243668437
2023-11-23,P0002,S002,6,220.0,6.7841505825218995,6.7841505825218995,-0.7841505825218995
2023-11-23,P0019,S004,173,76.0,172.77456401050225,172.77456401050225,0.225435989497754
2023-11-23,P0014,S003,399,142.0,399.97361201943454,399.97361201943454,-0.9736120194345403
2023-11-23,P0001,S002,218,234.0,216.95583592652446,216.95583592652446,1.0441640734755424
2023-11-23,P0012,S002,21,199.0,20.602661663745668,20.602661663745668,0.39733833625433235
2023-11-23,P0006,S001,80,111.0,81.07419528440957,81.07419528440957,-1.0741952844095692
2023-11-23,P0002,S001,205,162.0,204.45703251710356,204.45703251710356,0.5429674828964437
2023-11-23,P0017,S001,143,75.0,143.5630143967112,143.5630143967112,-0.5630143967111962
2023-11-23,P0016,S001,94,184.0,94.05775544517206,94.05775544517206,-0.05775544517206299
2023-11-23,P0010,S002,72,70.0,72.15121899719874,72.15121899719874,-0.15121899719873966
2023-11-23,P0007,S004,128,41.0,127.63694513462902,127.63694513462902,0.36305486537098375
2023-11-23,P0007,S001,235,150.0,235.24256127679126,235.24256127679126,-0.24256127679126394
2023-11-23,P0020,S002,70,15.0,70.15418858471047,70.15418858471047,-0.15418858471046804
2023-11-23,P0016,S004,106,22.0,105.46577842714598,105.46577842714598,0.5342215728540225
2023-11-23,P0008,S001,206,189.0,205.16736687627755,205.16736687627755,0.8326331237224451
2023-11-23,P0008,S004,261,210.0,261.07415532896755,261.07415532896755,-0.0741553289675494
2023-11-23,P0013,S001,26,80.0,25.755432440558092,25.755432440558092,0.2445675594419079
2023-11-23,P0018,S001,256,144.0,256.1932747282342,256.1932747282342,-0.19327472823420067
2023-11-23,P0006,S005,167,292.0,166.19232628387334,166.19232628387334,0.8076737161266578
2023-11-23,P0010,S005,209,44.0,209.15172765863485,209.15172765863485,-0.15172765863485438
2023-11-23,P0015,S003,104,31.0,104.10337671309516,104.10337671309516,-0.10337671309515883
2023-11-23,P0005,S002,149,128.0,148.75109912344524,148.75109912344524,0.24890087655475668
2023-11-23,P0001,S001,226,132.0,226.13435689132052,226.13435689132052,-0.13435689132052175
2023-11-23,P0011,S004,192,156.0,191.50528203812047,191.50528203812047,0.4947179618795303
2023-11-24,P0009,S001,70,121.0,70.09838704808223,70.09838704808223,-0.09838704808223042
2023-11-24,P0011,S004,118,192.0,118.20073482382378,118.20073482382378,-0.2007348238237796
2023-11-24,P0004,S005,398,210.0,395.2471464193067,395.2471464193067,2.7528535806932837
2023-11-24,P0009,S004,81,11.0,81.3890712985136,81.3890712985136,-0.3890712985135991
2023-11-24,P0012,S004,103,204.0,102.04000904599204,102.04000904599204,0.9599909540079636
2023-11-24,P0014,S001,13,17.0,13.184417114667857,13.184417114667857,-0.18441711466785726
2023-11-24,P0006,S002,78,224.0,77.99155570560896,77.99155570560896,0.00844429439104033
2023-11-24,P0005,S001,12,135.0,12.575145636860078,12.575145636860078,-0.5751456368600785
2023-11-24,P0012,S005,5,0.0,4.982307286800446,4.982307286800446,0.0176927131995539
2023-11-24,P0013,S005,349,230.0,350.40641872313824,350.40641872313824,-1.4064187231382448
2023-11-24,P0001,S003,16,256.0,15.874940626115071,15.874940626115071,0.1250593738849286
2023-11-24,P0006,S001,7,80.0,6.987707173874215,6.987707173874215,0.012292826125785083
2023-11-24,P0018,S004,63,128.0,63.43036448454503,63.43036448454503,-0.43036448454503073
2023-11-24,P0018,S001,44,256.0,43.94868044899868,43.94868044899868,0.05131955100132046
2023-11-24,P0018,S005,50,71.0,49.41106403906954,49.41106403906954,0.5889359609304634
2023-11-24,P0013,S004,80,30.0,78.98272841301561,78.98272841301561,1.0172715869843927
2023-11-24,P0005,S005,145,45.0,145.43755964958692,145.43755964958692,-0.43755964958691607
2023-11-24,P0005,S003,215,144.0,214.19829759273748,214.19829759273748,0.8017024072625247
2023-11-24,P0013,S003,34,298.0,33.745809153495586,33.745809153495586,0.2541908465044145
2023-11-24,P0009,S002,280,434.0,280.09426783637036,280.09426783637036,-0.09426783637036351
2023-11-24,P0013,S001,27,26.0,28.010881899881912,28.010881899881912,-1.0108818998819125
2023-11-24,P0005,S004,29,162.0,29.584214259731958,29.584214259731958,-0.584214259731958
2023-11-24,P0013,S002,40,246.0,40.7425756115632,40.7425756115632,-0.742575611563197
2023-11-24,P0020,S001,114,83.0,114.14580650922133,114.14580650922133,-0.14580650922133032
2023-11-24,P0005,S002,158,149.0,157.58234806731397,157.58234806731397,0.4176519326860273
2023-11-24,P0007,S002,120,91.0,119.7466023781958,119.7466023781958,0.2533976218041971
2023-11-24,P0006,S003,79,219.0,78.94290987164956,78.94290987164956,0.05709012835043836
2023-11-24,P0012,S003,15,427.0,13.960695873353721,13.960695873353721,1.0393041266462788
2023-11-24,P0003,S005,99,353.0,99.67152445823339,99.67152445823339,-0.6715244582333924
2023-11-24,P0015,S001,271,37.0,271.94922440062766,271.94922440062766,-0.9492244006276565
2023-11-24,P0019,S001,20,281.0,19.43254219696624,19.43254219696624,0.5674578030337614
2023-11-24,P0019,S003,142,22.0,142.38251897108353,142.38251897108353,-0.3825189710835275
2023-11-24,P0007,S001,291,235.0,290.84156437883547,290.84156437883547,0.15843562116452858
2023-11-24,P0004,S001,219,236.0,217.95280637243275,217.95280637243275,1.0471936275672533
2023-11-24,P0017,S003,216,139.0,216.13961997042446,216.13961997042446,-0.13961997042446228
2023-11-24,P0017,S004,305,28.0,305.9445117324435,305.9445117324435,-0.9445117324435159
2023-11-24,P0014,S005,283,57.0,282.3355584707247,282.3355584707247,0.6644415292752797
2023-11-24,P0011,S005,17,173.0,15.951797698837288,15.951797698837288,1.0482023011627124
2023-11-24,P0004,S004,112,2.0,112.66302333635254,112.66302333635254,-0.6630233363525377
2023-11-24,P0004,S002,29,77.0,29.16856519188967,29.16856519188967,-0.16856519188966956
2023-11-24,P0019,S005,83,21.0,83.69357432476127,83.69357432476127,-0.693574324761272
2023-11-24,P0014,S004,25,230.0,25.112264618183854,25.112264618183854,-0.11226461818385403
2023-11-24,P0004,S003,123,62.0,122.85010451458737,122.85010451458737,0.1498954854126282
2023-11-24,P0006,S005,69,167.0,69.39396417606798,69.39396417606798,-0.39396417606798195
2023-11-24,P0020,S002,105,70.0,105.26660809439768,105.26660809439768,-0.2666080943976823
2023-11-24,P0012,S002,49,21.0,48.948393326880264,48.948393326880264,0.05160667311973555
2023-11-24,P0001,S002,319,218.0,318.4567850778102,318.4567850778102,0.5432149221898044
2023-11-24,P0014,S003,105,399.0,105.54946615643978,105.54946615643978,-0.5494661564397774
2023-11-24,P0006,S004,108,118.0,108.27175618323027,108.27175618323027,-0.2717561832302664
2023-11-24,P0014,S002,57,93.0,56.625688347339015,56.625688347339015,0.3743116526609853
2023-11-24,P0012,S001,127,239.0,127.05328408000226,127.05328408000226,-0.05328408000225693
2023-11-24,P0001,S004,323,7.0,321.2745389874016,321.2745389874016,1.7254610125983731
2023-11-24,P0015,S002,80,17.0,79.59276059334084,79.59276059334084,0.4072394066591585
2023-11-24,P0007,S004,27,128.0,26.96185558103267,26.96185558103267,0.038144418967331006
2023-11-24,P0017,S002,325,260.0,324.5296155893482,324.5296155893482,0.47038441065177494
2023-11-24,P0020,S003,65,99.0,65.07428898996771,65.07428898996771,-0.07428898996771238
2023-11-24,P0010,S003,7,120.0,7.12197069136123,7.12197069136123,-0.12197069136122973
2023-11-24,P0015,S005,39,235.0,38.35628675003258,38.35628675003258,0.6437132499674192
2023-11-24,P0008,S003,81,203.0,80.1498060988047,80.1498060988047,0.850193901195297
2023-11-24,P0003,S002,309,12.0,309.3658579824378,309.3658579824378,-0.3658579824377739
2023-11-24,P0002,S005,183,141.0,182.82228616106144,182.82228616106144,0.1777138389385584
2023-11-24,P0008,S005,78,127.0,77.53898222256079,77.53898222256079,0.4610177774392099
2023-11-24,P0011,S002,307,253.0,307.5378165962237,307.5378165962237,-0.5378165962237063
2023-11-24,P0010,S001,72,118.0,72.07836369030767,72.07836369030767,-0.07836369030766832
2023-11-24,P0018,S003,35,283.0,35.95893021013981,35.95893021013981,-0.9589302101398118
2023-11-24,P0001,S001,16,226.0,16.971662693493535,16.971662693493535,-0.9716626934935348
2023-11-24,P0016,S001,434,94.0,434.58306764224784,434.58306764224784,-0.5830676422478405
2023-11-24,P0019,S002,24,99.0,24.962252956547356,24.962252956547356,-0.9622529565473563
2023-11-24,P0016,S003,134,17.0,134.4242911705182,134.4242911705182,-0.4242911705181882
2023-11-24,P0003,S003,43,3.0,42.6935508667711,42.6935508667711,0.3064491332289023
2023-11-24,P0020,S004,330,24.0,330.4831721716242,330.4831721716242,-0.4831721716241759
2023-11-24,P0016,S005,412,139.0,415.1218484110238,415.1218484110238,-3.121848411023791
2023-11-24,P0009,S003,28,21.0,27.498749669242287,27.498749669242287,0.5012503307577134
2023-11-24,P0011,S001,372,224.0,371.1614201272627,371.1614201272627,0.8385798727372844
2023-11-24,P0002,S002,145,6.0,144.51540127109212,144.51540127109212,0.48459872890788347
2023-11-24,P0019,S004,79,173.0,78.88875968259273,78.88875968259273,0.11124031740726537
2023-11-24,P0010,S004,27,31.0,27.140144309213365,27.140144309213365,-0.1401443092133654
2023-11-24,P0001,S005,65,161.0,65.07428898996771,65.07428898996771,-0.07428898996771238
2023-11-24,P0010,S002,151,72.0,151.48435606490705,151.48435606490705,-0.48435606490704686
2023-11-24,P0008,S004,27,261.0,26.87946511254517,26.87946511254517,0.12053488745483065
2023-11-24,P0016,S004,130,106.0,129.4995232785766,129.4995232785766,0.5004767214234107
2023-11-24,P0007,S005,29,56.0,29.381249209291987,29.381249209291987,-0.3812492092919868
2023-11-24,P0002,S004,102,61.0,101.86077293086049,101.86077293086049,0.13922706913950833
2023-11-24,P0007,S003,229,120.0,229.25016917612132,229.25016917612132,-0.25016917612131806
2023-11-24,P0016,S002,362,6.0,358.5758546563508,358.5758546563508,3.4241453436491724
2023-11-24,P0015,S004,342,293.0,343.4118358243567,343.4118358243567,-1.4118358243566718
2023-11-24,P0003,S004,3,119.0,2.8593101382590658,2.8593101382590658,0.14068986174093423
2023-11-24,P0008,S001,41,206.0,41.711520136949815,41.711520136949815,-0.7115201369498152
2023-11-24,P0002,S003,81,122.0,80.74410146949285,80.74410146949285,0.25589853050715305
2023-11-24,P0003,S001,281,193.0,279.827980181398,279.827980181398,1.1720198186019957
2023-11-24,P0017,S005,33,88.0,33.09859143934556,33.09859143934556,-0.09859143934556158
2023-11-24,P0015,S003,83,104.0,82.64938086738452,82.64938086738452,0.3506191326154777
2023-11-24,P0017,S001,49,143.0,48.05009095577795,48.05009095577795,0.9499090442220535
2023-11-24,P0009,S005,54,130.0,54.08445591140039,54.08445591140039,-0.08445591140039
2023-11-24,P0018,S002,163,14.0,163.66397915815259,163.66397915815259,-0.6639791581525856
2023-11-24,P0010,S005,83,209.0,82.80774403383836,82.80774403383836,0.19225596616163898
2023-11-24,P0008,S002,111,207.0,111.28713812847903,111.28713812847903,-0.28713812847902886
2023-11-24,P0011,S003,256,158.0,255.47382324988178,255.47382324988178,0.5261767501182248
2023-11-24,P0020,S005,278,100.0,278.09069210156713,278.09069210156713,-0.0906921015671287
2023-11-24,P0002,S001,199,205.0,199.1052260837002,199.1052260837002,-0.10522608370018816
2023-11-25,P0011,S001,84,372.0,83.89360807531463,83.89360807531463,0.10639192468536862
2023-11-25,P0013,S005,226,349.0,227.51417756499552,227.51417756499552,-1.5141775649955207
2023-11-25,P0016,S002,35,362.0,35.98314891630288,35.98314891630288,-0.9831489163028806
2023-11-25,P0018,S004,90,63.0,90.45788620328791,90.45788620328791,-0.45788620328791296
2023-11-25,P0012,S004,145,103.0,144.90340150627478,144.90340150627478,0.09659849372522444
2023-11-25,P0001,S003,119,16.0,118.49808532407543,118.49808532407543,0.5019146759245672
2023-11-25,P0012,S003,437,15.0,432.65950539244795,432.65950539244795,4.340494607552046
2023-11-25,P0002,S002,104,145.0,103.20523043686535,103.20523043686535,0.7947695631346505
2023-11-25,P0015,S001,32,271.0,32.16029565655858,32.16029565655858,-0.16029565655858136
2023-11-25,P0009,S004,69,81.0,69.06763742692446,69.06763742692446,-0.06763742692446328
2023-11-25,P0002,S003,161,81.0,160.43082065412608,160.43082065412608,0.5691793458739198
2023-11-25,P0015,S004,163,342.0,164.24559755817566,164.24559755817566,-1.2455975581756604
2023-11-25,P0004,S005,53,398.0,53.20004973115398,53.20004973115398,-0.20004973115398172
2023-11-25,P0010,S004,98,27.0,97.8713247513482,97.8713247513482,0.12867524865180258
2023-11-25,P0003,S003,185,43.0,185.55535681752528,185.55535681752528,-0.5553568175252792
2023-11-25,P0008,S004,272,27.0,270.9259935621438,270.9259935621438,1.0740064378562124
2023-11-25,P0006,S001,136,7.0,135.84284257653684,135.84284257653684,0.1571574234631612
2023-11-25,P0014,S002,26,57.0,26.892515352564732,26.892515352564732,-0.8925153525647325
2023-11-25,P0010,S002,293,151.0,293.5519304341342,293.5519304341342,-0.5519304341341922
2023-11-25,P0020,S005,289,278.0,291.0912330378777,291.0912330378777,-2.091233037877714
2023-11-25,P0019,S001,18,20.0,17.551143820332538,17.551143820332538,0.4488561796674624
2023-11-25,P0014,S004,58,25.0,57.7976160933031,57.7976160933031,0.20238390669690176
2023-11-25,P0002,S004,102,102.0,102.49365527420437,102.49365527420437,-0.4936552742043716
2023-11-25,P0019,S002,55,24.0,55.67360124300402,55.67360124300402,-0.6736012430040219
2023-11-25,P0006,S002,134,78.0,134.55311324642335,134.55311324642335,-0.5531132464233508
2023-11-25,P0007,S004,186,27.0,186.13661170593866,186.13661170593866,-0.13661170593866245
2023-11-25,P0007,S001,50,291.0,49.97929489454759,49.97929489454759,0.020705105452407224
2023-11-25,P0020,S003,198,65.0,198.454445360759,198.454445360759,-0.4544453607589958
2023-11-25,P0010,S003,245,7.0,245.22201743164047,245.22201743164047,-0.2220174316404666
2023-11-25,P0017,S005,136,33.0,136.37840383211045,136.37840383211045,-0.37840383211045037
2023-11-25,P0008,S003,60,81.0,59.539629944120406,59.539629944120406,0.46037005587959356
2023-11-25,P0015,S003,231,83.0,231.73678565945522,231.73678565945522,-0.7367856594552222
2023-11-25,P0014,S005,106,283.0,105.7099209818002,105.7099209818002,0.29007901819980475
2023-11-25,P0011,S002,65,307.0,64.51094261033651,64.51094261033651,0.4890573896634862
2023-11-25,P0004,S001,319,219.0,318.1434381059671,318.1434381059671,0.8565618940328932
2023-11-25,P0018,S002,89,163.0,89.4501424807694,89.4501424807694,-0.4501424807694008
2023-11-25,P0005,S001,282,12.0,282.32897713851554,282.32897713851554,-0.32897713851554045
2023-11-25,P0008,S002,315,111.0,314.52010197740907,314.52010197740907,0.4798980225909304
2023-11-25,P0014,S001,212,13.0,212.44859116088034,212.44859116088034,-0.44859116088034057
2023-11-25,P0011,S005,35,17.0,35.79372482098191,35.79372482098191,-0.7937248209819074
2023-11-25,P0017,S002,35,325.0,34.904297433723926,34.904297433723926,0.09570256627607421
2023-11-25,P0017,S004,281,305.0,280.39716380352104,280.39716380352104,0.602836196478961
2023-11-25,P0016,S003,28,134.0,28.597991450708356,28.597991450708356,-0.5979914507083564
2023-11-25,P0004,S004,146,112.0,146.00394590903676,146.00394590903676,-0.003945909036758621
2023-11-25,P0019,S003,11,142.0,11.626478883554869,11.626478883554869,-0.6264788835548689
2023-11-25,P0009,S001,376,70.0,376.4560785682151,376.4560785682151,-0.45607856821510495
2023-11-25,P0012,S005,21,5.0,21.17671654540736,21.17671654540736,-0.17671654540735915
2023-11-25,P0006,S003,368,79.0,367.4744929691348,367.4744929691348,0.5255070308651852
2023-11-25,P0001,S004,333,323.0,330.423729868607,330.423729868607,2.5762701313930165
2023-11-25,P0006,S004,74,108.0,74.52133700080397,74.52133700080397,-0.5213370008039675
2023-11-25,P0003,S002,124,309.0,123.94202145976978,123.94202145976978,0.05797854023022353
2023-11-25,P0016,S001,26,434.0,25.326332855335455,25.326332855335455,0.6736671446645452
2023-11-25,P0010,S001,53,72.0,53.21527427614147,53.21527427614147,-0.21527427614147143
2023-11-25,P0018,S003,162,35.0,161.35297233414326,161.35297233414326,0.64702766585674
2023-11-25,P0007,S002,182,120.0,181.96304455442348,181.96304455442348,0.03695544557652397
2023-11-25,P0018,S001,121,44.0,121.18972161986547,121.18972161986547,-0.1897216198654661
2023-11-25,P0008,S005,280,78.0,281.59982939762887,281.59982939762887,-1.5998293976288664
2023-11-25,P0005,S003,81,215.0,80.38007926786887,80.38007926786887,0.6199207321311349
2023-11-25,P0012,S001,103,127.0,102.18631384896779,102.18631384896779,0.8136861510322149
2023-11-25,P0001,S001,371,16.0,374.8008683279187,374.8008683279187,-3.8008683279186926
2023-11-25,P0013,S003,116,34.0,115.7904738130393,115.7904738130393,0.20952618696070147
2023-11-25,P0013,S001,69,27.0,69.22813664888845,69.22813664888845,-0.22813664888845153
2023-11-25,P0020,S002,38,105.0,37.8380250553237,37.8380250553237,0.16197494467630236
2023-11-25,P0015,S005,35,39.0,34.52557482305143,34.52557482305143,0.47442517694857145
2023-11-25,P0007,S003,229,229.0,229.33842571359753,229.33842571359753,-0.3384257135975304
2023-11-25,P0005,S005,264,145.0,263.18343824556666,263.18343824556666,0.8165617544333372
2023-11-25,P0002,S001,51,199.0,51.05177174615697,51.05177174615697,-0.05177174615697311
2023-11-25,P0004,S003,19,123.0,19.556781684918874,19.556781684918874,-0.5567816849188745
2023-11-25,P0017,S001,182,49.0,183.33426213524763,183.33426213524763,-1.3342621352476272
2023-11-25,P0019,S005,209,83.0,209.6021753592659,209.6021753592659,-0.6021753592659138
2023-11-25,P0005,S004,112,29.0,113.03834324447983,113.03834324447983,-1.038343244479833
2023-11-25,P0015,S002,284,80.0,284.77726201342426,284.77726201342426,-0.7772620134242629
2023-11-25,P0008,S001,10,41.0,9.944831482782652,9.944831482782652,0.05516851721734817
2023-11-25,P0009,S002,175,280.0,175.14578013085594,175.14578013085594,-0.14578013085593966
2023-11-25,P0006,S005,2,69.0,1.6519118723624948,1.6519118723624948,0.3480881276375052
2023-11-25,P0013,S002,141,40.0,140.4229011033372,140.4229011033372,0.5770988966627897
2023-11-25,P0003,S004,291,3.0,291.3009543088925,291.3009543088925,-0.3009543088925284
2023-11-25,P0010,S005,66,83.0,66.20819480167788,66.20819480167788,-0.20819480167787674
2023-11-25,P0009,S005,46,54.0,46.83502069664115,46.83502069664115,-0.835020696641152
2023-11-25,P0003,S001,124,281.0,123.44625047595365,123.44625047595365,0.5537495240463528
2023-11-25,P0020,S001,172,114.0,170.74644612089952,170.74644612089952,1.2535538791004797
2023-11-25,P0011,S003,145,256.0,145.2712918522697,145.2712918522697,-0.2712918522697123
2023-11-25,P0012,S002,276,49.0,275.51130834954563,275.51130834954563,0.4886916504543706
2023-11-25,P0017,S003,229,216.0,228.36985895904908,228.36985895904908,0.6301410409509174
2023-11-25,P0004,S002,20,29.0,20.215549530822667,20.215549530822667,-0.21554953082266692
2023-11-25,P0009,S003,272,28.0,273.5881505960214,273.5881505960214,-1.5881505960214213
2023-11-25,P0003,S005,79,99.0,79.3943941411902,79.3943941411902,-0.39439414119020455
2023-11-25,P0018,S005,14,50.0,13.65933841438864,13.65933841438864,0.3406615856113593
2023-11-25,P0002,S005,29,183.0,28.971323451896144,28.971323451896144,0.028676548103856447
2023-11-25,P0013,S004,384,80.0,384.42645468769206,384.42645468769206,-0.42645468769205763
2023-11-25,P0019,S004,279,79.0,278.3432445777432,278.3432445777432,0.6567554222568219
2023-11-25,P0014,S003,67,105.0,67.50217444630569,67.50217444630569,-0.5021744463056876
2023-11-25,P0016,S004,382,130.0,378.7869680687294,378.7869680687294,3.2130319312706206
2023-11-25,P0016,S005,158,412.0,157.6551329479617,157.6551329479617,0.34486705203829615
2023-11-25,P0011,S004,283,118.0,282.49463051435526,282.49463051435526,0.505369485644735
2023-11-25,P0001,S002,83,319.0,81.66019036593809,81.66019036593809,1.3398096340619077
2023-11-25,P0005,S002,98,158.0,97.65254658995546,97.65254658995546,0.3474534100445368
2023-11-25,P0020,S004,69,330.0,69.40665001096484,69.40665001096484,-0.40665001096483877
2023-11-25,P0001,S005,38,65.0,38.082680256343785,38.082680256343785,-0.08268025634378517
2023-11-25,P0007,S005,207,29.0,206.47468976488548,206.47468976488548,0.5253102351145174
2023-11-26,P0019,S005,66,209.0,66.70581989041771,66.70581989041771,-0.7058198904177146
2023-11-26,P0018,S004,160,90.0,160.56498924593,160.56498924593,-0.5649892459300077
2023-11-26,P0008,S001,113,10.0,113.42605154168649,113.42605154168649,-0.4260515416864905
2023-11-26,P0002,S005,151,29.0,151.28123017977228,151.28123017977228,-0.2812301797722796
2023-11-26,P0007,S005,41,207.0,41.208514045607394,41.208514045607394,-0.2085140456073944
2023-11-26,P0014,S005,22,106.0,22.58806091502443,22.58806091502443,-0.5880609150244283
2023-11-26,P0009,S004,56,69.0,56.30106588853445,56.30106588853445,-0.3010658885344526
2023-11-26,P0003,S001,184,124.0,183.18204929117982,183.18204929117982,0.8179507088201774
2023-11-26,P0008,S002,225,315.0,225.83794448606278,225.83794448606278,-0.8379444860627814
2023-11-26,P0010,S005,89,66.0,89.06356000839546,89.06356000839546,-0.06356000839545572
2023-11-26,P0006,S005,57,2.0,56.12964590117968,56.12964590117968,0.8703540988203216
2023-11-26,P0006,S004,167,74.0,167.53887244821814,167.53887244821814,-0.5388724482181431
2023-11-26,P0017,S004,181,281.0,180.4399472461054,180.4399472461054,0.5600527538946096
2023-11-26,P0014,S002,336,26.0,336.868193998231,336.868193998231,-0.8681939982309927
2023-11-26,P0010,S004,340,98.0,341.622463323139,341.622463323139,-1.6224633231390158
2023-11-26,P0012,S001,12,103.0,12.304371164746513,12.304371164746513,-0.30437116474651305
2023-11-26,P0016,S001,35,26.0,35.66027996776034,35.66027996776034,-0.6602799677603386
2023-11-26,P0001,S004,65,333.0,65.02234751172307,65.02234751172307,-0.022347511723069147
2023-11-26,P0004,S004,340,146.0,339.1684973419073,339.1684973419073,0.8315026580926883
2023-11-26,P0017,S002,91,35.0,90.50391539432252,90.50391539432252,0.49608460567748125
2023-11-26,P0001,S002,81,83.0,80.90709169373727,80.90709169373727,0.0929083062627285
2023-11-26,P0006,S003,303,368.0,303.463177950922,303.463177950922,-0.4631779509219882
2023-11-26,P0003,S002,249,124.0,248.184655600063,248.184655600063,0.815344399937004
2023-11-26,P0014,S003,144,67.0,144.1747249291496,144.1747249291496,-0.17472492914959048
2023-11-26,P0002,S004,111,102.0,110.18834491742571,110.18834491742571,0.8116550825742905
2023-11-26,P0011,S001,29,84.0,29.663408972947973,29.663408972947973,-0.6634089729479733
2023-11-26,P0020,S003,167,198.0,167.01260718228102,167.01260718228102,-0.012607182281016094
2023-11-26,P0016,S002,45,35.0,44.43438348555862,44.43438348555862,0.5656165144413805
2023-11-26,P0020,S005,255,289.0,254.91897563718553,254.91897563718553,0.08102436281447467
2023-11-26,P0012,S003,17,437.0,16.83992912872925,16.83992912872925,0.16007087127075081
2023-11-26,P0019,S004,317,279.0,316.38367911877737,316.38367911877737,0.6163208812226344
2023-11-26,P0004,S002,232,20.0,232.76470394117203,232.76470394117203,-0.76470394117203
2023-11-26,P0020,S002,174,38.0,174.4207227749536,174.4207227749536,-0.4207227749535889
2023-11-26,P0011,S005,153,35.0,152.63571804482845,152.63571804482845,0.36428195517154904
2023-11-26,P0015,S005,85,35.0,85.23038539339564,85.23038539339564,-0.23038539339563613
2023-11-26,P0004,S003,33,19.0,32.692419159288946,32.692419159288946,0.3075808407110543
2023-11-26,P0019,S002,21,55.0,20.358948876381806,20.358948876381806,0.6410511236181939
2023-11-26,P0012,S002,299,276.0,298.5510146007061,298.5510146007061,0.44898539929391745
2023-11-26,P0001,S001,52,371.0,51.32396855630317,51.32396855630317,0.6760314436968287
2023-11-26,P0004,S005,258,53.0,257.4503741866143,257.4503741866143,0.5496258133857168
2023-11-26,P0014,S004,72,58.0,72.21683076359945,72.21683076359945,-0.21683076359944664
2023-11-26,P0015,S004,151,163.0,151.02954999310748,151.02954999310748,-0.029549993107480077
2023-11-26,P0011,S004,292,283.0,291.5455628304789,291.5455628304789,0.4544371695210998
2023-11-26,P0016,S005,122,158.0,121.55742582775979,121.55742582775979,0.44257417224021367
2023-11-26,P0013,S004,33,384.0,32.89782442715206,32.89782442715206,0.10217557284794054
2023-11-26,P0003,S005,2,79.0,2.168141632098227,2.168141632098227,-0.16814163209822697
2023-11-26,P0001,S005,160,38.0,159.65799993320994,159.65799993320994,0.3420000667900638
2023-11-26,P0018,S005,67,14.0,67.51259782806918,67.51259782806918,-0.5125978280691754
2023-11-26,P0017,S003,104,229.0,104.63473387758984,104.63473387758984,-0.6347338775898379
2023-11-26,P0020,S004,135,69.0,135.17260161444068,135.17260161444068,-0.1726016144406799
2023-11-26,P0005,S002,16,98.0,15.975258764976623,15.975258764976623,0.024741235023377328
2023-11-26,P0015,S001,36,32.0,36.03949914313593,36.03949914313593,-0.039499143135927284
2023-11-26,P0008,S004,92,272.0,91.77992393854295,91.77992393854295,0.22007606145704983
2023-11-26,P0010,S002,19,293.0,19.04021468760946,19.04021468760946,-0.04021468760945979
2023-11-26,P0006,S001,54,136.0,54.3758354094317,54.3758354094317,-0.37583540943170135
2023-11-26,P0019,S001,312,18.0,312.3206607495308,312.3206607495308,-0.32066074953081625
2023-11-26,P0009,S003,415,272.0,417.53280275846754,417.53280275846754,-2.5328027584675397
2023-11-26,P0002,S002,354,104.0,354.6664968578725,354.6664968578725,-0.6664968578725166
2023-11-26,P0018,S001,47,121.0,46.68378101910922,46.68378101910922,0.31621898089078115
2023-11-26,P0005,S005,313,264.0,314.2600318694026,314.2600318694026,-1.26003186940261
2023-11-26,P0010,S001,241,53.0,241.84973002986322,241.84973002986322,-0.849730029863224
2023-11-26,P0015,S002,6,284.0,5.667435403138327,5.667435403138327,0.3325645968616726
2023-11-26,P0009,S001,102,376.0,101.76838874088996,101.76838874088996,0.2316112591100392
2023-11-26,P0009,S005,284,46.0,285.5566497392375,285.5566497392375,-1.556649739237514
2023-11-26,P0003,S004,334,291.0,332.620997029997,332.620997029997,1.3790029700030004
2023-11-26,P0013,S002,178,141.0,178.11052197696486,178.11052197696486,-0.11052197696486132
2023-11-26,P0009,S002,24,175.0,23.960829562008758,23.960829562008758,0.03917043799124187
2023-11-26,P0020,S001,127,172.0,126.74754215855303,126.74754215855303,0.2524578414469687
2023-11-26,P0005,S004,116,112.0,116.48051630785153,116.48051630785153,-0.48051630785153066
2023-11-26,P0017,S001,285,182.0,284.342277267163,284.342277267163,0.6577227328369872
2023-11-26,P0011,S003,336,145.0,337.5691483820427,337.5691483820427,-1.5691483820427266
2023-11-26,P0007,S003,426,229.0,428.4356028154536,428.4356028154536,-2.435602815453592
2023-11-26,P0002,S001,332,51.0,332.8244868847589,332.8244868847589,-0.824486884758926
2023-11-26,P0013,S001,108,69.0,107.35210088356955,107.35210088356955,0.6478991164304517
2023-11-26,P0013,S003,146,116.0,145.9044943025115,145.9044943025115,0.09550569748850535
2023-11-26,P0005,S003,5,81.0,5.265849280798984,5.265849280798984,-0.2658492807989843
2023-11-26,P0008,S005,5,280.0,4.889353482230526,4.889353482230526,0.11064651776947443
2023-11-26,P0007,S002,54,182.0,54.115259615412626,54.115259615412626,-0.11525961541262575
2023-11-26,P0018,S003,165,162.0,164.7784658928606,164.7784658928606,0.22153410713940502
2023-11-26,P0001,S003,4,119.0,3.8919279403873968,3.8919279403873968,0.10807205961260324
2023-11-26,P0013,S005,101,226.0,100.80238312230637,100.80238312230637,0.19761687769363334
2023-11-26,P0016,S004,293,382.0,292.2272407438967,292.2272407438967,0.7727592561033134
2023-11-26,P0004,S001,82,319.0,82.06189357377848,82.06189357377848,-0.06189357377847671
2023-11-26,P0007,S001,213,50.0,213.3049735022962,213.3049735022962,-0.3049735022962068
2023-11-26,P0017,S005,94,136.0,93.56321702454234,93.56321702454234,0.4367829754576604
2023-11-26,P0015,S003,161,231.0,160.41533876272052,160.41533876272052,0.5846612372794766
2023-11-26,P0010,S003,232,245.0,231.19732843160574,231.19732843160574,0.8026715683942598
2023-11-26,P0018,S002,57,89.0,56.94014510282903,56.94014510282903,0.05985489717097181
2023-11-26,P0008,S003,199,60.0,198.14758395231863,198.14758395231863,0.8524160476813734
2023-11-26,P0011,S002,115,65.0,115.03444088259663,115.03444088259663,-0.03444088259662692
2023-11-26,P0014,S001,237,212.0,236.18316280760217,236.18316280760217,0.816837192397827
2023-11-26,P0005,S001,93,282.0,93.9559149561463,93.9559149561463,-0.9559149561463016
2023-11-26,P0007,S004,158,186.0,158.22352749602626,158.22352749602626,-0.22352749602626432
2023-11-26,P0019,S003,230,11.0,230.2821776693193,230.2821776693193,-0.2821776693193101
2023-11-26,P0006,S002,79,134.0,79.22419004206797,79.22419004206797,-0.2241900420679741
2023-11-26,P0012,S004,75,145.0,75.09410412961105,75.09410412961105,-0.09410412961105408
2023-11-26,P0003,S003,51,185.0,51.09424012520166,51.09424012520166,-0.09424012520165803
2023-11-26,P0012,S005,152,21.0,152.497187277533,152.497187277533,-0.4971872775329871
2023-11-26,P0016,S003,37,28.0,36.63391883645235,36.63391883645235,0.36608116354764775
2023-11-26,P0002,S003,69,161.0,69.30609357699653,69.30609357699653,-0.30609357699653117
2023-11-27,P0009,S001,8,102.0,8.213198554498112,8.213198554498112,-0.21319855449811165
2023-11-27,P0005,S003,343,5.0,343.95882111629044,343.95882111629044,-0.9588211162904372
2023-11-27,P0008,S005,180,5.0,181.1078741436252,181.1078741436252,-1.107874143625196
2023-11-27,P0013,S003,182,146.0,181.21679787522496,181.21679787522496,0.7832021247750447
2023-11-27,P0003,S001,103,184.0,102.52946387798904,102.52946387798904,0.4705361220109552
2023-11-27,P0002,S003,113,69.0,112.96990842128756,112.96990842128756,0.030091578712443834
2023-11-27,P0019,S002,79,21.0,79.34235922321659,79.34235922321659,-0.3423592232165902
2023-11-27,P0001,S001,187,52.0,186.82743726731576,186.82743726731576,0.17256273268424138
2023-11-27,P0018,S002,54,57.0,54.070282671127785,54.070282671127785,-0.07028267112778508
2023-11-27,P0009,S005,445,284.0,444.2898325479766,444.2898325479766,0.7101674520234269
2023-11-27,P0013,S001,139,108.0,138.66182148751852,138.66182148751852,0.3381785124814769
2023-11-27,P0006,S005,39,57.0,39.258413614581706,39.258413614581706,-0.25841361458170553
2023-11-27,P0002,S001,36,332.0,36.38072672916359,36.38072672916359,-0.38072672916359096
2023-11-27,P0010,S005,30,89.0,29.934997593782835,29.934997593782835,0.06500240621716458
2023-11-27,P0013,S002,261,178.0,261.3729425157249,261.3729425157249,-0.3729425157249011
2023-11-27,P0004,S003,344,33.0,345.702948432228,345.702948432228,-1.7029484322280268
2023-11-27,P0012,S001,11,12.0,11.558229224982131,11.558229224982131,-0.5582292249821315
2023-11-27,P0014,S001,13,237.0,12.698949254629662,12.698949254629662,0.30105074537033794
2023-11-27,P0018,S004,69,160.0,69.48173001392706,69.48173001392706,-0.48173001392706283
2023-11-27,P0008,S002,318,225.0,319.47076964004987,319.47076964004987,-1.4707696400498662
2023-11-27,P0009,S004,59,56.0,58.47516461899058,58.47516461899058,0.5248353810094173
2023-11-27,P0008,S001,410,113.0,414.88616100125205,414.88616100125205,-4.886161001252049
2023-11-27,P0004,S005,36,258.0,35.95275916341295,35.95275916341295,0.047240836587050694
2023-11-27,P0005,S004,293,116.0,294.60165826870804,294.60165826870804,-1.6016582687080358
2023-11-27,P0012,S004,22,75.0,22.416326124791976,22.416326124791976,-0.4163261247919756
2023-11-27,P0009,S002,105,24.0,104.76473059861125,104.76473059861125,0.23526940138874863
2023-11-27,P0017,S001,137,285.0,136.95514112069205,136.95514112069205,0.04485887930795229
2023-11-27,P0020,S002,47,174.0,47.17204640782874,47.17204640782874,-0.1720464078287378
2023-11-27,P0001,S003,182,4.0,181.1658163839302,181.1658163839302,0.8341836160697937
2023-11-27,P0016,S001,38,35.0,38.51253939316776,38.51253939316776,-0.5125393931677635
2023-11-27,P0010,S001,407,241.0,402.27947011012236,402.27947011012236,4.720529889877639
2023-11-27,P0018,S001,80,47.0,80.4482426214908,80.4482426214908,-0.44824262149080596
2023-11-27,P0017,S002,103,91.0,102.77247217155933,102.77247217155933,0.227527828440671
2023-11-27,P0008,S004,99,92.0,99.56496022826404,99.56496022826404,-0.5649602282640416
2023-11-27,P0004,S004,266,340.0,266.6267742650719,266.6267742650719,-0.6267742650719015
2023-11-27,P0014,S002,172,336.0,172.6775008479847,172.6775008479847,-0.6775008479847031
2023-11-27,P0013,S005,250,101.0,249.22608138679578,249.22608138679578,0.7739186132042164
2023-11-27,P0010,S004,134,340.0,134.735489635987,134.735489635987,-0.735489635986994
2023-11-27,P0010,S002,33,19.0,33.97264056035687,33.97264056035687,-0.9726405603568722
2023-11-27,P0016,S003,127,37.0,127.43311672218272,127.43311672218272,-0.43311672218271724
2023-11-27,P0006,S001,121,54.0,120.74430351895606,120.74430351895606,0.25569648104394105
2023-11-27,P0016,S002,40,45.0,40.49178316332217,40.49178316332217,-0.4917831633221681
2023-11-27,P0009,S003,404,415.0,400.307632490016,400.307632490016,3.692367509984024
2023-11-27,P0002,S004,83,111.0,82.69841846165554,82.69841846165554,0.30158153834446466
2023-11-27,P0002,S002,40,354.0,40.51068708642819,40.51068708642819,-0.5106870864281916
2023-11-27,P0012,S003,2,17.0,1.6922042378872961,1.6922042378872961,0.3077957621127039
2023-11-27,P0005,S001,18,93.0,18.29219039368531,18.29219039368531,-0.29219039368530986
2023-11-27,P0017,S005,92,94.0,91.7468855518553,91.7468855518553,0.2531144481447001
2023-11-27,P0005,S002,35,16.0,34.25857143364381,34.25857143364381,0.7414285663561913
2023-11-27,P0006,S004,474,167.0,473.9192726314256,473.9192726314256,0.08072736857440077
2023-11-27,P0012,S005,291,152.0,291.8068266755575,291.8068266755575,-0.8068266755574882
2023-11-27,P0005,S005,103,313.0,102.63181000779105,102.63181000779105,0.3681899922089542
2023-11-27,P0020,S004,83,135.0,83.50039771169672,83.50039771169672,-0.5003977116967206
2023-11-27,P0012,S002,143,299.0,142.1928499473747,142.1928499473747,0.8071500526253033
2023-11-27,P0010,S003,13,232.0,13.060248427150523,13.060248427150523,-0.06024842715052259
2023-11-27,P0001,S002,34,81.0,34.021520377068576,34.021520377068576,-0.021520377068576124
2023-11-27,P0014,S003,87,144.0,86.5997394336808,86.5997394336808,0.40026056631920426
2023-11-27,P0016,S005,27,122.0,26.623576916523998,26.623576916523998,0.37642308347600206
2023-11-27,P0019,S004,39,317.0,39.50612558157866,39.50612558157866,-0.5061255815786581
2023-11-27,P0013,S004,86,33.0,85.70002699204292,85.70002699204292,0.29997300795707815
2023-11-27,P0008,S003,119,199.0,119.58552124353209,119.58552124353209,-0.5855212435320851
2023-11-27,P0001,S005,239,160.0,237.9454130300897,237.9454130300897,1.0545869699103037
2023-11-27,P0002,S005,88,151.0,88.16313670367389,88.16313670367389,-0.1631367036738851
2023-11-27,P0016,S004,25,293.0,24.938591928918814,24.938591928918814,0.06140807108118551
2023-11-27,P0006,S003,86,303.0,85.56553191359028,85.56553191359028,0.4344680864097228
2023-11-27,P0018,S005,312,67.0,311.1273644466597,311.1273644466597,0.8726355533402739
2023-11-27,P0006,S002,115,79.0,115.12266737619491,115.12266737619491,-0.12266737619491153
2023-11-27,P0020,S001,22,127.0,21.483093795236947,21.483093795236947,0.5169062047630533
2023-11-27,P0003,S003,65,51.0,64.45036373288576,64.45036373288576,0.5496362671142379
2023-11-27,P0015,S002,40,6.0,40.05926444625762,40.05926444625762,-0.05926444625762173
2023-11-27,P0011,S004,261,292.0,261.4206582232093,261.4206582232093,-0.4206582232092728
2023-11-27,P0020,S003,228,167.0,228.17702315671858,228.17702315671858,-0.17702315671857605
2023-11-27,P0015,S004,233,151.0,232.90162416915172,232.90162416915172,0.09837583084828339
2023-11-27,P0003,S005,333,2.0,330.3477991426765,330.3477991426765,2.652200857323521
2023-11-27,P0017,S004,295,181.0,295.65695111061865,295.65695111061865,-0.6569511106186496
2023-11-27,P0014,S005,87,22.0,87.44066168287691,87.44066168287691,-0.44066168287690743
2023-11-27,P0019,S005,79,66.0,78.91462921994905,78.91462921994905,0.08537078005095111
2023-11-27,P0015,S001,166,36.0,166.82800584458812,166.82800584458812,-0.8280058445881195
2023-11-27,P0020,S005,11,255.0,11.182191990988205,11.182191990988205,-0.18219199098820482
2023-11-27,P0003,S002,142,249.0,142.24367237230402,142.24367237230402,-0.24367237230401884
2023-11-27,P0019,S001,89,312.0,88.46970667817331,88.46970667817331,0.5302933218266901
2023-11-27,P0004,S001,28,82.0,27.833916072900813,27.833916072900813,0.16608392709918718
2023-11-27,P0015,S003,261,161.0,262.4449937965178,262.4449937965178,-1.4449937965177924
2023-11-27,P0015,S005,37,85.0,36.73869538753997,36.73869538753997,0.26130461246003023
2023-11-27,P0007,S004,40,158.0,40.35073113063015,40.35073113063015,-0.3507311306301517
2023-11-27,P0014,S004,13,72.0,11.217434332060785,11.217434332060785,1.782565667939215
2023-11-27,P0019,S003,93,230.0,92.8077077758695,92.8077077758695,0.1922922241304974
2023-11-27,P0007,S001,29,213.0,28.48159690278944,28.48159690278944,0.5184030972105589
2023-11-27,P0018,S003,85,165.0,84.31854411099548,84.31854411099548,0.6814558890045248
2023-11-27,P0007,S002,152,54.0,152.17555624066438,152.17555624066438,-0.17555624066437758
2023-11-27,P0001,S004,192,65.0,192.8504994666757,192.8504994666757,-0.8504994666757
2023-11-27,P0011,S002,237,115.0,236.4839592563402,236.4839592563402,0.5160407436598007
2023-11-27,P0007,S003,7,426.0,6.43668360204228,6.43668360204228,0.5633163979577196
2023-11-27,P0017,S003,144,104.0,144.44346724803827,144.44346724803827,-0.4434672480382744
2023-11-27,P0007,S005,127,41.0,127.01881241893818,127.01881241893818,-0.018812418938182418
2023-11-27,P0003,S004,75,334.0,75.15127842913093,75.15127842913093,-0.15127842913092593
2023-11-27,P0011,S005,439,153.0,437.88797669075404,437.88797669075404,1.1120233092459557
2023-11-27,P0011,S003,124,336.0,123.9963747486839,123.9963747486839,0.003625251316094591
2023-11-27,P0004,S002,50,232.0,50.2383557990792,50.2383557990792,-0.23835579907920135
2023-11-27,P0011,S001,385,29.0,385.2901811668605,385.2901811668605,-0.29018116686052053
2023-11-28,P0007,S004,26,40.0,25.745793355773436,25.745793355773436,0.2542066442265636
2023-11-28,P0006,S002,101,115.0,101.07436989605367,101.07436989605367,-0.07436989605366762
2023-11-28,P0006,S004,130,474.0,129.99045315919443,129.99045315919443,0.009546840805569445
2023-11-28,P0002,S005,69,88.0,68.72277888194675,68.72277888194675,0.277221118053248
2023-11-28,P0014,S002,108,172.0,108.26334450131576,108.26334450131576,-0.26334450131575693
2023-11-28,P0018,S002,112,54.0,112.54477613823524,112.54477613823524,-0.5447761382352354
2023-11-28,P0014,S001,37,13.0,37.15814282784466,37.15814282784466,-0.1581428278446566
2023-11-28,P0004,S005,17,36.0,16.509295110929664,16.509295110929664,0.4907048890703365
2023-11-28,P0010,S004,103,134.0,103.33838478216472,103.33838478216472,-0.3383847821647237
2023-11-28,P0012,S004,164,22.0,164.9040636051965,164.9040636051965,-0.9040636051965123
2023-11-28,P0004,S001,81,28.0,81.04461323134065,81.04461323134065,-0.044613231340647985
2023-11-28,P0012,S002,113,143.0,113.30060000181285,113.30060000181285,-0.3006000018128532
2023-11-28,P0007,S005,290,127.0,290.8342232579719,290.8342232579719,-0.834223257971928
2023-11-28,P0015,S003,1,261.0,1.2757456084330854,1.2757456084330854,-0.2757456084330854
2023-11-28,P0012,S003,155,2.0,153.6477765006799,153.6477765006799,1.3522234993201039
2023-11-28,P0002,S004,64,83.0,64.33420200071981,64.33420200071981,-0.334202000719813
2023-11-28,P0019,S003,469,93.0,467.91749647258194,467.91749647258194,1.082503527418055
2023-11-28,P0011,S001,96,385.0,96.08802203724623,96.08802203724623,-0.08802203724623325
2023-11-28,P0004,S004,150,266.0,150.51399594188192,150.51399594188192,-0.513995941881916
2023-11-28,P0017,S002,90,103.0,90.06788935361857,90.06788935361857,-0.0678893536185683
2023-11-28,P0006,S003,112,86.0,112.56025802964085,112.56025802964085,-0.560258029640849
2023-11-28,P0020,S003,296,228.0,294.4650445228105,294.4650445228105,1.5349554771894987
2023-11-28,P0007,S001,219,29.0,219.5742918880054,219.5742918880054,-0.5742918880054049
2023-11-28,P0017,S003,2,144.0,2.258929473796586,2.258929473796586,-0.25892947379658615
2023-11-28,P0009,S004,64,59.0,64.1201358100529,64.1201358100529,-0.12013581005290064
2023-11-28,P0015,S004,86,233.0,86.4929232944639,86.4929232944639,-0.4929232944639068
2023-11-28,P0011,S005,218,439.0,218.6572035831376,218.6572035831376,-0.6572035831376013
2023-11-28,P0001,S002,370,34.0,368.1511104481406,368.1511104481406,1.8488895518593722
2023-11-28,P0016,S002,64,40.0,63.61588216079269,63.61588216079269,0.38411783920731324
2023-11-28,P0014,S005,89,87.0,89.47089780491054,89.47089780491054,-0.47089780491053546
2023-11-28,P0008,S002,329,318.0,328.6510128872652,328.6510128872652,0.34898711273478966
2023-11-28,P0018,S004,51,69.0,51.12597503495512,51.12597503495512,-0.1259750349551183
2023-11-28,P0019,S002,63,79.0,62.577105790915375,62.577105790915375,0.4228942090846246
2023-11-28,P0002,S003,9,113.0,9.137430376129695,9.137430376129695,-0.13743037612969466
2023-11-28,P0014,S004,63,13.0,62.229162556814316,62.229162556814316,0.7708374431856839
2023-11-28,P0011,S002,132,237.0,132.26939279089575,132.26939279089575,-0.2693927908957505
2023-11-28,P0005,S005,99,103.0,99.38094846430795,99.38094846430795,-0.3809484643079486
2023-11-28,P0010,S001,185,407.0,185.25672969864607,185.25672969864607,-0.256729698646069
2023-11-28,P0015,S002,21,40.0,20.538771862216098,20.538771862216098,0.4612281377839018
2023-11-28,P0007,S002,94,152.0,94.7750366323009,94.7750366323009,-0.7750366323008961
2023-11-28,P0005,S003,204,343.0,203.31527907050625,203.31527907050625,0.68472092949375
2023-11-28,P0008,S005,152,180.0,152.0749859458529,152.0749859458529,-0.07498594585288743
2023-11-28,P0013,S003,178,182.0,178.31200056961836,178.31200056961836,-0.31200056961836253
2023-11-28,P0018,S003,198,85.0,198.61024479647756,198.61024479647756,-0.6102447964775592
2023-11-28,P0020,S004,92,83.0,92.43900402564314,92.43900402564314,-0.43900402564314334
2023-11-28,P0001,S005,40,239.0,40.269015023113234,40.269015023113234,-0.26901502311323355
2023-11-28,P0011,S004,4,261.0,4.676161279487818,4.676161279487818,-0.6761612794878182
2023-11-28,P0013,S001,74,139.0,74.21927405819314,74.21927405819314,-0.21927405819313606
2023-11-28,P0007,S003,463,7.0,465.59294380007333,465.59294380007333,-2.5929438000733285
2023-11-28,P0009,S001,270,8.0,269.0609677940196,269.0609677940196,0.9390322059804248
2023-11-28,P0011,S003,300,124.0,298.64234552419043,298.64234552419043,1.3576544758095679
2023-11-28,P0005,S004,117,293.0,117.29821939082241,117.29821939082241,-0.29821939082241045
2023-11-28,P0020,S001,269,22.0,269.10021611462116,269.10021611462116,-0.10021611462116198
2023-11-28,P0017,S001,239,137.0,237.99267874687456,237.99267874687456,1.0073212531254399
2023-11-28,P0013,S002,154,261.0,155.03192433019694,155.03192433019694,-1.0319243301969436
2023-11-28,P0009,S002,29,105.0,28.595860782781234,28.595860782781234,0.40413921721876633
2023-11-28,P0009,S005,3,445.0,3.5550303446158407,3.5550303446158407,-0.5550303446158407
2023-11-28,P0003,S004,279,75.0,277.6596953613173,277.6596953613173,1.34030463868271
2023-11-28,P0002,S001,40,36.0,39.471496245340774,39.471496245340774,0.5285037546592264
2023-11-28,P0008,S003,63,119.0,63.475901023774846,63.475901023774846,-0.47590102377484556
2023-11-28,P0016,S005,228,27.0,227.78821957643245,227.78821957643245,0.21178042356754645
2023-11-28,P0020,S005,28,11.0,28.19117685261124,28.19117685261124,-0.19117685261123896
2023-11-28,P0005,S001,4,18.0,3.364064823132668,3.364064823132668,0.6359351768673318
2023-11-28,P0013,S005,350,250.0,348.44691546483676,348.44691546483676,1.5530845351632365
2023-11-28,P0016,S003,377,127.0,379.71651310144915,379.71651310144915,-2.716513101449152
2023-11-28,P0004,S002,59,50.0,58.80243015080924,58.80243015080924,0.19756984919075649
2023-11-28,P0012,S005,372,291.0,371.32410335604044,371.32410335604044,0.6758966439595611
2023-11-28,P0003,S003,161,65.0,160.9917356884258,160.9917356884258,0.008264311574208705
2023-11-28,P0017,S005,445,92.0,444.64276632972684,444.64276632972684,0.35723367027316044
2023-11-28,P0001,S003,165,182.0,164.46416954440124,164.46416954440124,0.5358304555987559
2023-11-28,P0017,S004,122,295.0,121.66195776552962,121.66195776552962,0.33804223447037884
2023-11-28,P0002,S002,73,40.0,72.87675186056488,72.87675186056488,0.1232481394351197
2023-11-28,P0001,S004,212,192.0,212.22410160171802,212.22410160171802,-0.22410160171801863
2023-11-28,P0009,S003,170,404.0,170.09008971553754,170.09008971553754,-0.09008971553754463
2023-11-28,P0019,S001,91,89.0,91.64524323743015,91.64524323743015,-0.6452432374301509
2023-11-28,P0010,S002,18,33.0,18.33389723051716,18.33389723051716,-0.33389723051715947
2023-11-28,P0008,S004,77,99.0,77.04801616892114,77.04801616892114,-0.04801616892113714
2023-11-28,P0015,S001,104,166.0,103.873776643045,103.873776643045,0.12622335695499487
2023-11-28,P0005,S002,180,35.0,179.5103773016126,179.5103773016126,0.48962269838739303
2023-11-28,P0018,S005,392,312.0,389.14566711167635,389.14566711167635,2.854332888323654
2023-11-28,P0016,S004,176,25.0,175.40179707752512,175.40179707752512,0.5982029224748828
2023-11-28,P0003,S005,259,333.0,258.65168626788176,258.65168626788176,0.34831373211824257
2023-11-28,P0018,S001,225,80.0,225.8577522957938,225.8577522957938,-0.8577522957938015
2023-11-28,P0013,S004,34,86.0,33.90334049018212,33.90334049018212,0.09665950981788285
2023-11-28,P0006,S001,81,121.0,81.04461323134065,81.04461323134065,-0.044613231340647985
2023-11-28,P0019,S004,227,39.0,227.26508231962885,227.26508231962885,-0.26508231962884565
2023-11-28,P0010,S003,404,13.0,403.3667093409937,403.3667093409937,0.6332906590063203
2023-11-28,P0003,S001,169,103.0,168.1410413049632,168.1410413049632,0.8589586950367902
2023-11-28,P0006,S005,89,39.0,89.35209543783927,89.35209543783927,-0.35209543783926733
2023-11-28,P0014,S003,34,87.0,34.257585948839946,34.257585948839946,-0.2575859488399459
2023-11-28,P0001,S001,89,187.0,89.26201858608299,89.26201858608299,-0.2620185860829878
2023-11-28,P0020,S002,173,47.0,173.22209299291464,173.22209299291464,-0.22209299291463935
2023-11-28,P0012,S001,72,11.0,71.71362847147851,71.71362847147851,0.2863715285214852
2023-11-28,P0003,S002,289,142.0,291.15117259497157,291.15117259497157,-2.1511725949715697
2023-11-28,P0010,S005,180,30.0,181.25454090534524,181.25454090534524,-1.2545409053452374
2023-11-28,P0004,S003,100,344.0,100.34367853654493,100.34367853654493,-0.3436785365449282
2023-11-28,P0008,S001,71,410.0,71.44866940939926,71.44866940939926,-0.44866940939925826
2023-11-28,P0019,S005,9,79.0,8.617960051261106,8.617960051261106,0.38203994873889435
2023-11-28,P0015,S005,164,37.0,163.5915723399352,163.5915723399352,0.40842766006480247
2023-11-28,P0016,S001,127,38.0,126.582963995742,126.582963995742,0.41703600425799436
2023-11-29,P0009,S001,12,270.0,12.758872679499092,12.758872679499092,-0.7588726794990919
2023-11-29,P0004,S002,26,59.0,26.03446816173807,26.03446816173807,-0.03446816173806866
2023-11-29,P0018,S003,79,198.0,78.68144961931426,78.68144961931426,0.3185503806857355
2023-11-29,P0014,S004,43,63.0,43.60908517179383,43.60908517179383,-0.6090851717938293
2023-11-29,P0018,S001,14,225.0,13.73059018000566,13.73059018000566,0.26940981999434044
2023-11-29,P0004,S003,221,100.0,221.08309988039872,221.08309988039872,-0.08309988039871996
2023-11-29,P0004,S004,268,150.0,266.8588901314534,266.8588901314534,1.1411098685466072
2023-11-29,P0004,S001,23,81.0,22.679104112169743,22.679104112169743,0.32089588783025746
2023-11-29,P0011,S001,69,96.0,68.068152377038,68.068152377038,0.9318476229619961
2023-11-29,P0012,S004,149,164.0,149.4551267501541,149.4551267501541,-0.45512675015410764
2023-11-29,P0005,S003,26,204.0,26.736125923118546,26.736125923118546,-0.7361259231185464
2023-11-29,P0009,S003,201,170.0,201.87996992973729,201.87996992973729,-0.8799699297372854
2023-11-29,P0004,S005,212,17.0,211.82287472591483,211.82287472591483,0.17712527408517076
2023-11-29,P0002,S004,38,64.0,37.90553186566988,37.90553186566988,0.09446813433012125
2023-11-29,P0011,S003,1,300.0,0.9520169864094352,0.9520169864094352,0.04798301359056478
2023-11-29,P0019,S003,317,469.0,317.73271338947904,317.73271338947904,-0.732713389479045
2023-11-29,P0007,S002,95,94.0,94.62775021827323,94.62775021827323,0.37224978172676515
2023-11-29,P0013,S005,249,350.0,247.87891919025927,247.87891919025927,1.1210808097407323
2023-11-29,P0018,S005,46,392.0,46.211586494202805,46.211586494202805,-0.2115864942028054
2023-11-29,P0017,S002,261,90.0,261.38635847290413,261.38635847290413,-0.38635847290413494
2023-11-29,P0010,S005,154,180.0,154.34534245299722,154.34534245299722,-0.34534245299721533
2023-11-29,P0003,S001,8,169.0,8.078685541549623,8.078685541549623,-0.07868554154962304
2023-11-29,P0008,S005,26,152.0,26.286110516202783,26.286110516202783,-0.2861105162027826
2023-11-29,P0002,S002,170,73.0,170.53052750620736,170.53052750620736,-0.5305275062073633
2023-11-29,P0016,S003,362,377.0,363.7503817598453,363.7503817598453,-1.750381759845311
2023-11-29,P0003,S003,68,161.0,68.10972504506505,68.10972504506505,-0.10972504506504777
2023-11-29,P0012,S005,435,372.0,433.42042299211636,433.42042299211636,1.5795770078836426
2023-11-29,P0014,S005,83,89.0,83.36000195025193,83.36000195025193,-0.3600019502519274
2023-11-29,P0001,S005,237,40.0,237.52132490423662,237.52132490423662,-0.5213249042366215
2023-11-29,P0016,S004,229,176.0,228.71562706082298,228.71562706082298,0.2843729391770182
2023-11-29,P0008,S002,224,329.0,224.1816140320762,224.1816140320762,-0.18161403207619742
2023-11-29,P0007,S003,213,463.0,213.53027960078816,213.53027960078816,-0.5302796007881625
2023-11-29,P0020,S004,99,92.0,98.76567775028117,98.76567775028117,0.2343222497188293
2023-11-29,P0003,S005,215,259.0,215.70902404612877,215.70902404612877,-0.7090240461287749
2023-11-29,P0012,S003,85,155.0,84.78118086194411,84.78118086194411,0.21881913805589193
2023-11-29,P0016,S001,52,127.0,51.75571129676182,51.75571129676182,0.2442887032381833
2023-11-29,P0001,S001,110,89.0,110.6517536006841,110.6517536006841,-0.6517536006841027
2023-11-29,P0014,S001,59,37.0,59.452040329329684,59.452040329329684,-0.45204032932968374
2023-11-29,P0017,S005,276,445.0,275.58695124572364,275.58695124572364,0.41304875427636034
2023-11-29,P0013,S001,53,74.0,52.715340732920524,52.715340732920524,0.2846592670794763
2023-11-29,P0002,S003,451,9.0,454.388853820201,454.388853820201,-3.388853820201007
2023-11-29,P0003,S002,57,289.0,57.233245822139644,57.233245822139644,-0.23324582213964362
2023-11-29,P0013,S003,7,178.0,7.3184442384166895,7.3184442384166895,-0.31844423841668945
2023-11-29,P0012,S001,35,72.0,34.23130526127366,34.23130526127366,0.7686947387263388
2023-11-29,P0017,S004,242,122.0,242.13265711599618,242.13265711599618,-0.13265711599618157
2023-11-29,P0013,S004,278,34.0,276.91271748376477,276.91271748376477,1.0872825162352342
2023-11-29,P0006,S003,131,112.0,130.44732694086665,130.44732694086665,0.5526730591333546
2023-11-29,P0019,S002,71,63.0,71.189023750124,71.189023750124,-0.18902375012399375
2023-11-29,P0002,S001,292,40.0,293.14123216398167,293.14123216398167,-1.1412321639816696
2023-11-29,P0018,S002,149,112.0,149.19779918685904,149.19779918685904,-0.19779918685904363
2023-11-29,P0020,S003,193,296.0,193.23014474322957,193.23014474322957,-0.23014474322957312
2023-11-29,P0015,S004,16,86.0,14.949000826663523,14.949000826663523,1.0509991733364767
2023-11-29,P0009,S004,8,64.0,7.210366913088217,7.210366913088217,0.7896330869117829
2023-11-29,P0005,S004,303,117.0,303.07083035854555,303.07083035854555,-0.07083035854554964
2023-11-29,P0006,S001,223,81.0,222.3549074951627,222.3549074951627,0.6450925048372937
2023-11-29,P0020,S005,183,28.0,182.82391506130935,182.82391506130935,0.17608493869065
2023-11-29,P0015,S003,223,1.0,223.9218263145059,223.9218263145059,-0.9218263145058927
2023-11-29,P0001,S004,309,212.0,308.83785216712715,308.83785216712715,0.16214783287284718
2023-11-29,P0020,S002,149,173.0,149.28070817983019,149.28070817983019,-0.28070817983018514
2023-11-29,P0012,S002,262,113.0,261.6854200923112,261.6854200923112,0.3145799076888238
2023-11-29,P0019,S004,47,227.0,46.8536354774384,46.8536354774384,0.1463645225615977
2023-11-29,P0010,S003,310,404.0,310.9457540999462,310.9457540999462,-0.945754099946214
2023-11-29,P0010,S004,111,103.0,110.96938375472921,110.96938375472921,0.03061624527079232
2023-11-29,P0011,S004,411,4.0,411.3161213515152,411.3161213515152,-0.31612135151522125
2023-11-29,P0008,S001,239,71.0,238.0705157061185,238.0705157061185,0.9294842938815009
2023-11-29,P0009,S002,280,29.0,280.8309455125357,280.8309455125357,-0.8309455125357204
2023-11-29,P0007,S001,64,219.0,64.43860206497135,64.43860206497135,-0.4386020649713487
2023-11-29,P0015,S001,107,104.0,107.26554016110515,107.26554016110515,-0.2655401611051502
2023-11-29,P0005,S005,152,99.0,152.22829766878024,152.22829766878024,-0.22829766878024316
2023-11-29,P0009,S005,43,3.0,43.42245103368584,43.42245103368584,-0.4224510336858387
2023-11-29,P0008,S004,103,77.0,103.63388900274373,103.63388900274373,-0.6338890027437287
2023-11-29,P0006,S004,135,130.0,134.16275187961182,134.16275187961182,0.8372481203881819
2023-11-29,P0008,S003,94,63.0,94.0155703219318,94.0155703219318,-0.015570321931804187
2023-11-29,P0003,S004,53,279.0,52.94368089160855,52.94368089160855,0.056319108391448935
2023-11-29,P0007,S005,1,290.0,1.5525795528243564,1.5525795528243564,-0.5525795528243564
2023-11-29,P0005,S001,57,4.0,56.223126961812234,56.223126961812234,0.776873038187766
2023-11-29,P0011,S002,128,132.0,127.14667224819668,127.14667224819668,0.8533277518033202
2023-11-29,P0002,S005,175,69.0,175.40690516409092,175.40690516409092,-0.40690516409091515
2023-11-29,P0016,S005,84,228.0,83.55830439195512,83.55830439195512,0.4416956080448813
2023-11-29,P0019,S005,34,9.0,33.651270732403745,33.651270732403745,0.348729267596255
2023-11-29,P0014,S003,112,34.0,112.05540044223113,112.05540044223113,-0.055400442231132274
2023-11-29,P0005,S002,13,180.0,13.619457660195648,13.619457660195648,-0.6194576601956481
2023-11-29,P0007,S004,160,26.0,160.4114368847909,160.4114368847909,-0.411436884790902
2023-11-29,P0006,S002,202,101.0,201.47658210814302,201.47658210814302,0.5234178918569796
2023-11-29,P0013,S002,414,154.0,414.70137730584366,414.70137730584366,-0.7013773058436641
2023-11-29,P0018,S004,76,51.0,75.55591513162575,75.55591513162575,0.4440848683742473
2023-11-29,P0014,S002,91,108.0,90.50163616259887,90.50163616259887,0.4983638374011292
2023-11-29,P0019,S001,187,91.0,188.29889871083734,188.29889871083734,-1.298898710837335
2023-11-29,P0015,S002,277,21.0,276.0280088464826,276.0280088464826,0.9719911535174219
2023-11-29,P0020,S001,9,269.0,9.362096118918561,9.362096118918561,-0.3620961189185614
2023-11-29,P0011,S005,119,218.0,118.29298942080936,118.29298942080936,0.7070105791906371
2023-11-29,P0006,S005,19,89.0,18.484780499959275,18.484780499959275,0.5152195000407254
2023-11-29,P0010,S001,313,185.0,314.53875613635284,314.53875613635284,-1.5387561363528448
2023-11-29,P0016,S002,36,64.0,35.743125957010804,35.743125957010804,0.256874042989196
2023-11-29,P0017,S001,54,239.0,54.522607757596106,54.522607757596106,-0.5226077575961057
2023-11-29,P0010,S002,266,18.0,266.46818472456135,266.46818472456135,-0.46818472456135396
2023-11-29,P0015,S005,263,164.0,263.5735162729838,263.5735162729838,-0.5735162729837953
2023-11-29,P0017,S003,95,2.0,94.0789285871685,94.0789285871685,0.9210714128314947
2023-11-29,P0001,S002,21,370.0,19.709874834305356,19.709874834305356,1.2901251656946435
2023-11-29,P0001,S003,150,165.0,149.688520489037,149.688520489037,0.31147951096301085
2023-11-30,P0001,S001,244,110.0,244.86989464341298,244.86989464341298,-0.8698946434129766
2023-11-30,P0002,S003,36,451.0,35.684807872253735,35.684807872253735,0.3151921277462648
2023-11-30,P0015,S003,233,223.0,234.23790626828426,234.23790626828426,-1.237906268284263
2023-11-30,P0013,S005,244,249.0,244.53087287704292,244.53087287704292,-0.5308728770429241
2023-11-30,P0005,S001,134,57.0,133.34941642461968,133.34941642461968,0.650583575380324
2023-11-30,P0001,S005,81,237.0,81.07321534547779,81.07321534547779,-0.07321534547779152
2023-11-30,P0012,S004,64,149.0,63.39366559794638,63.39366559794638,0.6063344020536192
2023-11-30,P0010,S005,93,154.0,91.88946344801461,91.88946344801461,1.1105365519853905
2023-11-30,P0012,S005,32,435.0,32.6546418825893,32.6546418825893,-0.6546418825893028
2023-11-30,P0003,S005,115,215.0,115.43714884081275,115.43714884081275,-0.4371488408127533
2023-11-30,P0008,S003,35,94.0,34.75972437414305,34.75972437414305,0.2402756258569525
2023-11-30,P0020,S004,15,99.0,13.516168516686133,13.516168516686133,1.4838314833138675
2023-11-30,P0018,S002,253,149.0,252.46896454400292,252.46896454400292,0.5310354559970847
2023-11-30,P0005,S005,377,152.0,374.44500727186465,374.44500727186465,2.554992728135346
2023-11-30,P0004,S001,46,23.0,45.314442256395736,45.314442256395736,0.6855577436042637
2023-11-30,P0007,S002,59,95.0,59.56023813639948,59.56023813639948,-0.5602381363994766
2023-11-30,P0018,S001,116,14.0,116.21664367154082,116.21664367154082,-0.21664367154082242
2023-11-30,P0015,S002,98,277.0,97.97996134966768,97.97996134966768,0.020038650332324437
2023-11-30,P0006,S002,26,202.0,25.73338566547954,25.73338566547954,0.2666143345204617
2023-11-30,P0001,S003,9,150.0,9.359254253447288,9.359254253447288,-0.359254253447288
2023-11-30,P0005,S003,0,26.0,0.09248060977919118,0.09248060977919118,-0.09248060977919118
2023-11-30,P0005,S002,211,13.0,210.9792421106681,210.9792421106681,0.0207578893318896
2023-11-30,P0008,S005,78,26.0,78.39414354065933,78.39414354065933,-0.39414354065932855
2023-11-30,P0010,S003,50,310.0,49.41049806734237,49.41049806734237,0.5895019326576332
2023-11-30,P0006,S005,76,19.0,75.77597736983705,75.77597736983705,0.2240226301629491
2023-11-30,P0010,S001,364,313.0,365.1310643253241,365.1310643253241,-1.1310643253240755
2023-11-30,P0020,S002,75,149.0,75.1680533884904,75.1680533884904,-0.16805338849040652
2023-11-30,P0019,S002,92,71.0,91.74451528059474,91.74451528059474,0.25548471940525985
2023-11-30,P0011,S004,370,411.0,368.9759551262815,368.9759551262815,1.0240448737184806
2023-11-30,P0007,S004,88,160.0,87.77906840219988,87.77906840219988,0.22093159780011717
2023-11-30,P0004,S005,160,212.0,160.62553937143457,160.62553937143457,-0.6255393714345701
2023-11-30,P0011,S002,159,128.0,158.84542306756927,158.84542306756927,0.15457693243072868
2023-11-30,P0013,S003,192,7.0,191.33139767846947,191.33139767846947,0.6686023215305283
2023-11-30,P0007,S001,66,64.0,66.39832462349932,66.39832462349932,-0.3983246234993203
2023-11-30,P0016,S003,53,362.0,52.862701858529135,52.862701858529135,0.13729814147086472
2023-11-30,P0004,S003,72,221.0,72.56351362353331,72.56351362353331,-0.5635136235333107
2023-11-30,P0012,S001,55,35.0,55.089606833261705,55.089606833261705,-0.08960683326170482
2023-11-30,P0003,S002,250,57.0,251.48574389296675,251.48574389296675,-1.4857438929667524
2023-11-30,P0010,S002,64,266.0,63.39366559794638,63.39366559794638,0.6063344020536192
2023-11-30,P0011,S005,281,119.0,279.7973918883569,279.7973918883569,1.2026081116430873
2023-11-30,P0016,S002,274,36.0,275.34857464245755,275.34857464245755,-1.3485746424575495
2023-11-30,P0020,S001,91,9.0,91.71785412408582,91.71785412408582,-0.7178541240858181
2023-11-30,P0015,S005,396,263.0,397.12800651668005,397.12800651668005,-1.1280065166800455
2023-11-30,P0001,S002,291,21.0,291.8999869390535,291.8999869390535,-0.8999869390535196
2023-11-30,P0019,S003,127,317.0,127.55759600519703,127.55759600519703,-0.557596005197027
2023-11-30,P0009,S004,245,8.0,245.19410126294355,245.19410126294355,-0.19410126294354768
2023-11-30,P0005,S004,221,303.0,221.484222137457,221.484222137457,-0.48422213745701015
2023-11-30,P0018,S004,25,76.0,24.960272097246047,24.960272097246047,0.03972790275395255
2023-11-30,P0018,S005,109,46.0,108.73795300422374,108.73795300422374,0.26204699577625945
2023-11-30,P0019,S005,21,34.0,21.319884891442406,21.319884891442406,-0.31988489144240617
2023-11-30,P0004,S002,222,26.0,222.34756628589875,222.34756628589875,-0.3475662858987505
2023-11-30,P0011,S003,123,1.0,122.9018477490544,122.9018477490544,0.09815225094560276
2023-11-30,P0006,S001,44,223.0,43.76360941250716,43.76360941250716,0.23639058749284203
2023-11-30,P0017,S001,5,54.0,4.434465669217347,4.434465669217347,0.5655343307826532
2023-11-30,P0008,S001,68,239.0,67.87536847670984,67.87536847670984,0.12463152329016225
2023-11-30,P0019,S004,250,47.0,251.3030164829106,251.3030164829106,-1.303016482910607
2023-11-30,P0003,S004,340,53.0,338.53014984835033,338.53014984835033,1.4698501516496663
2023-11-30,P0014,S003,416,112.0,412.74294183730444,412.74294183730444,3.2570581626955573
2023-11-30,P0001,S004,228,309.0,229.2220548414952,229.2220548414952,-1.2220548414952077
2023-11-30,P0007,S005,136,1.0,135.5085337465328,135.5085337465328,0.49146625346719475
2023-11-30,P0006,S004,13,135.0,13.756261393438962,13.756261393438962,-0.7562613934389617
2023-11-30,P0008,S004,168,103.0,167.56816270944844,167.56816270944844,0.43183729055155595
2023-11-30,P0009,S005,126,43.0,126.09985648100947,126.09985648100947,-0.09985648100946776
2023-11-30,P0015,S001,212,107.0,211.49969803437116,211.49969803437116,0.5003019656288359
2023-11-30,P0017,S003,63,95.0,63.02013486379596,63.02013486379596,-0.020134863795959745
2023-11-30,P0010,S004,108,111.0,107.49270390404187,107.49270390404187,0.5072960959581252
2023-11-30,P0013,S002,2,414.0,1.1405745059625911,1.1405745059625911,0.8594254940374089
2023-11-30,P0012,S002,140,262.0,139.94393524240598,139.94393524240598,0.05606475759401519
2023-11-30,P0013,S004,225,278.0,225.59702468504096,225.59702468504096,-0.5970246850409637
2023-11-30,P0019,S001,82,187.0,82.50696037346049,82.50696037346049,-0.5069603734604868
2023-11-30,P0014,S002,20,91.0,20.08207687355301,20.08207687355301,-0.08207687355301019
2023-11-30,P0003,S001,376,8.0,379.7179636701203,379.7179636701203,-3.717963670120298
2023-11-30,P0002,S004,103,38.0,102.71970255872252,102.71970255872252,0.280297441277483
2023-11-30,P0017,S002,224,261.0,223.58900463903234,223.58900463903234,0.41099536096766087
2023-11-30,P0014,S001,340,59.0,338.70695058171424,338.70695058171424,1.2930494182857615
2023-11-30,P0017,S005,41,276.0,40.910849162100384,40.910849162100384,0.08915083789961642
2023-11-30,P0016,S001,43,52.0,42.61635981692692,42.61635981692692,0.38364018307307646
2023-11-30,P0012,S003,41,85.0,40.92791400204545,40.92791400204545,0.07208599795455228
2023-11-30,P0013,S001,75,53.0,75.90797587551262,75.90797587551262,-0.9079758755126193
2023-11-30,P0002,S005,318,175.0,317.312058805295,317.312058805295,0.6879411947049903
2023-11-30,P0016,S005,11,84.0,10.08536306383984,10.08536306383984,0.9146369361601607
2023-11-30,P0002,S001,27,292.0,27.230437746158934,27.230437746158934,-0.23043774615893398
2023-11-30,P0006,S003,51,131.0,51.57269972240993,51.57269972240993,-0.5726997224099293
2023-11-30,P0017,S004,16,242.0,15.66269916445208,15.66269916445208,0.3373008355479197
2023-11-30,P0020,S003,103,193.0,103.8708059069176,103.8708059069176,-0.870805906917596
2023-11-30,P0002,S002,369,170.0,367.3414255374024,367.3414255374024,1.658574462597585
2023-11-30,P0014,S004,134,43.0,133.5912718232017,133.5912718232017,0.40872817679829154
2023-11-30,P0007,S003,121,213.0,120.66645923541066,120.66645923541066,0.333540764589344
2023-11-30,P0015,S004,255,16.0,253.8257745067121,253.8257745067121,1.1742254932879064
2023-11-30,P0004,S004,254,268.0,253.8869518775222,253.8869518775222,0.1130481224778066
2023-11-30,P0014,S005,0,83.0,0.0,0.0,0.0
2023-11-30,P0011,S001,136,69.0,135.90454723634147,135.90454723634147,0.09545276365852828
2023-11-30,P0009,S002,184,280.0,183.20441027797978,183.20441027797978,0.7955897220202246
2023-11-30,P0008,S002,110,224.0,109.70111132489322,109.70111132489322,0.29888867510678097
2023-11-30,P0018,S003,276,79.0,276.7406873848673,276.7406873848673,-0.7406873848672717
2023-11-30,P0009,S003,135,201.0,135.76154047110694,135.76154047110694,-0.7615404711069402
2023-11-30,P0009,S001,204,12.0,205.33938520782638,205.33938520782638,-1.339385207826382
2023-11-30,P0003,S003,273,68.0,273.1224985155848,273.1224985155848,-0.12249851558482305
2023-11-30,P0020,S005,219,183.0,218.39951179267464,218.39951179267464,0.6004882073253555
2023-11-30,P0016,S004,339,229.0,339.22819010322604,339.22819010322604,-0.22819010322604072
2023-12-01,P0012,S001,12,55.0,11.864190599000116,11.864190599000116,0.13580940099988403
2023-12-01,P0006,S005,388,76.0,387.16228427064635,387.16228427064635,0.837715729353647
2023-12-01,P0008,S004,93,168.0,92.94409647648367,92.94409647648367,0.055903523516334985
2023-12-01,P0004,S003,79,72.0,78.79818088512047,78.79818088512047,0.20181911487952675
2023-12-01,P0005,S001,200,134.0,200.29177708924763,200.29177708924763,-0.29177708924763124
2023-12-01,P0015,S001,361,212.0,360.1573680320635,360.1573680320635,0.8426319679364838
2023-12-01,P0012,S005,259,32.0,258.0754240143544,258.0754240143544,0.9245759856456175
2023-12-01,P0002,S002,12,369.0,12.153740016576151,12.153740016576151,-0.1537400165761511
2023-12-01,P0016,S004,179,339.0,179.37262708134847,179.37262708134847,-0.3726270813484689
2023-12-01,P0011,S002,40,159.0,39.71082191756609,39.71082191756609,0.2891780824339065
2023-12-01,P0017,S005,24,41.0,24.075727097002147,24.075727097002147,-0.0757270970021473
2023-12-01,P0001,S004,316,228.0,316.6557025440455,316.6557025440455,-0.6557025440454822
2023-12-01,P0009,S003,81,135.0,81.67682368843431,81.67682368843431,-0.6768236884343111
2023-12-01,P0003,S003,76,273.0,75.69593534077929,75.69593534077929,0.3040646592207139
2023-12-01,P0018,S001,126,116.0,125.79466441480439,125.79466441480439,0.20533558519561268
2023-12-01,P0018,S005,265,109.0,265.1757325733333,265.1757325733333,-0.17573257333327774
2023-12-01,P0006,S001,66,44.0,66.30933496845968,66.30933496845968,-0.3093349684596802
2023-12-01,P0013,S005,100,244.0,99.36688238094615,99.36688238094615,0.6331176190538486
2023-12-01,P0003,S005,56,115.0,55.78533968749668,55.78533968749668,0.21466031250331952
2023-12-01,P0017,S004,60,16.0,59.67982794742496,59.67982794742496,0.3201720525750389
2023-12-01,P0008,S001,75,68.0,74.6859984227435,74.6859984227435,0.314001577256505
2023-12-01,P0010,S002,206,64.0,206.09639272476676,206.09639272476676,-0.09639272476675842
2023-12-01,P0016,S003,252,53.0,253.02752849013999,253.02752849013999,-1.0275284901399857
2023-12-01,P0001,S003,8,9.0,8.680980106207706,8.680980106207706,-0.6809801062077057
2023-12-01,P0019,S001,35,82.0,35.94347671290373,35.94347671290373,-0.9434767129037311
2023-12-01,P0019,S005,433,21.0,437.1758399502448,437.1758399502448,-4.175839950244779
2023-12-01,P0013,S004,272,225.0,271.49469929609324,271.49469929609324,0.5053007039067552
2023-12-01,P0011,S004,53,370.0,53.31243021044404,53.31243021044404,-0.31243021044404173
2023-12-01,P0016,S005,102,11.0,102.701245325396,102.701245325396,-0.7012453253960018
2023-12-01,P0004,S001,99,46.0,98.44761363750017,98.44761363750017,0.5523863624998313
2023-12-01,P0005,S002,9,211.0,10.040535510309718,10.040535510309718,-1.0405355103097182
2023-12-01,P0002,S001,22,27.0,21.341649710846397,21.341649710846397,0.6583502891536028
2023-12-01,P0014,S002,37,20.0,36.83638968131231,36.83638968131231,0.16361031868768805
2023-12-01,P0017,S001,337,5.0,335.17425147554155,335.17425147554155,1.8257485244584473
2023-12-01,P0013,S001,0,75.0,0.09248060977919118,0.09248060977919118,-0.09248060977919118
2023-12-01,P0015,S004,113,255.0,113.68943700191664,113.68943700191664,-0.6894370019166445
2023-12-01,P0016,S001,44,43.0,43.68473648034606,43.68473648034606,0.3152635196539393
2023-12-01,P0020,S005,151,219.0,150.5844219243618,150.5844219243618,0.4155780756381944
2023-12-01,P0012,S003,238,41.0,237.96880816684427,237.96880816684427,0.03119183315573082
2023-12-01,P0008,S002,316,110.0,316.4910315510895,316.4910315510895,-0.49103155108952024
2023-12-01,P0007,S003,137,121.0,136.3626404910955,136.3626404910955,0.6373595089044954
2023-12-01,P0014,S005,255,0.0,256.0424371587943,256.0424371587943,-1.0424371587943142
2023-12-01,P0018,S004,4,25.0,4.651158562721549,4.651158562721549,-0.651158562721549
2023-12-01,P0001,S005,25,81.0,25.363117309492353,25.363117309492353,-0.36311730949235255
2023-12-01,P0020,S001,75,91.0,75.61742419625838,75.61742419625838,-0.6174241962583835
2023-12-01,P0003,S002,78,250.0,78.25661477620028,78.25661477620028,-0.25661477620027995
2023-12-01,P0006,S003,319,51.0,318.42477139907436,318.42477139907436,0.5752286009256409
2023-12-01,P0014,S004,274,134.0,275.59885190281295,275.59885190281295,-1.598851902812953
2023-12-01,P0020,S003,17,103.0,16.472385532866255,16.472385532866255,0.5276144671337448
2023-12-01,P0001,S002,8,291.0,8.568013052821408,8.568013052821408,-0.5680130528214082
2023-12-01,P0018,S003,100,276.0,100.51892134094051,100.51892134094051,-0.5189213409405085
2023-12-01,P0005,S004,34,221.0,34.32076910190903,34.32076910190903,-0.3207691019090291
2023-12-01,P0017,S002,193,224.0,193.28056486851563,193.28056486851563,-0.2805648685156257
2023-12-01,P0003,S001,340,376.0,338.09508799059563,338.09508799059563,1.90491200940437
2023-12-01,P0011,S005,118,281.0,117.89923997716068,117.89923997716068,0.10076002283932439
2023-12-01,P0011,S003,32,123.0,31.842241534816768,31.842241534816768,0.15775846518323178
2023-12-01,P0002,S004,2,103.0,2.1951072711873603,2.1951072711873603,-0.19510727118736026
2023-12-01,P0004,S002,27,222.0,27.17905930670676,27.17905930670676,-0.1790593067067583
2023-12-01,P0002,S005,74,318.0,74.39695723207501,74.39695723207501,-0.3969572320750103
2023-12-01,P0011,S001,22,136.0,21.19872905525739,21.19872905525739,0.8012709447426083
2023-12-01,P0004,S004,0,254.0,0.14373777918896033,0.14373777918896033,-0.14373777918896033
2023-12-01,P0009,S002,59,184.0,58.62477874916023,58.62477874916023,0.37522125083977187
2023-12-01,P0019,S004,23,250.0,22.73578838577066,22.73578838577066,0.2642116142293389
2023-12-01,P0014,S001,196,340.0,195.79681711874522,195.79681711874522,0.2031828812547758
2023-12-01,P0020,S004,167,15.0,167.53887244821814,167.53887244821814,-0.5388724482181431
2023-12-01,P0009,S004,223,245.0,223.40457139193265,223.40457139193265,-0.4045713919326488
2023-12-01,P0012,S002,25,140.0,24.256808138771706,24.256808138771706,0.7431918612282935
2023-12-01,P0013,S002,41,2.0,41.37842519821342,41.37842519821342,-0.3784251982134208
2023-12-01,P0001,S001,185,244.0,185.23603565737167,185.23603565737167,-0.23603565737167287
2023-12-01,P0006,S004,83,13.0,82.90561417165229,82.90561417165229,0.09438582834771125
2023-12-01,P0007,S004,81,88.0,81.10449692313706,81.10449692313706,-0.10449692313706294
2023-12-01,P0010,S003,139,50.0,138.46238392828425,138.46238392828425,0.5376160717157461
2023-12-01,P0010,S001,15,364.0,15.45758057974904,15.45758057974904,-0.45758057974904
2023-12-01,P0006,S002,26,26.0,25.722170742907657,25.722170742907657,0.27782925709234263
2023-12-01,P0015,S005,255,396.0,255.48725057156258,255.48725057156258,-0.48725057156258345
2023-12-01,P0020,S002,159,75.0,159.13866068459313,159.13866068459313,-0.13866068459313396
2023-12-01,P0015,S002,15,98.0,15.273516524241657,15.273516524241657,-0.27351652424165707
2023-12-01,P0007,S005,62,136.0,62.18264367128625,62.18264367128625,-0.18264367128625025
2023-12-01,P0007,S001,56,66.0,56.74989947493564,56.74989947493564,-0.7498994749356385
2023-12-01,P0005,S005,29,377.0,29.491780630839603,29.491780630839603,-0.4917806308396031
2023-12-01,P0012,S004,131,64.0,130.94492754386252,130.94492754386252,0.055072456137480685
2023-12-01,P0003,S004,242,340.0,241.51512326330501,241.51512326330501,0.48487673669498577
2023-12-01,P0008,S003,195,35.0,195.07439766199906,195.07439766199906,-0.07439766199905762
2023-12-01,P0002,S003,178,36.0,178.6916932342222,178.6916932342222,-0.691693234222214
2023-12-01,P0009,S001,59,204.0,58.75448323790981,58.75448323790981,0.24551676209019035
2023-12-01,P0015,S003,192,233.0,191.76949010515418,191.76949010515418,0.23050989484582374
2023-12-01,P0007,S002,310,59.0,311.1248491247966,311.1248491247966,-1.124849124796583
2023-12-01,P0013,S003,3,192.0,2.4575289535494687,2.4575289535494687,0.5424710464505313
2023-12-01,P0010,S004,60,108.0,60.12108278119745,60.12108278119745,-0.12108278119745108
2023-12-01,P0019,S002,112,92.0,112.23113627067923,112.23113627067923,-0.23113627067922948
2023-12-01,P0008,S005,78,78.0,78.67244951438808,78.67244951438808,-0.6724495143880773
2023-12-01,P0014,S003,113,416.0,112.74674130541008,112.74674130541008,0.2532586945899169
2023-12-01,P0017,S003,45,63.0,44.264718029966915,44.264718029966915,0.7352819700330855
2023-12-01,P0009,S005,3,126.0,2.6694669885271356,2.6694669885271356,0.3305330114728644
2023-12-01,P0016,S002,157,274.0,157.1128389636476,157.1128389636476,-0.11283896364759016
2023-12-01,P0005,S003,28,0.0,28.405825755354975,28.405825755354975,-0.4058257553549751
2023-12-01,P0010,S005,256,93.0,254.62235328516425,254.62235328516425,1.3776467148357483
2023-12-01,P0004,S005,29,160.0,29.491780630839603,29.491780630839603,-0.4917806308396031
2023-12-01,P0019,S003,106,127.0,105.78293389612705,105.78293389612705,0.217066103872952
2023-12-01,P0018,S002,33,253.0,32.60408030464861,32.60408030464861,0.39591969535138816
2023-12-02,P0018,S003,55,100.0,55.34858591415684,55.34858591415684,-0.3485859141568426
2023-12-02,P0017,S001,245,337.0,245.71107964093275,245.71107964093275,-0.711079640932752
2023-12-02,P0013,S004,88,272.0,87.73160933547945,87.73160933547945,0.2683906645205525
2023-12-02,P0008,S004,239,93.0,239.02157468885622,239.02157468885622,-0.02157468885621938
2023-12-02,P0013,S002,292,41.0,290.54553098570454,290.54553098570454,1.454469014295455
2023-12-02,P0003,S004,16,242.0,15.169471324484727,15.169471324484727,0.8305286755152732
2023-12-02,P0018,S005,65,265.0,65.26957119636909,65.26957119636909,-0.26957119636908544
2023-12-02,P0015,S005,200,255.0,199.58702123171662,199.58702123171662,0.41297876828338076
2023-12-02,P0009,S005,40,3.0,39.20854796772198,39.20854796772198,0.7914520322780234
2023-12-02,P0006,S005,60,388.0,60.47412646308157,60.47412646308157,-0.4741264630815678
2023-12-02,P0020,S001,191,75.0,190.85113733221357,190.85113733221357,0.14886266778643176
2023-12-02,P0010,S001,212,15.0,210.83767232240578,210.83767232240578,1.1623276775942202
2023-12-02,P0005,S005,13,29.0,12.547922912077496,12.547922912077496,0.452077087922504
2023-12-02,P0017,S003,23,45.0,23.011369553331384,23.011369553331384,-0.011369553331384452
2023-12-02,P0015,S002,349,15.0,348.7785038455725,348.7785038455725,0.22149615442748427
2023-12-02,P0011,S004,103,53.0,102.71970255872252,102.71970255872252,0.280297441277483
2023-12-02,P0009,S001,108,59.0,108.135739174602,108.135739174602,-0.13573917460199425
2023-12-02,P0012,S005,1,259.0,1.227625187397286,1.227625187397286,-0.2276251873972861
2023-12-02,P0007,S002,71,310.0,71.34978008370312,71.34978008370312,-0.3497800837031235
2023-12-02,P0018,S001,33,126.0,32.78084043798895,32.78084043798895,0.21915956201105047
2023-12-02,P0005,S003,53,28.0,52.71741182367668,52.71741182367668,0.28258817632332267
2023-12-02,P0010,S005,328,256.0,326.7292767505612,326.7292767505612,1.2707232494387881
2023-12-02,P0013,S003,45,3.0,45.14416339820903,45.14416339820903,-0.1441633982090309
2023-12-02,P0019,S005,214,433.0,214.67578897986263,214.67578897986263,-0.6757889798626309
2023-12-02,P0007,S003,97,137.0,96.39553319250652,96.39553319250652,0.6044668074934805
2023-12-02,P0008,S005,101,78.0,100.68875128835526,100.68875128835526,0.3112487116447369
2023-12-02,P0020,S004,55,167.0,54.670579997593286,54.670579997593286,0.32942000240671376
2023-12-02,P0016,S004,17,179.0,16.30230509578125,16.30230509578125,0.6976949042187499
2023-12-02,P0001,S005,134,25.0,133.81694905257888,133.81694905257888,0.1830509474211226
2023-12-02,P0014,S004,142,274.0,142.24459854399785,142.24459854399785,-0.24459854399785286
2023-12-02,P0016,S005,340,102.0,342.2860169613447,342.2860169613447,-2.2860169613447283
2023-12-02,P0002,S001,222,22.0,222.58373496492644,222.58373496492644,-0.5837349649264354
2023-12-02,P0009,S002,53,59.0,52.18892564102766,52.18892564102766,0.8110743589723413
2023-12-02,P0003,S005,474,56.0,474.5156480383278,474.5156480383278,-0.5156480383278108
2023-12-02,P0011,S003,308,32.0,306.5340693007799,306.5340693007799,1.4659306992201095
2023-12-02,P0005,S004,251,34.0,250.65547078162302,250.65547078162302,0.3445292183769766
2023-12-02,P0003,S001,65,340.0,64.73842436089497,64.73842436089497,0.26157563910503256
2023-12-02,P0013,S001,9,0.0,9.360846731623734,9.360846731623734,-0.3608467316237345
2023-12-02,P0001,S002,37,8.0,37.343695860412446,37.343695860412446,-0.3436958604124456
2023-12-02,P0002,S004,42,2.0,42.21719592148807,42.21719592148807,-0.2171959214880701
2023-12-02,P0010,S003,20,139.0,20.010079663082163,20.010079663082163,-0.010079663082162682
2023-12-02,P0011,S002,137,40.0,137.63501757579854,137.63501757579854,-0.6350175757985426
2023-12-02,P0009,S003,291,81.0,290.925722625031,290.925722625031,0.0742773749689718
2023-12-02,P0003,S002,177,78.0,177.46136902112585,177.46136902112585,-0.4613690211258472
2023-12-02,P0013,S005,236,100.0,237.4839627953758,237.4839627953758,-1.4839627953757883
2023-12-02,P0019,S004,55,23.0,53.716253490184776,53.716253490184776,1.2837465098152236
2023-12-02,P0008,S002,140,316.0,140.19192123848848,140.19192123848848,-0.19192123848847586
2023-12-02,P0004,S005,40,29.0,39.77371656930232,39.77371656930232,0.2262834306976771
2023-12-02,P0001,S003,73,8.0,73.81368209644674,73.81368209644674,-0.8136820964467404
2023-12-02,P0012,S003,215,238.0,213.9145046655682,213.9145046655682,1.085495334431812
2023-12-02,P0008,S001,1,75.0,1.5930000153957924,1.5930000153957924,-0.5930000153957924
2023-12-02,P0017,S002,229,193.0,230.3873093647401,230.3873093647401,-1.387309364740105
2023-12-02,P0005,S001,209,200.0,209.5736893538451,209.5736893538451,-0.5736893538451113
2023-12-02,P0004,S003,78,79.0,77.8790971296954,77.8790971296954,0.12090287030460445
2023-12-02,P0020,S005,170,151.0,170.60061485035442,170.60061485035442,-0.6006148503544182
2023-12-02,P0016,S001,127,44.0,126.3182405297903,126.3182405297903,0.6817594702096983
2023-12-02,P0004,S002,75,27.0,75.26979310800962,75.26979310800962,-0.26979310800962253
2023-12-02,P0006,S002,71,26.0,70.0779947689807,70.0779947689807,0.9220052310192983
2023-12-02,P0020,S002,63,159.0,63.62255379623706,63.62255379623706,-0.6225537962370566
2023-12-02,P0014,S001,107,196.0,106.96576458094178,106.96576458094178,0.03423541905821992
2023-12-02,P0007,S001,241,56.0,240.05310322168256,240.05310322168256,0.9468967783174378
2023-12-02,P0007,S004,264,81.0,264.8296204256666,264.8296204256666,-0.829620425666576
2023-12-02,P0012,S004,28,131.0,26.99555616132472,26.99555616132472,1.0044438386752788
2023-12-02,P0016,S002,29,157.0,28.037499046623726,28.037499046623726,0.9625009533762743
2023-12-02,P0004,S004,94,0.0,93.48704475277219,93.48704475277219,0.5129552472278078
2023-12-02,P0020,S003,333,17.0,334.83063585590185,334.83063585590185,-1.8306358559018463
2023-12-02,P0001,S001,200,185.0,200.3808813357523,200.3808813357523,-0.3808813357522922
2023-12-02,P0011,S001,136,22.0,136.5817900418915,136.5817900418915,-0.5817900418915087
2023-12-02,P0015,S003,42,192.0,41.73399680804681,41.73399680804681,0.2660031919531889
2023-12-02,P0008,S003,0,195.0,0.13911991169266866,0.13911991169266866,-0.13911991169266866
2023-12-02,P0015,S004,40,113.0,39.6609640410693,39.6609640410693,0.33903595893070104
2023-12-02,P0002,S005,61,74.0,60.36108344734703,60.36108344734703,0.6389165526529723
2023-12-02,P0016,S003,255,252.0,256.1289285021397,256.1289285021397,-1.1289285021396722
2023-12-02,P0006,S003,98,319.0,97.97996134966768,97.97996134966768,0.020038650332324437
2023-12-02,P0018,S004,9,4.0,9.3933545375526,9.3933545375526,-0.3933545375526002
2023-12-02,P0005,S002,152,9.0,153.48606407614665,153.48606407614665,-1.486064076146647
2023-12-02,P0014,S005,270,255.0,271.5447761196903,271.5447761196903,-1.5447761196903116
2023-12-02,P0007,S005,215,62.0,214.48773447528498,214.48773447528498,0.5122655247150192
2023-12-02,P0002,S003,19,178.0,18.6148185703895,18.6148185703895,0.38518142961050117
2023-12-02,P0015,S001,223,361.0,222.83550114616725,222.83550114616725,0.16449885383275387
2023-12-02,P0006,S004,73,83.0,72.88598432026338,72.88598432026338,0.11401567973662452
2023-12-02,P0014,S003,241,113.0,241.01915088042077,241.01915088042077,-0.01915088042076718
2023-12-02,P0019,S002,167,112.0,165.29816327553942,165.29816327553942,1.701836724460577
2023-12-02,P0019,S003,124,106.0,124.52319840220129,124.52319840220129,-0.5231984022012881
2023-12-02,P0019,S001,217,35.0,217.05418755205716,217.05418755205716,-0.05418755205715797
2023-12-02,P0010,S002,223,206.0,223.19834643628366,223.19834643628366,-0.1983464362836571
2023-12-02,P0006,S001,31,66.0,31.327758308322274,31.327758308322274,-0.3277583083222737
2023-12-02,P0010,S004,258,60.0,258.96440013977906,258.96440013977906,-0.9644001397790589
2023-12-02,P0003,S003,34,76.0,34.179099317695886,34.179099317695886,-0.17909931769588638
2023-12-02,P0012,S002,4,25.0,3.5665722483874576,3.5665722483874576,0.43342775161254243
2023-12-02,P0009,S004,64,223.0,64.15999618773486,64.15999618773486,-0.1599961877348619
2023-12-02,P0012,S001,36,12.0,36.44840668416202,36.44840668416202,-0.44840668416202334
2023-12-02,P0011,S005,33,118.0,33.53934834272366,33.53934834272366,-0.5393483427236632
2023-12-02,P0017,S004,199,60.0,199.6056179532618,199.6056179532618,-0.6056179532617989
2023-12-02,P0017,S005,205,24.0,206.0062610997972,206.0062610997972,-1.0062610997972001
2023-12-02,P0002,S002,20,12.0,20.196822733890983,20.196822733890983,-0.1968227338909827
2023-12-02,P0018,S002,176,33.0,175.3671071273342,175.3671071273342,0.6328928726657921
2023-12-02,P0001,S004,30,316.0,30.20424578607661,30.20424578607661,-0.20424578607660848
2023-12-02,P0004,S001,272,99.0,272.181176947721,272.181176947721,-0.18117694772098503
2023-12-02,P0014,S002,179,37.0,180.2609506731678,180.2609506731678,-1.2609506731677982
2023-12-03,P0016,S001,52,127.0,51.78549124996837,51.78549124996837,0.2145087500316265
2023-12-03,P0018,S004,202,9.0,202.4319068639499,202.4319068639499,-0.4319068639499051
2023-12-03,P0002,S001,265,222.0,265.97470565877467,265.97470565877467,-0.974705658774667
2023-12-03,P0014,S004,22,142.0,20.969300986151946,20.969300986151946,1.0306990138480536
2023-12-03,P0018,S002,114,176.0,113.6711314193525,113.6711314193525,0.32886858064749447
2023-12-03,P0002,S003,255,19.0,256.0166526958231,256.0166526958231,-1.0166526958230975
2023-12-03,P0020,S004,161,55.0,160.44930286093836,160.44930286093836,0.55069713906164
2023-12-03,P0008,S005,55,101.0,54.65137742112165,54.65137742112165,0.3486225788783486
2023-12-03,P0012,S003,9,215.0,9.067584423609578,9.067584423609578,-0.06758442360957773
2023-12-03,P0019,S003,214,124.0,212.90944368010602,212.90944368010602,1.0905563198939774
2023-12-03,P0008,S002,340,140.0,340.90597616392336,340.90597616392336,-0.9059761639233557
2023-12-03,P0009,S004,120,64.0,120.64888818491704,120.64888818491704,-0.6488881849170411
2023-12-03,P0015,S004,40,40.0,39.471496245340774,39.471496245340774,0.5285037546592264
2023-12-03,P0001,S005,37,134.0,36.83760376698651,36.83760376698651,0.1623962330134887
2023-12-03,P0005,S002,221,152.0,219.5702631650902,219.5702631650902,1.4297368349097894
2023-12-03,P0002,S005,225,61.0,223.91155063349393,223.91155063349393,1.0884493665060688
2023-12-03,P0003,S004,31,16.0,30.877307749099966,30.877307749099966,0.12269225090003388
2023-12-03,P0007,S005,27,215.0,27.1260127478152,27.1260127478152,-0.12601274781519933
2023-12-03,P0006,S004,21,73.0,20.28326003506468,20.28326003506468,0.7167399649353214
2023-12-03,P0014,S003,169,241.0,167.749910257988,167.749910257988,1.250089742011994
2023-12-03,P0010,S004,78,258.0,77.93785328751869,77.93785328751869,0.062146712481307986
2023-12-03,P0015,S005,7,200.0,7.069147196593684,7.069147196593684,-0.06914719659368362
2023-12-03,P0012,S002,80,4.0,79.49745638938023,79.49745638938023,0.5025436106197674
2023-12-03,P0009,S005,86,40.0,85.65252301695463,85.65252301695463,0.3474769830453681
2023-12-03,P0017,S001,284,245.0,283.0870848095249,283.0870848095249,0.9129151904750756
2023-12-03,P0014,S002,78,179.0,77.45671321163226,77.45671321163226,0.5432867883677375
2023-12-03,P0011,S005,66,33.0,66.22178516930275,66.22178516930275,-0.2217851693027484
2023-12-03,P0003,S001,4,65.0,4.257922073558831,4.257922073558831,-0.2579220735588308
2023-12-03,P0018,S003,310,55.0,308.5076498059345,308.5076498059345,1.4923501940655228
2023-12-03,P0003,S002,458,177.0,454.37406825587294,454.37406825587294,3.625931744127058
2023-12-03,P0006,S003,83,98.0,82.83348612255048,82.83348612255048,0.16651387744951762
2023-12-03,P0011,S003,21,308.0,20.411256639863375,20.411256639863375,0.5887433601366254
2023-12-03,P0020,S001,147,191.0,147.49771786405933,147.49771786405933,-0.49771786405932517
2023-12-03,P0013,S002,227,292.0,227.95675424402438,227.95675424402438,-0.9567542440243813
2023-12-03,P0005,S004,61,251.0,61.24482830156074,61.24482830156074,-0.24482830156073732
2023-12-03,P0019,S004,45,55.0,45.09776294694945,45.09776294694945,-0.09776294694945165
2023-12-03,P0017,S002,77,229.0,76.45811549769273,76.45811549769273,0.5418845023072691
2023-12-03,P0002,S004,220,42.0,218.82864798898476,218.82864798898476,1.1713520110152444
2023-12-03,P0007,S003,333,97.0,332.4125171705101,332.4125171705101,0.5874828294898862
2023-12-03,P0020,S005,67,170.0,66.96372601046403,66.96372601046403,0.03627398953597094
2023-12-03,P0001,S002,7,37.0,7.478504944828295,7.478504944828295,-0.47850494482829475
2023-12-03,P0011,S001,2,136.0,1.9580718100471306,1.9580718100471306,0.0419281899528694
2023-12-03,P0004,S004,50,94.0,50.080815647129306,50.080815647129306,-0.080815647129306
2023-12-03,P0013,S001,208,9.0,207.36605794619902,207.36605794619902,0.633942053800979
2023-12-03,P0014,S001,24,107.0,24.868264510142023,24.868264510142023,-0.8682645101420228
2023-12-03,P0009,S002,150,53.0,149.95533449250948,149.95533449250948,0.044665507490520895
2023-12-03,P0016,S002,123,29.0,122.14564681449315,122.14564681449315,0.8543531855068522
2023-12-03,P0018,S001,71,33.0,71.07670077152409,71.07670077152409,-0.07670077152408794
2023-12-03,P0014,S005,231,270.0,231.15521194657916,231.15521194657916,-0.1552119465791577
2023-12-03,P0010,S005,3,328.0,3.365758870617137,3.365758870617137,-0.3657588706171371
2023-12-03,P0005,S005,186,13.0,185.301829323195,185.301829323195,0.698170676805006
2023-12-03,P0012,S004,52,28.0,52.23944166720203,52.23944166720203,-0.23944166720202986
2023-12-03,P0010,S001,311,212.0,312.45003926112247,312.45003926112247,-1.4500392611224697
2023-12-03,P0015,S002,121,349.0,120.93516368781587,120.93516368781587,0.06483631218412711
2023-12-03,P0006,S005,55,60.0,54.05761218481716,54.05761218481716,0.9423878151828404
2023-12-03,P0016,S005,22,340.0,21.443898200971223,21.443898200971223,0.5561017990287773
2023-12-03,P0009,S003,1,291.0,1.0446401664239857,1.0446401664239857,-0.04464016642398572
2023-12-03,P0004,S003,418,78.0,416.90227933099663,416.90227933099663,1.0977206690033654
2023-12-03,P0005,S001,287,209.0,286.5985796615866,286.5985796615866,0.4014203384134021
2023-12-03,P0001,S003,250,73.0,249.3372427513779,249.3372427513779,0.662757248622114
2023-12-03,P0009,S001,119,108.0,119.57252435452725,119.57252435452725,-0.5725243545272463
2023-12-03,P0011,S004,66,103.0,65.96235913401418,65.96235913401418,0.03764086598582139
2023-12-03,P0013,S005,30,236.0,30.25236968239669,30.25236968239669,-0.2523696823966901
2023-12-03,P0019,S005,131,214.0,130.88256668348987,130.88256668348987,0.11743331651013023
2023-12-03,P0011,S002,88,137.0,87.6375983644354,87.6375983644354,0.3624016355645949
2023-12-03,P0016,S003,135,255.0,135.2088059704647,135.2088059704647,-0.2088059704647094
2023-12-03,P0017,S004,363,199.0,363.281623630554,363.281623630554,-0.28162363055400874
2023-12-03,P0015,S001,361,223.0,363.34008641090804,363.34008641090804,-2.340086410908043
2023-12-03,P0008,S004,186,239.0,186.09952602525672,186.09952602525672,-0.09952602525672205
2023-12-03,P0013,S004,39,88.0,38.60709972085377,38.60709972085377,0.3929002791462324
2023-12-03,P0003,S003,76,34.0,75.70446790261478,75.70446790261478,0.29553209738521957
2023-12-03,P0019,S001,52,217.0,51.5266407793282,51.5266407793282,0.4733592206718029
2023-12-03,P0018,S005,182,65.0,182.11790733278048,182.11790733278048,-0.11790733278047583
2023-12-03,P0007,S001,122,241.0,121.09304593417451,121.09304593417451,0.906954065825488
2023-12-03,P0006,S001,50,31.0,49.898021808035764,49.898021808035764,0.10197819196423552
2023-12-03,P0003,S005,23,474.0,22.982165157938873,22.982165157938873,0.017834842061127176
2023-12-03,P0017,S005,101,205.0,100.58280404787395,100.58280404787395,0.41719595212605043
2023-12-03,P0002,S002,59,20.0,59.59449765185128,59.59449765185128,-0.5944976518512775
2023-12-03,P0016,S004,159,17.0,158.5910185110407,158.5910185110407,0.40898148895931286
2023-12-03,P0020,S003,1,333.0,0.7191291842817751,0.7191291842817751,0.2808708157182249
2023-12-03,P0001,S004,170,30.0,169.64115892967473,169.64115892967473,0.35884107032526913
2023-12-03,P0010,S002,112,223.0,112.4613615653309,112.4613615653309,-0.461361565330904
2023-12-03,P0020,S002,17,63.0,16.797094788213002,16.797094788213002,0.20290521178699805
2023-12-03,P0008,S003,95,0.0,94.57267905214329,94.57267905214329,0.42732094785671393
2023-12-03,P0012,S001,57,36.0,56.82999750866522,56.82999750866522,0.17000249133477752
2023-12-03,P0007,S004,66,264.0,65.84427993697601,65.84427993697601,0.15572006302399188
2023-12-03,P0005,S003,266,53.0,264.78584731212334,264.78584731212334,1.2141526878766626
2023-12-03,P0012,S005,162,1.0,161.37026783582124,161.37026783582124,0.6297321641787619
2023-12-03,P0004,S001,258,272.0,259.67788104775025,259.67788104775025,-1.6778810477502475
2023-12-03,P0019,S002,221,167.0,219.94061515208804,219.94061515208804,1.0593848479119572
2023-12-03,P0004,S005,69,40.0,69.305435181746,69.305435181746,-0.3054351817460059
2023-12-03,P0008,S001,189,1.0,188.55884787569286,188.55884787569286,0.4411521243071377
2023-12-03,P0013,S003,18,45.0,18.032161509566144,18.032161509566144,-0.032161509566144275
2023-12-03,P0007,S002,398,71.0,394.936934523232,394.936934523232,3.0630654767679744
2023-12-03,P0001,S001,122,200.0,122.7321819430281,122.7321819430281,-0.7321819430280954
2023-12-03,P0006,S002,99,71.0,98.70277198810216,98.70277198810216,0.2972280118978432
2023-12-03,P0010,S003,12,20.0,12.375173035966924,12.375173035966924,-0.37517303596692386
2023-12-03,P0004,S002,12,75.0,11.956344047683384,11.956344047683384,0.04365595231661601
2023-12-03,P0017,S003,395,23.0,395.96105933159225,395.96105933159225,-0.9610593315922529
2023-12-03,P0015,S003,151,42.0,151.51480629919382,151.51480629919382,-0.5148062991938218
2023-12-04,P0017,S001,145,284.0,144.6986541210252,144.6986541210252,0.3013458789747858
2023-12-04,P0003,S001,329,4.0,329.5248964749113,329.5248964749113,-0.5248964749113156
2023-12-04,P0020,S004,195,161.0,195.25299328616163,195.25299328616163,-0.252993286161626
2023-12-04,P0014,S002,213,78.0,212.34776843254707,212.34776843254707,0.6522315674529295
2023-12-04,P0009,S003,291,1.0,289.5917759169929,289.5917759169929,1.4082240830070987
2023-12-04,P0002,S002,33,59.0,32.80320438045864,32.80320438045864,0.19679561954136204
2023-12-04,P0018,S003,120,310.0,120.31522522573512,120.31522522573512,-0.31522522573511935
2023-12-04,P0003,S005,35,23.0,35.22071301634848,35.22071301634848,-0.2207130163484834
2023-12-04,P0018,S002,390,114.0,393.6166370577144,393.6166370577144,-3.6166370577143994
2023-12-04,P0014,S003,18,169.0,17.362682906217128,17.362682906217128,0.6373170937828725
2023-12-04,P0002,S003,306,255.0,305.9073501149148,305.9073501149148,0.09264988508522265
2023-12-04,P0017,S002,51,77.0,51.45362651583133,51.45362651583133,-0.4536265158313313
2023-12-04,P0013,S003,99,18.0,98.45262814678384,98.45262814678384,0.5473718532161627
2023-12-04,P0013,S004,350,39.0,347.37722991887193,347.37722991887193,2.622770081128067
2023-12-04,P0003,S003,304,76.0,304.2073625350874,304.2073625350874,-0.207362535087384
2023-12-04,P0015,S001,30,361.0,30.234868336597795,30.234868336597795,-0.2348683365977955
2023-12-04,P0004,S001,112,258.0,112.11976136143451,112.11976136143451,-0.11976136143451299
2023-12-04,P0014,S005,45,231.0,44.92322164919622,44.92322164919622,0.07677835080377804
2023-12-04,P0020,S003,70,1.0,69.75124242307274,69.75124242307274,0.24875757692726097
2023-12-04,P0005,S002,202,221.0,201.12419366636757,201.12419366636757,0.8758063336324255
2023-12-04,P0003,S004,29,31.0,28.91612402569189,28.91612402569189,0.08387597430811056
2023-12-04,P0015,S005,76,7.0,75.65145528404537,75.65145528404537,0.3485447159546311
2023-12-04,P0018,S004,85,202.0,85.58072442909659,85.58072442909659,-0.5807244290965912
2023-12-04,P0009,S002,120,150.0,119.93524026683323,119.93524026683323,0.06475973316676686
2023-12-04,P0016,S004,245,159.0,243.51566638254647,243.51566638254647,1.4843336174535295
2023-12-04,P0013,S002,87,227.0,86.68936208350658,86.68936208350658,0.31063791649341965
2023-12-04,P0014,S001,43,24.0,43.34428192806684,43.34428192806684,-0.34428192806684166
2023-12-04,P0020,S002,20,17.0,20.4728657518121,20.4728657518121,-0.4728657518121011
2023-12-04,P0004,S004,31,50.0,30.670077073003068,30.670077073003068,0.3299229269969324
2023-12-04,P0004,S003,53,418.0,53.191848815481826,53.191848815481826,-0.1918488154818263
2023-12-04,P0001,S003,50,250.0,49.052644067143206,49.052644067143206,0.9473559328567944
2023-12-04,P0002,S005,18,225.0,18.104103260663422,18.104103260663422,-0.10410326066342179
2023-12-04,P0016,S001,160,52.0,160.0016866611113,160.0016866611113,-0.0016866611113073304
2023-12-04,P0001,S005,357,37.0,357.61904412337356,357.61904412337356,-0.6190441233735555
2023-12-04,P0015,S002,67,121.0,66.96697894494301,66.96697894494301,0.0330210550569916
2023-12-04,P0017,S003,75,395.0,74.92178876041953,74.92178876041953,0.07821123958046883
2023-12-04,P0016,S005,63,22.0,63.27577375105499,63.27577375105499,-0.2757737510549916
2023-12-04,P0003,S002,106,458.0,106.22120128648717,106.22120128648717,-0.2212012864871724
2023-12-04,P0014,S004,234,22.0,233.57775738384387,233.57775738384387,0.4222426161561259
2023-12-04,P0002,S001,251,265.0,251.14014366259332,251.14014366259332,-0.14014366259331723
2023-12-04,P0002,S004,43,220.0,43.111518376985366,43.111518376985366,-0.11151837698536582
2023-12-04,P0015,S004,169,40.0,168.44408824383046,168.44408824383046,0.5559117561695359
2023-12-04,P0005,S001,259,287.0,258.7499815079852,258.7499815079852,0.2500184920148172
2023-12-04,P0015,S003,249,151.0,248.79824724827975,248.79824724827975,0.20175275172024953
2023-12-04,P0005,S004,225,61.0,225.1178200469622,225.1178200469622,-0.11782004696220838
2023-12-04,P0020,S001,131,147.0,130.32653261968707,130.32653261968707,0.6734673803129283
2023-12-04,P0013,S005,119,30.0,118.06447643364916,118.06447643364916,0.9355235663508381
2023-12-04,P0004,S005,212,69.0,211.52799461788226,211.52799461788226,0.472005382117743
2023-12-04,P0016,S002,59,123.0,58.83319797521136,58.83319797521136,0.16680202478863748
2023-12-04,P0001,S004,30,170.0,29.424070688996544,29.424070688996544,0.5759293110034562
2023-12-04,P0016,S003,135,135.0,134.7170638880351,134.7170638880351,0.28293611196488655
2023-12-04,P0019,S003,105,214.0,104.74587787494619,104.74587787494619,0.2541221250538115
2023-12-04,P0004,S002,219,12.0,217.51161132862634,217.51161132862634,1.4883886713736558
2023-12-04,P0005,S003,313,266.0,314.40704302491895,314.40704302491895,-1.4070430249189485
2023-12-04,P0019,S001,138,52.0,138.1227215624852,138.1227215624852,-0.1227215624851965
2023-12-04,P0010,S005,170,3.0,170.79407514141295,170.79407514141295,-0.7940751414129466
2023-12-04,P0008,S001,88,189.0,88.0504162295992,88.0504162295992,-0.05041622959919323
2023-12-04,P0006,S003,47,83.0,47.464219604634934,47.464219604634934,-0.46421960463493406
2023-12-04,P0012,S003,105,9.0,104.53168826536387,104.53168826536387,0.4683117346361314
2023-12-04,P0019,S004,256,45.0,255.44601864217492,255.44601864217492,0.5539813578250801
2023-12-04,P0020,S005,420,67.0,418.8544386517798,418.8544386517798,1.1455613482202125
2023-12-04,P0007,S003,334,333.0,334.7754845654452,334.7754845654452,-0.775484565445197
2023-12-04,P0010,S004,74,78.0,73.35865435142775,73.35865435142775,0.6413456485722548
2023-12-04,P0013,S001,417,208.0,420.5007455430847,420.5007455430847,-3.5007455430846903
2023-12-04,P0008,S002,68,340.0,67.48572166628175,67.48572166628175,0.5142783337182522
2023-12-04,P0006,S002,29,99.0,28.996173116585393,28.996173116585393,0.0038268834146073516
2023-12-04,P0012,S004,87,52.0,86.91860307837963,86.91860307837963,0.08139692162036738
2023-12-04,P0011,S005,239,66.0,239.1441478439851,239.1441478439851,-0.1441478439851096
2023-12-04,P0007,S001,255,122.0,253.74713837026607,253.74713837026607,1.2528616297339283
2023-12-04,P0019,S002,364,221.0,367.64223430993655,367.64223430993655,-3.642234309936555
2023-12-04,P0010,S003,111,12.0,111.68190666910718,111.68190666910718,-0.6819066691071782
2023-12-04,P0008,S003,4,95.0,4.082269940422571,4.082269940422571,-0.08226994042257108
2023-12-04,P0009,S001,22,119.0,21.713812426334737,21.713812426334737,0.2861875736652628
2023-12-04,P0012,S005,43,162.0,42.49186319420127,42.49186319420127,0.5081368057987277
2023-12-04,P0005,S005,164,186.0,164.5966514974604,164.5966514974604,-0.5966514974604138
2023-12-04,P0017,S004,320,363.0,321.17160201219843,321.17160201219843,-1.1716020121984343
2023-12-04,P0010,S001,206,311.0,205.51085414159746,205.51085414159746,0.4891458584025372
2023-12-04,P0018,S001,442,71.0,440.71144153116694,440.71144153116694,1.2885584688330596
2023-12-04,P0001,S002,127,7.0,126.59598103576005,126.59598103576005,0.40401896423995254
2023-12-04,P0008,S004,27,186.0,27.249585764785227,27.249585764785227,-0.24958576478522687
2023-12-04,P0018,S005,43,182.0,42.73958317915038,42.73958317915038,0.2604168208496205
2023-12-04,P0011,S004,85,66.0,84.75866654886474,84.75866654886474,0.2413334511352616
2023-12-04,P0007,S002,42,398.0,41.39406594573862,41.39406594573862,0.6059340542613825
2023-12-04,P0008,S005,115,55.0,114.99588837607247,114.99588837607247,0.004111623927528285
2023-12-04,P0017,S005,3,101.0,3.930771364524591,3.930771364524591,-0.930771364524591
2023-12-04,P0006,S001,243,50.0,243.41099724022038,243.41099724022038,-0.4109972402203823
2023-12-04,P0010,S002,113,112.0,113.3034284952315,113.3034284952315,-0.3034284952315005
2023-12-04,P0019,S005,379,131.0,376.7489053900459,376.7489053900459,2.251094609954123
2023-12-04,P0011,S003,87,21.0,87.70735104243063,87.70735104243063,-0.7073510424306306
2023-12-04,P0007,S005,150,27.0,149.2675276461871,149.2675276461871,0.7324723538129092
2023-12-04,P0009,S004,345,120.0,342.9908262539955,342.9908262539955,2.0091737460044783
2023-12-04,P0006,S004,56,21.0,55.47267155054609,55.47267155054609,0.5273284494539112
2023-12-04,P0009,S005,92,86.0,92.25049541038334,92.25049541038334,-0.250495410383337
2023-12-04,P0011,S002,167,88.0,166.95835647114416,166.95835647114416,0.041643528855843215
2023-12-04,P0007,S004,60,66.0,60.59932135039465,60.59932135039465,-0.5993213503946535
2023-12-04,P0012,S002,347,80.0,346.2202965433482,346.2202965433482,0.7797034566518164
2023-12-04,P0011,S001,28,2.0,27.91418524359601,27.91418524359601,0.08581475640399105
2023-12-04,P0012,S001,130,57.0,130.0904868136329,130.0904868136329,-0.09048681363290711
2023-12-04,P0001,S001,49,122.0,49.164277288453945,49.164277288453945,-0.1642772884539454
2023-12-04,P0006,S005,419,55.0,421.3676649261424,421.3676649261424,-2.3676649261424245
2023-12-05,P0015,S004,196,169.0,196.21917888562155,196.21917888562155,-0.2191788856215453
2023-12-05,P0009,S001,188,22.0,188.21865664237836,188.21865664237836,-0.21865664237836313
2023-12-05,P0005,S002,242,202.0,240.916322311499,240.916322311499,1.0836776885010124
2023-12-05,P0002,S002,167,33.0,167.22827037943568,167.22827037943568,-0.22827037943568484
2023-12-05,P0009,S004,25,345.0,25.24225679887838,25.24225679887838,-0.2422567988783797
2023-12-05,P0006,S001,163,243.0,163.29461904674548,163.29461904674548,-0.29461904674548123
2023-12-05,P0014,S005,250,45.0,250.54273481242967,250.54273481242967,-0.5427348124296714
2023-12-05,P0005,S005,166,164.0,167.32162055979308,167.32162055979308,-1.3216205597930752
2023-12-05,P0008,S003,183,4.0,183.62455988848748,183.62455988848748,-0.6245598884874823
2023-12-05,P0006,S005,400,419.0,401.0102290956922,401.0102290956922,-1.010229095692182
2023-12-05,P0014,S003,119,18.0,119.22107450437203,119.22107450437203,-0.22107450437202658
2023-12-05,P0010,S003,396,111.0,397.0742215742489,397.0742215742489,-1.0742215742488952
2023-12-05,P0009,S003,25,291.0,24.983565035791937,24.983565035791937,0.016434964208063008
2023-12-05,P0020,S005,81,420.0,81.8465766680923,81.8465766680923,-0.8465766680922968
2023-12-05,P0019,S002,4,364.0,3.732666941932629,3.732666941932629,0.2673330580673712
2023-12-05,P0011,S001,354,28.0,354.95424369496686,354.95424369496686,-0.9542436949668627
2023-12-05,P0017,S005,107,3.0,106.94844083051913,106.94844083051913,0.051559169480867695
2023-12-05,P0016,S003,132,135.0,131.99668037702327,131.99668037702327,0.0033196229767327168
2023-12-05,P0007,S002,4,42.0,4.700043168892728,4.700043168892728,-0.7000431688927282
2023-12-05,P0020,S002,203,20.0,203.71965536785393,203.71965536785393,-0.7196553678539317
2023-12-05,P0009,S002,49,120.0,49.01002861234481,49.01002861234481,-0.01002861234481145
2023-12-05,P0013,S003,82,99.0,81.48602278171953,81.48602278171953,0.5139772182804734
2023-12-05,P0016,S004,159,245.0,158.6086468055624,158.6086468055624,0.3913531944376132
2023-12-05,P0003,S005,387,35.0,385.9385917531373,385.9385917531373,1.0614082468626975
2023-12-05,P0012,S001,282,130.0,282.3037127253352,282.3037127253352,-0.3037127253351741
2023-12-05,P0017,S004,239,320.0,239.42822020611135,239.42822020611135,-0.42822020611134803
2023-12-05,P0008,S004,121,27.0,120.91300597026822,120.91300597026822,0.08699402973178394
2023-12-05,P0001,S004,74,30.0,73.19610102752108,73.19610102752108,0.803898972478919
2023-12-05,P0004,S003,32,53.0,31.728260096741085,31.728260096741085,0.27173990325891495
2023-12-05,P0007,S004,335,60.0,334.96771825626126,334.96771825626126,0.03228174373873571
2023-12-05,P0012,S005,139,43.0,138.49826980189587,138.49826980189587,0.5017301981041271
2023-12-05,P0010,S002,93,113.0,92.36176184757782,92.36176184757782,0.6382381524221756
2023-12-05,P0018,S005,86,43.0,84.95468060948511,84.95468060948511,1.0453193905148908
2023-12-05,P0002,S003,90,306.0,90.16198367704102,90.16198367704102,-0.16198367704102168
2023-12-05,P0005,S003,16,313.0,16.70925829801561,16.70925829801561,-0.7092582980156088
2023-12-05,P0011,S002,198,167.0,196.8526493272936,196.8526493272936,1.1473506727064091
2023-12-05,P0015,S003,129,249.0,129.17917259352393,129.17917259352393,-0.1791725935239299
2023-12-05,P0013,S004,469,350.0,469.7117637316651,469.7117637316651,-0.7117637316650871
2023-12-05,P0003,S001,39,329.0,38.84824911829415,38.84824911829415,0.15175088170585127
2023-12-05,P0015,S005,64,76.0,64.33691084082427,64.33691084082427,-0.3369108408242738
2023-12-05,P0002,S005,9,18.0,8.867280655482837,8.867280655482837,0.13271934451716305
2023-12-05,P0018,S004,288,85.0,287.74433881944907,287.74433881944907,0.25566118055093057
2023-12-05,P0004,S002,61,219.0,61.78355181079227,61.78355181079227,-0.7835518107922681
2023-12-05,P0019,S001,117,138.0,117.46994335035315,117.46994335035315,-0.46994335035314805
2023-12-05,P0012,S003,9,105.0,9.34049508156928,9.34049508156928,-0.34049508156928
2023-12-05,P0014,S002,46,213.0,45.46394291152491,45.46394291152491,0.5360570884750899
2023-12-05,P0006,S003,160,47.0,160.94674417953445,160.94674417953445,-0.9467441795344484
2023-12-05,P0014,S001,49,43.0,48.677246437939445,48.677246437939445,0.32275356206055505
2023-12-05,P0015,S002,122,67.0,122.08793113510764,122.08793113510764,-0.08793113510763817
2023-12-05,P0016,S001,109,160.0,108.9117014551572,108.9117014551572,0.0882985448428002
2023-12-05,P0004,S004,74,31.0,73.98171918345082,73.98171918345082,0.018280816549179235
2023-12-05,P0008,S001,106,88.0,105.07686149931368,105.07686149931368,0.9231385006863206
2023-12-05,P0012,S002,60,347.0,60.19424541361796,60.19424541361796,-0.19424541361796344
2023-12-05,P0001,S001,66,49.0,66.07526381685888,66.07526381685888,-0.07526381685887884
2023-12-05,P0010,S005,249,170.0,249.04860769737238,249.04860769737238,-0.04860769737237547
2023-12-05,P0001,S002,256,127.0,257.28037093460944,257.28037093460944,-1.2803709346094365
2023-12-05,P0014,S004,80,234.0,79.83497076418627,79.83497076418627,0.16502923581373352
2023-12-05,P0019,S005,40,379.0,39.53736451133633,39.53736451133633,0.4626354886636719
2023-12-05,P0017,S003,72,75.0,72.17000397195434,72.17000397195434,-0.17000397195434402
2023-12-05,P0019,S004,151,256.0,151.4127393646838,151.4127393646838,-0.41273936468380157
2023-12-05,P0013,S005,123,119.0,123.26419396587214,123.26419396587214,-0.2641939658721384
2023-12-05,P0003,S002,345,106.0,342.88633045232046,342.88633045232046,2.1136695476795353
2023-12-05,P0007,S003,50,334.0,50.1264528130846,50.1264528130846,-0.12645281308459744
2023-12-05,P0018,S002,128,390.0,128.23359841481053,128.23359841481053,-0.23359841481052968
2023-12-05,P0011,S005,59,239.0,58.633024955581476,58.633024955581476,0.366975044418524
2023-12-05,P0005,S001,45,259.0,45.48924068641758,45.48924068641758,-0.4892406864175811
2023-12-05,P0003,S004,79,29.0,78.2604601525443,78.2604601525443,0.7395398474557027
2023-12-05,P0012,S004,82,87.0,81.857972547892,81.857972547892,0.14202745210799606
2023-12-05,P0007,S005,196,150.0,196.7361655089621,196.7361655089621,-0.7361655089621024
2023-12-05,P0019,S003,63,105.0,62.98303230281773,62.98303230281773,0.01696769718226676
2023-12-05,P0006,S002,101,29.0,100.69969370578966,100.69969370578966,0.30030629421034405
2023-12-05,P0006,S004,138,56.0,138.3570301241163,138.3570301241163,-0.3570301241163065
2023-12-05,P0001,S003,12,50.0,11.182093500064727,11.182093500064727,0.8179064999352725
2023-12-05,P0002,S004,278,43.0,276.99288398371556,276.99288398371556,1.0071160162844421
2023-12-05,P0018,S003,12,120.0,11.546130825545253,11.546130825545253,0.4538691744547467
2023-12-05,P0016,S002,91,59.0,90.5048889710674,90.5048889710674,0.4951110289325982
2023-12-05,P0011,S003,373,87.0,374.12922576498846,374.12922576498846,-1.1292257649884618
2023-12-05,P0020,S003,92,70.0,91.97093483352782,91.97093483352782,0.02906516647217927
2023-12-05,P0010,S004,340,74.0,338.6747984761234,338.6747984761234,1.3252015238766148
2023-12-05,P0004,S001,296,112.0,295.00643267314564,295.00643267314564,0.993567326854361
2023-12-05,P0003,S003,75,304.0,74.92178876041953,74.92178876041953,0.07821123958046883
2023-12-05,P0004,S005,454,212.0,455.3110540129634,455.3110540129634,-1.3110540129633819
2023-12-05,P0017,S002,228,51.0,228.24341550948247,228.24341550948247,-0.2434155094824746
2023-12-05,P0016,S005,148,63.0,147.8403013353702,147.8403013353702,0.15969866462978644
2023-12-05,P0008,S002,57,68.0,56.78195564196736,56.78195564196736,0.21804435803264255
2023-12-05,P0013,S001,65,417.0,64.93006600581785,64.93006600581785,0.06993399418215063
2023-12-05,P0008,S005,67,115.0,67.48810738769106,67.48810738769106,-0.4881073876910591
2023-12-05,P0009,S005,60,92.0,59.78438173240046,59.78438173240046,0.21561826759953817
2023-12-05,P0011,S004,61,85.0,61.91127113852031,61.91127113852031,-0.9112711385203127
2023-12-05,P0001,S005,8,357.0,8.729781078516458,8.729781078516458,-0.7297810785164582
2023-12-05,P0005,S004,14,225.0,14.278430067310603,14.278430067310603,-0.2784300673106035
2023-12-05,P0020,S001,50,131.0,49.59944809487983,49.59944809487983,0.40055190512016736
2023-12-05,P0002,S001,82,251.0,81.99178455669598,81.99178455669598,0.008215443304024461
2023-12-05,P0015,S001,115,30.0,114.85635093190353,114.85635093190353,0.14364906809646527
2023-12-05,P0007,S001,88,255.0,87.46854398699628,87.46854398699628,0.5314560130037194
2023-12-05,P0013,S002,413,87.0,418.79382130606524,418.79382130606524,-5.79382130606524
2023-12-05,P0017,S001,0,145.0,0.33253448561003707,0.33253448561003707,-0.33253448561003707
2023-12-05,P0010,S001,144,206.0,143.22862310999272,143.22862310999272,0.771376890007275
2023-12-05,P0020,S004,0,195.0,0.02426619788693071,0.02426619788693071,-0.02426619788693071
2023-12-05,P0018,S001,185,442.0,185.55535681752528,185.55535681752528,-0.5553568175252792
2023-12-06,P0018,S004,49,288.0,48.90505570062661,48.90505570062661,0.09494429937338822
2023-12-06,P0017,S005,355,107.0,354.93696853819114,354.93696853819114,0.06303146180886188
2023-12-06,P0002,S003,24,90.0,24.408767091317493,24.408767091317493,-0.4087670913174932
2023-12-06,P0007,S002,10,4.0,9.856375517759886,9.856375517759886,0.1436244822401136
2023-12-06,P0011,S004,266,61.0,266.8218041328991,266.8218041328991,-0.8218041328991035
2023-12-06,P0007,S005,366,196.0,363.6692813063486,363.6692813063486,2.33071869365142
2023-12-06,P0002,S001,28,82.0,27.15792844849015,27.15792844849015,0.84207155150985
2023-12-06,P0003,S002,242,345.0,241.6913936342083,241.6913936342083,0.30860636579168954
2023-12-06,P0008,S004,330,121.0,330.4320299389508,330.4320299389508,-0.4320299389507909
2023-12-06,P0018,S002,11,128.0,11.916000613019232,11.916000613019232,-0.9160006130192322
2023-12-06,P0012,S003,300,9.0,298.5209523141003,298.5209523141003,1.4790476858996726
2023-12-06,P0004,S002,319,61.0,319.16431356476545,319.16431356476545,-0.16431356476545034
2023-12-06,P0003,S003,60,75.0,59.74681170845585,59.74681170845585,0.25318829154414857
2023-12-06,P0018,S001,304,185.0,305.7975815378895,305.7975815378895,-1.7975815378895277
2023-12-06,P0010,S002,239,93.0,238.69947267138406,238.69947267138406,0.3005273286159422
2023-12-06,P0003,S004,0,79.0,0.0,0.0,0.0
2023-12-06,P0007,S001,121,88.0,121.03839176575381,121.03839176575381,-0.038391765753814866
2023-12-06,P0018,S005,90,86.0,89.99366405495465,89.99366405495465,0.0063359450453504
2023-12-06,P0017,S001,110,0.0,110.03978660500722,110.03978660500722,-0.03978660500722242
2023-12-06,P0020,S003,31,92.0,30.249840593452788,30.249840593452788,0.7501594065472119
2023-12-06,P0020,S005,50,81.0,50.38803399117891,50.38803399117891,-0.3880339911789079
2023-12-06,P0008,S005,451,67.0,454.1483308635462,454.1483308635462,-3.148330863546221
2023-12-06,P0006,S001,11,163.0,11.275957070819166,11.275957070819166,-0.27595707081916565
2023-12-06,P0013,S005,216,123.0,215.99078519038392,215.99078519038392,0.009214809616082675
2023-12-06,P0016,S003,43,132.0,42.62133037035532,42.62133037035532,0.3786696296446834
2023-12-06,P0020,S004,210,0.0,209.54678086211334,209.54678086211334,0.4532191378866628
2023-12-06,P0001,S002,101,256.0,100.70960777428887,100.70960777428887,0.29039222571113044
2023-12-06,P0014,S005,216,250.0,216.22213541455216,216.22213541455216,-0.2221354145521559
2023-12-06,P0008,S001,29,106.0,29.17856722182808,29.17856722182808,-0.17856722182807871
2023-12-06,P0019,S005,75,40.0,75.90797587551262,75.90797587551262,-0.9079758755126193
2023-12-06,P0017,S003,5,72.0,5.188599252737951,5.188599252737951,-0.18859925273795142
2023-12-06,P0015,S001,134,115.0,133.73099393800555,133.73099393800555,0.2690060619944461
2023-12-06,P0004,S004,297,74.0,296.9880051790594,296.9880051790594,0.011994820940572026
2023-12-06,P0013,S004,39,469.0,39.71739090443218,39.71739090443218,-0.7173909044321789
2023-12-06,P0003,S001,315,39.0,314.999702568169,314.999702568169,0.0002974318309725277
2023-12-06,P0008,S003,46,183.0,45.6170998076656,45.6170998076656,0.38290019233439665
2023-12-06,P0014,S004,362,80.0,361.7834423351325,361.7834423351325,0.21655766486748007
2023-12-06,P0001,S005,35,8.0,34.878463806501934,34.878463806501934,0.12153619349806632
2023-12-06,P0015,S002,20,122.0,21.78071068647395,21.78071068647395,-1.7807106864739488
2023-12-06,P0015,S005,52,64.0,51.6844050762188,51.6844050762188,0.31559492378119813
2023-12-06,P0001,S001,67,66.0,66.95246498652061,66.95246498652061,0.04753501347938993
2023-12-06,P0016,S001,203,109.0,203.0815034441837,203.0815034441837,-0.08150344418370992
2023-12-06,P0010,S003,101,396.0,101.54669935289749,101.54669935289749,-0.546699352897491
2023-12-06,P0002,S002,57,167.0,56.22452533269766,56.22452533269766,0.7754746673023405
2023-12-06,P0014,S001,272,49.0,273.6205640261013,273.6205640261013,-1.620564026101306
2023-12-06,P0012,S002,79,60.0,80.1445461364566,80.1445461364566,-1.1445461364565972
2023-12-06,P0005,S002,5,242.0,5.407319274284189,5.407319274284189,-0.40731927428418935
2023-12-06,P0019,S002,6,4.0,5.3788974581966595,5.3788974581966595,0.6211025418033405
2023-12-06,P0006,S003,30,160.0,30.073458589689004,30.073458589689004,-0.07345858968900387
2023-12-06,P0009,S005,360,60.0,359.87827946446794,359.87827946446794,0.12172053553206297
2023-12-06,P0014,S002,0,46.0,0.008695560724116303,0.008695560724116303,-0.008695560724116303
2023-12-06,P0017,S004,1,239.0,1.329071635381267,1.329071635381267,-0.32907163538126705
2023-12-06,P0005,S004,111,14.0,111.34360615069558,111.34360615069558,-0.3436061506955781
2023-12-06,P0006,S004,249,138.0,247.61213646276747,247.61213646276747,1.3878635372325334
2023-12-06,P0009,S001,143,188.0,143.58355411160179,143.58355411160179,-0.583554111601785
2023-12-06,P0020,S001,291,50.0,291.57944213842177,291.57944213842177,-0.5794421384217685
2023-12-06,P0013,S003,102,82.0,101.87604233123585,101.87604233123585,0.12395766876414882
2023-12-06,P0009,S002,62,49.0,61.91214424229731,61.91214424229731,0.08785575770269105
2023-12-06,P0010,S004,36,340.0,36.48504291227563,36.48504291227563,-0.485042912275631
2023-12-06,P0013,S001,162,65.0,162.72635457835386,162.72635457835386,-0.7263545783538632
2023-12-06,P0011,S005,21,59.0,21.112572665589028,21.112572665589028,-0.11257266558902757
2023-12-06,P0011,S003,232,373.0,232.62625762750122,232.62625762750122,-0.6262576275012179
2023-12-06,P0005,S005,16,166.0,15.511111607922683,15.511111607922683,0.4888883920773175
2023-12-06,P0007,S004,168,335.0,168.96094969334294,168.96094969334294,-0.9609496933429398
2023-12-06,P0016,S002,206,91.0,206.13990311775942,206.13990311775942,-0.13990311775941677
2023-12-06,P0012,S005,46,139.0,45.8429733084242,45.8429733084242,0.15702669157580118
2023-12-06,P0008,S002,48,57.0,48.387403203092596,48.387403203092596,-0.387403203092596
2023-12-06,P0015,S003,178,129.0,177.8428728855875,177.8428728855875,0.1571271144125035
2023-12-06,P0020,S002,169,203.0,168.56143222603268,168.56143222603268,0.4385677739673213
2023-12-06,P0019,S003,158,63.0,157.69975421418823,157.69975421418823,0.300245785811768
2023-12-06,P0005,S003,49,16.0,49.099371996778046,49.099371996778046,-0.09937199677804642
2023-12-06,P0018,S003,101,12.0,100.54578467146032,100.54578467146032,0.45421532853967506
2023-12-06,P0004,S003,86,32.0,85.46873417379348,85.46873417379348,0.5312658262065213
2023-12-06,P0012,S001,92,282.0,92.11541360173653,92.11541360173653,-0.11541360173653459
2023-12-06,P0009,S004,441,25.0,438.0084867720643,438.0084867720643,2.991513227935684
2023-12-06,P0013,S002,326,413.0,324.2671742988641,324.2671742988641,1.73282570113588
2023-12-06,P0001,S003,17,12.0,17.282935932727323,17.282935932727323,-0.2829359327273231
2023-12-06,P0004,S001,26,296.0,25.68538752306195,25.68538752306195,0.3146124769380485
2023-12-06,P0019,S001,48,117.0,48.429840925138194,48.429840925138194,-0.42984092513819405
2023-12-06,P0006,S005,56,400.0,55.51662378317901,55.51662378317901,0.48337621682099297
2023-12-06,P0016,S005,75,148.0,74.97029696662362,74.97029696662362,0.029703033376378585
2023-12-06,P0002,S004,23,278.0,22.97012839334451,22.97012839334451,0.029871606655490268
2023-12-06,P0009,S003,109,25.0,109.50657638973219,109.50657638973219,-0.5065763897321887
2023-12-06,P0011,S002,165,198.0,164.06874902449132,164.06874902449132,0.9312509755086751
2023-12-06,P0010,S005,16,249.0,15.506721577479105,15.506721577479105,0.4932784225208948
2023-12-06,P0006,S002,389,101.0,388.84433615373706,388.84433615373706,0.1556638462629394
2023-12-06,P0001,S004,43,74.0,42.868253004055525,42.868253004055525,0.13174699594447503
2023-12-06,P0014,S003,119,119.0,118.65883169015669,118.65883169015669,0.3411683098433116
2023-12-06,P0019,S004,296,151.0,297.3106268527898,297.3106268527898,-1.3106268527898237
2023-12-06,P0003,S005,218,387.0,218.65787550913336,218.65787550913336,-0.6578755091333619
2023-12-06,P0016,S004,206,159.0,205.12890246558538,205.12890246558538,0.8710975344146163
2023-12-06,P0002,S005,420,9.0,418.85833048421523,418.85833048421523,1.1416695157847698
2023-12-06,P0012,S004,126,82.0,125.67372716706751,125.67372716706751,0.32627283293248865
2023-12-06,P0011,S001,352,354.0,351.0814861869915,351.0814861869915,0.9185138130084738
2023-12-06,P0017,S002,176,228.0,175.45871232444605,175.45871232444605,0.5412876755539457
2023-12-06,P0004,S005,130,454.0,129.332250611961,129.332250611961,0.6677493880389989
2023-12-06,P0010,S001,0,144.0,0.008695560724116303,0.008695560724116303,-0.008695560724116303
2023-12-06,P0005,S001,191,45.0,190.57561148028392,190.57561148028392,0.42438851971607505
2023-12-06,P0007,S003,164,50.0,164.19908498423956,164.19908498423956,-0.1990849842395619
2023-12-06,P0015,S004,193,196.0,192.98392540800887,192.98392540800887,0.016074591991127818
2023-12-07,P0008,S001,3,29.0,2.697352705608008,2.697352705608008,0.302647294391992
2023-12-07,P0004,S002,202,319.0,201.68805700415274,201.68805700415274,0.3119429958472608
2023-12-07,P0015,S002,224,20.0,223.578580055324,223.578580055324,0.4214199446759892
2023-12-07,P0005,S001,91,191.0,91.48905762696592,91.48905762696592,-0.48905762696591637
2023-12-07,P0020,S004,79,210.0,78.43940106334279,78.43940106334279,0.5605989366572146
2023-12-07,P0002,S001,73,28.0,72.9688892009944,72.9688892009944,0.031110799005602985
2023-12-07,P0010,S003,34,101.0,34.433089324794004,34.433089324794004,-0.43308932479400397
2023-12-07,P0004,S004,45,297.0,44.99182457485215,44.99182457485215,0.008175425147847193
2023-12-07,P0018,S003,79,101.0,79.08950362556395,79.08950362556395,-0.08950362556394964
2023-12-07,P0002,S004,180,23.0,180.22231426809967,180.22231426809967,-0.22231426809966592
2023-12-07,P0011,S005,59,21.0,59.429861607712716,59.429861607712716,-0.4298616077127164
2023-12-07,P0016,S003,328,43.0,328.19918839369365,328.19918839369365,-0.19918839369364605
2023-12-07,P0002,S005,71,420.0,71.54724351475274,71.54724351475274,-0.5472435147527364
2023-12-07,P0005,S004,83,111.0,83.67339519613704,83.67339519613704,-0.6733951961370366
2023-12-07,P0001,S003,202,17.0,203.11927441294512,203.11927441294512,-1.119274412945117
2023-12-07,P0008,S003,61,46.0,61.60041274939363,61.60041274939363,-0.6004127493936267
2023-12-07,P0018,S002,138,11.0,138.5185082173033,138.5185082173033,-0.5185082173032924
2023-12-07,P0006,S005,87,56.0,86.77163303921384,86.77163303921384,0.22836696078616114
2023-12-07,P0019,S004,69,296.0,69.30394175545091,69.30394175545091,-0.3039417554509072
2023-12-07,P0006,S002,34,389.0,33.2620708285662,33.2620708285662,0.7379291714337981
2023-12-07,P0002,S003,105,24.0,105.27411683707585,105.27411683707585,-0.27411683707585155
2023-12-07,P0013,S001,137,162.0,136.60226373327924,136.60226373327924,0.3977362667207558
2023-12-07,P0012,S003,74,300.0,73.83429109350071,73.83429109350071,0.16570890649929026
2023-12-07,P0013,S005,160,216.0,159.1561370485836,159.1561370485836,0.843862951416412
2023-12-07,P0010,S004,59,36.0,59.35653056270284,59.35653056270284,-0.35653056270283656
2023-12-07,P0003,S004,15,0.0,15.15256126238983,15.15256126238983,-0.15256126238982937
2023-12-07,P0001,S005,13,35.0,12.591677639912447,12.591677639912447,0.40832236008755274
2023-12-07,P0007,S003,152,164.0,152.99912767319066,152.99912767319066,-0.9991276731906567
2023-12-07,P0009,S003,43,109.0,43.186108628746084,43.186108628746084,-0.18610862874608358
2023-12-07,P0012,S004,72,126.0,72.00788443149406,72.00788443149406,-0.007884431494062483
2023-12-07,P0007,S001,211,121.0,211.342447856094,211.342447856094,-0.3424478560939974
2023-12-07,P0006,S003,178,30.0,177.9677390663339,177.9677390663339,0.032260933666094616
2023-12-07,P0016,S002,309,206.0,307.73418965857053,307.73418965857053,1.2658103414294715
2023-12-07,P0008,S002,78,48.0,77.88569073648597,77.88569073648597,0.11430926351403059
2023-12-07,P0017,S002,435,176.0,442.6087693254804,442.6087693254804,-7.608769325480409
2023-12-07,P0014,S001,78,272.0,77.92914785148034,77.92914785148034,0.0708521485196627
2023-12-07,P0016,S001,112,203.0,112.87784811560931,112.87784811560931,-0.8778481156093108
2023-12-07,P0013,S002,147,326.0,146.37035970785766,146.37035970785766,0.6296402921423407
2023-12-07,P0011,S003,30,232.0,29.903498206324368,29.903498206324368,0.09650179367563183
2023-12-07,P0019,S002,116,6.0,116.45645940912937,116.45645940912937,-0.45645940912936567
2023-12-07,P0018,S004,108,49.0,107.54263403974711,107.54263403974711,0.45736596025288634
2023-12-07,P0004,S005,107,130.0,106.57640729208701,106.57640729208701,0.423592707912988
2023-12-07,P0006,S004,18,249.0,17.471699709489716,17.471699709489716,0.528300290510284
2023-12-07,P0007,S002,194,10.0,193.87065599056285,193.87065599056285,0.12934400943714763
2023-12-07,P0003,S002,197,242.0,197.18214287424468,197.18214287424468,-0.18214287424467557
2023-12-07,P0011,S004,18,266.0,18.106322269634884,18.106322269634884,-0.10632226963488378
2023-12-07,P0017,S004,53,1.0,52.310291225751826,52.310291225751826,0.6897087742481744
2023-12-07,P0005,S005,65,16.0,65.0049316740901,65.0049316740901,-0.0049316740901019784
2023-12-07,P0020,S001,12,291.0,10.762520805442476,10.762520805442476,1.2374791945575243
2023-12-07,P0003,S003,18,60.0,17.28905284461611,17.28905284461611,0.7109471553838915
2023-12-07,P0020,S003,187,31.0,187.82978503411746,187.82978503411746,-0.8297850341174637
2023-12-07,P0018,S005,54,90.0,53.963202819173965,53.963202819173965,0.036797180826035
2023-12-07,P0020,S005,250,50.0,249.30908091047377,249.30908091047377,0.6909190895262327
2023-12-07,P0010,S002,158,239.0,157.76504459034,157.76504459034,0.23495540965998885
2023-12-07,P0018,S001,126,304.0,126.71508621443712,126.71508621443712,-0.7150862144371217
2023-12-07,P0009,S001,22,143.0,22.135525032781057,22.135525032781057,-0.13552503278105732
2023-12-07,P0007,S005,100,366.0,99.21723405692661,99.21723405692661,0.782765943073386
2023-12-07,P0008,S004,426,330.0,428.1643783919764,428.1643783919764,-2.1643783919764132
2023-12-07,P0001,S004,145,43.0,145.1914772833538,145.1914772833538,-0.1914772833538052
2023-12-07,P0010,S005,87,16.0,86.47863705894342,86.47863705894342,0.5213629410565801
2023-12-07,P0009,S002,15,62.0,15.813438274724977,15.813438274724977,-0.8134382747249767
2023-12-07,P0020,S002,167,169.0,167.6025365211915,167.6025365211915,-0.6025365211914959
2023-12-07,P0017,S003,4,5.0,4.146183909055668,4.146183909055668,-0.1461839090556678
2023-12-07,P0010,S001,66,0.0,65.48826884454324,65.48826884454324,0.5117311554567578
2023-12-07,P0011,S001,260,352.0,260.94365534464384,260.94365534464384,-0.9436553446438438
2023-12-07,P0016,S004,27,206.0,26.909685320999454,26.909685320999454,0.0903146790005458
2023-12-07,P0013,S003,105,102.0,105.52374983017374,105.52374983017374,-0.5237498301737418
2023-12-07,P0011,S002,141,165.0,140.69103394385564,140.69103394385564,0.30896605614435657
2023-12-07,P0014,S003,25,119.0,24.034321863123033,24.034321863123033,0.9656781368769671
2023-12-07,P0015,S004,25,193.0,24.830028103771493,24.830028103771493,0.16997189622850684
2023-12-07,P0003,S005,165,218.0,165.35300265256896,165.35300265256896,-0.3530026525689607
2023-12-07,P0017,S001,75,110.0,74.9294641442481,74.9294641442481,0.07053585575189913
2023-12-07,P0014,S002,104,0.0,103.2842557500816,103.2842557500816,0.7157442499184015
2023-12-07,P0017,S005,123,355.0,122.73149439534896,122.73149439534896,0.2685056046510397
2023-12-07,P0009,S005,180,360.0,180.78423208636224,180.78423208636224,-0.7842320863622376
2023-12-07,P0013,S004,94,39.0,94.59090364846863,94.59090364846863,-0.5909036484686254
2023-12-07,P0015,S001,111,134.0,111.51264976860425,111.51264976860425,-0.5126497686042484
2023-12-07,P0014,S004,47,362.0,46.94849933528347,46.94849933528347,0.05150066471652792
2023-12-07,P0012,S001,118,92.0,117.80459065355598,117.80459065355598,0.1954093464440234
2023-12-07,P0006,S001,162,11.0,162.12618756580696,162.12618756580696,-0.12618756580695845
2023-12-07,P0015,S003,42,178.0,42.17130021486057,42.17130021486057,-0.17130021486057245
2023-12-07,P0015,S005,72,52.0,72.21687985341511,72.21687985341511,-0.21687985341510796
2023-12-07,P0001,S001,2,67.0,2.048488237599734,2.048488237599734,-0.048488237599733974
2023-12-07,P0005,S003,119,49.0,118.82662698669603,118.82662698669603,0.1733730133039728
2023-12-07,P0019,S005,149,75.0,149.48346527949133,149.48346527949133,-0.4834652794913268
2023-12-07,P0004,S003,231,86.0,232.34534034966606,232.34534034966606,-1.3453403496660599
2023-12-07,P0009,S004,133,441.0,132.9403094471552,132.9403094471552,0.05969055284481328
2023-12-07,P0019,S001,179,48.0,178.92901521934198,178.92901521934198,0.07098478065802283
2023-12-07,P0007,S004,187,168.0,187.3932774382393,187.3932774382393,-0.39327743823929495
2023-12-07,P0002,S002,113,57.0,112.8351935438344,112.8351935438344,0.16480645616560707
2023-12-07,P0014,S005,197,216.0,197.19959450091423,197.19959450091423,-0.19959450091423037
2023-12-07,P0012,S002,248,79.0,247.79603719300587,247.79603719300587,0.20396280699412728
2023-12-07,P0019,S003,152,158.0,151.28666231852603,151.28666231852603,0.7133376814739734
2023-12-07,P0008,S005,131,451.0,130.30550321400077,130.30550321400077,0.6944967859992346
2023-12-07,P0005,S002,150,5.0,150.06724132679255,150.06724132679255,-0.0672413267925549
2023-12-07,P0012,S005,55,46.0,54.33278394198297,54.33278394198297,0.6672160580170328
2023-12-07,P0016,S005,206,75.0,206.57341331803903,206.57341331803903,-0.5734133180390302
2023-12-07,P0001,S002,168,101.0,168.16586285294983,168.16586285294983,-0.16586285294982872
2023-12-07,P0003,S001,85,315.0,85.090961040266,85.090961040266,-0.09096104026599505
2023-12-07,P0004,S001,303,26.0,305.3381612969361,305.3381612969361,-2.338161296936107
2023-12-08,P0004,S005,8,107.0,8.580765463442203,8.580765463442203,-0.5807654634422033
2023-12-08,P0011,S002,73,141.0,72.78419616664303,72.78419616664303,0.21580383335697206
2023-12-08,P0012,S001,1,118.0,0.7279793421564434,0.7279793421564434,0.27202065784355656
2023-12-08,P0019,S001,17,179.0,16.751493591686412,16.751493591686412,0.24850640831358817
2023-12-08,P0010,S004,182,59.0,181.82363171304053,181.82363171304053,0.17636828695947315
2023-12-08,P0020,S002,236,167.0,235.64044878042725,235.64044878042725,0.3595512195727508
2023-12-08,P0002,S004,171,180.0,170.5702084979932,170.5702084979932,0.4297915020067933
2023-12-08,P0004,S003,31,231.0,31.32285313326426,31.32285313326426,-0.32285313326426035
2023-12-08,P0020,S001,191,12.0,190.33780366007917,190.33780366007917,0.6621963399208255
2023-12-08,P0001,S004,72,145.0,71.20797151546948,71.20797151546948,0.792028484530519
2023-12-08,P0007,S004,38,187.0,37.56722127130125,37.56722127130125,0.4327787286987501
2023-12-08,P0015,S004,218,25.0,216.6005519386224,216.6005519386224,1.3994480613775977
2023-12-08,P0015,S003,133,42.0,132.9413180091124,132.9413180091124,0.058681990887606617
2023-12-08,P0016,S002,81,309.0,80.90135443018944,80.90135443018944,0.09864556981055728
2023-12-08,P0013,S001,218,137.0,217.27297847721542,217.27297847721542,0.7270215227845824
2023-12-08,P0017,S003,103,4.0,102.61507381690373,102.61507381690373,0.3849261830962689
2023-12-08,P0010,S005,37,87.0,37.206156295589594,37.206156295589594,-0.2061562955895937
2023-12-08,P0007,S003,80,152.0,79.9133885398466,79.9133885398466,0.08661146015340648
2023-12-08,P0009,S005,66,180.0,66.89868510314824,66.89868510314824,-0.8986851031482388
2023-12-08,P0006,S003,266,178.0,265.0501168922864,265.0501168922864,0.9498831077136174
2023-12-08,P0012,S002,70,248.0,70.10901103894743,70.10901103894743,-0.10901103894742903
2023-12-08,P0014,S001,34,78.0,32.92423788299959,32.92423788299959,1.0757621170004086
2023-12-08,P0019,S005,155,149.0,155.76358318441677,155.76358318441677,-0.763583184416774
2023-12-08,P0016,S001,49,112.0,49.40781391153792,49.40781391153792,-0.40781391153792157
2023-12-08,P0001,S001,263,2.0,262.04058116686844,262.04058116686844,0.959418833131565
2023-12-08,P0015,S005,80,72.0,78.59301730486685,78.59301730486685,1.406982695133152
2023-12-08,P0015,S002,10,224.0,9.465754102866525,9.465754102866525,0.5342458971334754
2023-12-08,P0014,S004,23,47.0,22.752540727077516,22.752540727077516,0.24745927292248382
2023-12-08,P0003,S001,52,85.0,51.787777749796895,51.787777749796895,0.21222225020310503
2023-12-08,P0004,S004,128,45.0,128.17030048191944,128.17030048191944,-0.17030048191944047
2023-12-08,P0008,S001,69,3.0,69.19717284126044,69.19717284126044,-0.1971728412604392
2023-12-08,P0015,S001,1,111.0,1.062568853775463,1.062568853775463,-0.06256885377546295
2023-12-08,P0005,S004,162,83.0,162.94359460121632,162.94359460121632,-0.9435946012163186
2023-12-08,P0001,S005,127,13.0,126.61244548745023,126.61244548745023,0.38755451254976947
2023-12-08,P0019,S003,103,152.0,103.26877353089401,103.26877353089401,-0.2687735308940091
2023-12-08,P0014,S002,88,104.0,87.86265726282527,87.86265726282527,0.137342737174734
2023-12-08,P0003,S002,100,197.0,100.22423789601517,100.22423789601517,-0.2242378960151683
2023-12-08,P0001,S002,0,168.0,0.46059316245548726,0.46059316245548726,-0.46059316245548726
2023-12-08,P0014,S003,481,25.0,480.3639931589412,480.3639931589412,0.6360068410588156
2023-12-08,P0017,S002,380,435.0,380.7679298784365,380.7679298784365,-0.7679298784365187
2023-12-08,P0011,S001,92,260.0,92.06271931121748,92.06271931121748,-0.06271931121747798
2023-12-08,P0019,S004,113,69.0,113.52835835772211,113.52835835772211,-0.5283583577221123
2023-12-08,P0002,S001,54,73.0,54.06598864163424,54.06598864163424,-0.06598864163424167
2023-12-08,P0006,S004,42,18.0,41.96662604314563,41.96662604314563,0.03337395685436917
2023-12-08,P0002,S005,54,71.0,53.52908265658628,53.52908265658628,0.47091734341371705
2023-12-08,P0009,S004,377,133.0,377.23725336153876,377.23725336153876,-0.23725336153876242
2023-12-08,P0018,S004,229,108.0,229.59708772034256,229.59708772034256,-0.5970877203425573
2023-12-08,P0017,S001,60,75.0,59.16152644860288,59.16152644860288,0.8384735513971222
2023-12-08,P0020,S003,106,187.0,105.76020560666247,105.76020560666247,0.23979439333753305
2023-12-08,P0004,S002,211,202.0,209.79594652305124,209.79594652305124,1.2040534769487579
2023-12-08,P0003,S003,11,18.0,10.899558917883919,10.899558917883919,0.10044108211608105
2023-12-08,P0012,S003,111,74.0,111.66501792424381,111.66501792424381,-0.6650179242438128
2023-12-08,P0007,S005,273,100.0,274.7946017446871,274.7946017446871,-1.7946017446870997
2023-12-08,P0018,S003,59,79.0,58.78983966936849,58.78983966936849,0.21016033063150985
2023-12-08,P0016,S005,306,206.0,305.94771978708326,305.94771978708326,0.052280212916741675
2023-12-08,P0006,S005,322,87.0,323.1806793562069,323.1806793562069,-1.1806793562068947
2023-12-08,P0013,S005,27,160.0,26.837535220650754,26.837535220650754,0.1624647793492464
2023-12-08,P0016,S004,116,27.0,115.69950298000234,115.69950298000234,0.300497019997664
2023-12-08,P0006,S002,304,34.0,303.2103873771571,303.2103873771571,0.7896126228429239
2023-12-08,P0010,S001,70,66.0,69.8325328451588,69.8325328451588,0.167467154841205
2023-12-08,P0013,S002,39,147.0,37.71436951489852,37.71436951489852,1.2856304851014784
2023-12-08,P0009,S002,212,15.0,210.3964415234946,210.3964415234946,1.6035584765054125
2023-12-08,P0008,S004,378,426.0,380.1075254950419,380.1075254950419,-2.107525495041898
2023-12-08,P0010,S002,361,158.0,361.15549045912616,361.15549045912616,-0.1554904591261561
2023-12-08,P0018,S001,48,126.0,48.41989566733874,48.41989566733874,-0.41989566733874284
2023-12-08,P0018,S005,0,54.0,0.39831073323252525,0.39831073323252525,-0.39831073323252525
2023-12-08,P0009,S001,203,22.0,202.35753881583497,202.35753881583497,0.642461184165029
2023-12-08,P0007,S002,257,194.0,255.32498908766684,255.32498908766684,1.675010912333164
2023-12-08,P0005,S002,24,150.0,23.086947361576616,23.086947361576616,0.9130526384233839
2023-12-08,P0008,S005,239,131.0,239.05645392045813,239.05645392045813,-0.05645392045812514
2023-12-08,P0002,S002,28,113.0,27.551589310399255,27.551589310399255,0.44841068960074537
2023-12-08,P0011,S005,21,59.0,20.199052277643688,20.199052277643688,0.8009477223563124
2023-12-08,P0005,S001,352,91.0,353.66112477781485,353.66112477781485,-1.6611247778148481
2023-12-08,P0006,S001,34,162.0,34.31072678816331,34.31072678816331,-0.3107267881633078
2023-12-08,P0013,S004,30,94.0,29.46092578664529,29.46092578664529,0.5390742133547093
2023-12-08,P0007,S001,207,211.0,207.96699186011048,207.96699186011048,-0.9669918601104825
2023-12-08,P0014,S005,69,197.0,69.01422094827348,69.01422094827348,-0.014220948273475642
2023-12-08,P0018,S002,179,138.0,179.88585016309887,179.88585016309887,-0.8858501630988656
2023-12-08,P0016,S003,45,328.0,44.137286405865964,44.137286405865964,0.8627135941340356
2023-12-08,P0003,S004,218,15.0,218.7929710302363,218.7929710302363,-0.7929710302362878
2023-12-08,P0017,S004,30,53.0,29.892154223664697,29.892154223664697,0.1078457763353029
2023-12-08,P0008,S003,26,61.0,26.004003184505116,26.004003184505116,-0.004003184505116053
2023-12-08,P0002,S003,283,105.0,280.9872610087041,280.9872610087041,2.012738991295919
2023-12-08,P0020,S004,150,79.0,150.86526380621424,150.86526380621424,-0.8652638062142444
2023-12-08,P0019,S002,146,116.0,145.23779541552852,145.23779541552852,0.7622045844714762
2023-12-08,P0003,S005,184,165.0,182.82021599649613,182.82021599649613,1.179784003503869
2023-12-08,P0017,S005,308,123.0,306.14787265451156,306.14787265451156,1.8521273454884408
2023-12-08,P0012,S004,5,72.0,4.335153361251682,4.335153361251682,0.6648466387483181
2023-12-08,P0004,S001,219,303.0,219.07011002787746,219.07011002787746,-0.07011002787746179
2023-12-08,P0011,S004,201,18.0,200.38370916578833,200.38370916578833,0.616290834211668
2023-12-08,P0005,S005,72,65.0,71.71662544177437,71.71662544177437,0.2833745582256313
2023-12-08,P0008,S002,322,78.0,323.944515143559,323.944515143559,-1.9445151435589878
2023-12-08,P0020,S005,13,250.0,12.283850558036404,12.283850558036404,0.7161494419635961
2023-12-08,P0010,S003,77,34.0,76.40795732682945,76.40795732682945,0.5920426731705533
2023-12-08,P0009,S003,297,43.0,295.7925607978319,295.7925607978319,1.207439202168075
2023-12-08,P0013,S003,93,105.0,93.0577370568967,93.0577370568967,-0.05773705689669839
2023-12-08,P0001,S003,149,202.0,148.583706093365,148.583706093365,0.41629390663499066
2023-12-08,P0012,S005,68,55.0,68.00709942230704,68.00709942230704,-0.007099422307035752
2023-12-08,P0011,S003,80,30.0,79.84894734075782,79.84894734075782,0.15105265924218259
2023-12-08,P0005,S003,261,119.0,261.24831822706625,261.24831822706625,-0.24831822706624962
2023-12-09,P0017,S003,6,103.0,5.206644502916016,5.206644502916016,0.7933554970839838
2023-12-09,P0012,S005,34,68.0,34.81356641737936,34.81356641737936,-0.8135664173793629
2023-12-09,P0014,S001,222,34.0,222.42377702328258,222.42377702328258,-0.4237770232825824
2023-12-09,P0013,S004,145,30.0,146.14537161892673,146.14537161892673,-1.1453716189267311
2023-12-09,P0014,S005,28,69.0,29.070286801181712,29.070286801181712,-1.0702868011817124
2023-12-09,P0006,S001,16,34.0,15.793468402967708,15.793468402967708,0.20653159703229207
2023-12-09,P0011,S004,101,201.0,101.1176125911977,101.1176125911977,-0.11761259119769818
2023-12-09,P0015,S005,167,80.0,167.35448611884277,167.35448611884277,-0.3544861188427717
2023-12-09,P0008,S005,383,239.0,384.3651995771816,384.3651995771816,-1.3651995771816132
2023-12-09,P0009,S005,156,66.0,156.65887412202412,156.65887412202412,-0.6588741220241161
2023-12-09,P0001,S001,174,263.0,174.8343787050535,174.8343787050535,-0.8343787050534957
2023-12-09,P0014,S004,74,23.0,73.77389494191704,73.77389494191704,0.22610505808296466
2023-12-09,P0007,S004,65,38.0,65.85651360492197,65.85651360492197,-0.8565136049219717
2023-12-09,P0006,S005,10,322.0,9.89664759930376,9.89664759930376,0.10335240069623985
2023-12-09,P0010,S005,477,37.0,478.4395650137182,478.4395650137182,-1.4395650137182088
2023-12-09,P0016,S001,61,49.0,60.78043445928048,60.78043445928048,0.21956554071952183
2023-12-09,P0020,S004,10,150.0,11.337844432593872,11.337844432593872,-1.3378444325938723
2023-12-09,P0019,S004,121,113.0,120.22910081651968,120.22910081651968,0.7708991834803243
2023-12-09,P0004,S001,293,219.0,294.62538373695855,294.62538373695855,-1.625383736958554
2023-12-09,P0005,S003,162,261.0,162.27773505528754,162.27773505528754,-0.27773505528753617
2023-12-09,P0015,S002,215,10.0,213.31749255230122,213.31749255230122,1.6825074476987822
2023-12-09,P0015,S001,96,1.0,96.14744940218,96.14744940218,-0.14744940218000124
2023-12-09,P0004,S004,7,128.0,7.157180012507016,7.157180012507016,-0.1571800125070162
2023-12-09,P0008,S003,317,26.0,315.49255659710633,315.49255659710633,1.5074434028936707
2023-12-09,P0008,S001,18,69.0,18.215557949305573,18.215557949305573,-0.21555794930557326
2023-12-09,P0017,S004,203,30.0,202.37060297858415,202.37060297858415,0.6293970214158549
2023-12-09,P0004,S003,29,31.0,28.52400257093384,28.52400257093384,0.4759974290661617
2023-12-09,P0005,S004,13,162.0,13.509809633067317,13.509809633067317,-0.5098096330673165
2023-12-09,P0016,S003,326,45.0,325.2911871153093,325.2911871153093,0.7088128846907011
2023-12-09,P0012,S001,162,1.0,162.74388559887024,162.74388559887024,-0.7438855988702358
2023-12-09,P0015,S003,93,133.0,93.17573607660029,93.17573607660029,-0.17573607660028756
2023-12-09,P0012,S002,199,70.0,198.83074266622128,198.83074266622128,0.16925733377871666
2023-12-09,P0019,S005,317,155.0,315.2698862766633,315.2698862766633,1.7301137233366717
2023-12-09,P0009,S002,198,212.0,197.95664337436273,197.95664337436273,0.04335662563727283
2023-12-09,P0013,S003,49,93.0,49.48960444552409,49.48960444552409,-0.4896044455240869
2023-12-09,P0006,S004,86,42.0,86.42912596179649,86.42912596179649,-0.4291259617964869
2023-12-09,P0017,S001,138,60.0,138.68215765924595,138.68215765924595,-0.6821576592459451
2023-12-09,P0019,S001,133,17.0,133.09624137768233,133.09624137768233,-0.09624137768233254
2023-12-09,P0003,S005,96,184.0,96.02709736484587,96.02709736484587,-0.027097364845872107
2023-12-09,P0008,S004,94,378.0,93.73443473606542,93.73443473606542,0.265565263934576
2023-12-09,P0010,S001,128,70.0,127.88291019816123,127.88291019816123,0.11708980183877316
2023-12-09,P0011,S001,204,92.0,206.09639272476676,206.09639272476676,-2.0963927247667584
2023-12-09,P0016,S004,110,116.0,109.70111132489322,109.70111132489322,0.29888867510678097
2023-12-09,P0014,S003,71,481.0,71.189023750124,71.189023750124,-0.18902375012399375
2023-12-09,P0019,S003,60,103.0,59.493846158065985,59.493846158065985,0.5061538419340152
2023-12-09,P0015,S004,99,218.0,98.3073100362929,98.3073100362929,0.692689963707096
2023-12-09,P0011,S002,51,73.0,51.101397287866845,51.101397287866845,-0.10139728786684543
2023-12-09,P0017,S005,2,308.0,1.9422002952626831,1.9422002952626831,0.05779970473731688
2023-12-09,P0020,S002,148,236.0,147.99112704785603,147.99112704785603,0.008872952143974544
2023-12-09,P0018,S001,44,48.0,44.5540515934205,44.5540515934205,-0.5540515934205033
2023-12-09,P0006,S003,132,266.0,132.9269151084113,132.9269151084113,-0.9269151084112934
2023-12-09,P0001,S005,20,127.0,19.8051754548657,19.8051754548657,0.19482454513429914
2023-12-09,P0005,S005,178,72.0,178.3493431076826,178.3493431076826,-0.3493431076826141
2023-12-09,P0005,S002,62,24.0,61.670700645717275,61.670700645717275,0.3292993542827247
2023-12-09,P0007,S002,74,257.0,73.66804632290518,73.66804632290518,0.33195367709481616
2023-12-09,P0001,S004,158,72.0,158.71073960258306,158.71073960258306,-0.710739602583061
2023-12-09,P0014,S002,27,88.0,27.191370128026744,27.191370128026744,-0.1913701280267439
2023-12-09,P0007,S005,73,273.0,72.24306556774323,72.24306556774323,0.7569344322567702
2023-12-09,P0009,S001,89,203.0,88.68956789269683,88.68956789269683,0.3104321073031713
2023-12-09,P0020,S001,179,191.0,178.13272363634417,178.13272363634417,0.8672763636558329
2023-12-09,P0010,S002,399,361.0,400.2065128473861,400.2065128473861,-1.2065128473860796
2023-12-09,P0003,S002,138,100.0,138.42005507704602,138.42005507704602,-0.4200550770460154
2023-12-09,P0003,S003,27,11.0,26.486625878783805,26.486625878783805,0.5133741212161951
2023-12-09,P0018,S005,28,0.0,28.445638981823606,28.445638981823606,-0.4456389818236062
2023-12-09,P0020,S005,222,13.0,223.59402264867313,223.59402264867313,-1.594022648673132
2023-12-09,P0020,S003,150,106.0,149.65714645276006,149.65714645276006,0.3428535472399403
2023-12-09,P0002,S002,129,28.0,129.0873642333563,129.0873642333563,-0.08736423335631116
2023-12-09,P0019,S002,49,146.0,48.99974937886682,48.99974937886682,0.00025062113318341517
2023-12-09,P0003,S001,323,52.0,323.02207311323104,323.02207311323104,-0.022073113231044772
2023-12-09,P0001,S002,124,0.0,124.53549842847107,124.53549842847107,-0.5354984284710724
2023-12-09,P0016,S002,147,81.0,147.2397543581474,147.2397543581474,-0.239754358147394
2023-12-09,P0008,S002,55,322.0,55.19790333264823,55.19790333264823,-0.1979033326482309
2023-12-09,P0011,S003,314,80.0,313.28829501634544,313.28829501634544,0.7117049836545561
2023-12-09,P0003,S004,284,218.0,285.58492572689124,285.58492572689124,-1.5849257268912424
2023-12-09,P0011,S005,54,21.0,54.21350181427879,54.21350181427879,-0.21350181427879278
2023-12-09,P0013,S005,108,27.0,108.0969193900183,108.0969193900183,-0.09691939001830008
2023-12-09,P0017,S002,80,380.0,80.12727880890495,80.12727880890495,-0.12727880890494703
2023-12-09,P0018,S002,9,179.0,9.292058370727531,9.292058370727531,-0.29205837072753127
2023-12-09,P0010,S004,309,182.0,308.1873232324758,308.1873232324758,0.8126767675241808
2023-12-09,P0006,S002,407,304.0,402.76280220346456,402.76280220346456,4.23719779653544
2023-12-09,P0004,S005,39,8.0,39.9891261583991,39.9891261583991,-0.9891261583991025
2023-12-09,P0016,S005,206,306.0,206.45978180371495,206.45978180371495,-0.4597818037149466
2023-12-09,P0013,S002,1,39.0,1.054604124962787,1.054604124962787,-0.054604124962787104
2023-12-09,P0013,S001,87,218.0,86.55500740574512,86.55500740574512,0.44499259425488447
2023-12-09,P0018,S004,94,229.0,93.37439589583433,93.37439589583433,0.6256041041656744
2023-12-09,P0007,S003,18,80.0,17.978545467024464,17.978545467024464,0.02145453297553601
2023-12-09,P0005,S001,125,352.0,125.52697962982307,125.52697962982307,-0.5269796298230744
2023-12-09,P0009,S004,4,377.0,4.255400583995964,4.255400583995964,-0.2554005839959643
2023-12-09,P0012,S004,37,5.0,37.34181415567814,37.34181415567814,-0.34181415567814355
2023-12-09,P0002,S001,27,54.0,25.95413538708671,25.95413538708671,1.0458646129132916
2023-12-09,P0002,S005,70,54.0,70.15466822660049,70.15466822660049,-0.15466822660049218
2023-12-09,P0012,S003,107,111.0,106.71844012252886,106.71844012252886,0.281559877471139
2023-12-09,P0002,S003,103,283.0,103.33191617597309,103.33191617597309,-0.33191617597309175
2023-12-09,P0007,S001,20,207.0,20.05616561390171,20.05616561390171,-0.05616561390171171
2023-12-09,P0010,S003,2,77.0,2.010426000404069,2.010426000404069,-0.010426000404069047
2023-12-09,P0009,S003,4,297.0,3.9676985478587774,3.9676985478587774,0.0323014521412226
2023-12-09,P0004,S002,101,211.0,100.9140950502545,100.9140950502545,0.08590494974549756
2023-12-09,P0002,S004,71,171.0,70.41001400775211,70.41001400775211,0.5899859922478896
2023-12-09,P0018,S003,40,59.0,40.31600582997404,40.31600582997404,-0.3160058299740385
2023-12-09,P0001,S003,32,149.0,31.820550394021932,31.820550394021932,0.1794496059780677
2023-12-10,P0018,S001,56,44.0,56.54144737252,56.54144737252,-0.5414473725199969
2023-12-10,P0001,S002,98,124.0,98.67773752947198,98.67773752947198,-0.6777375294719832
2023-12-10,P0003,S002,125,138.0,124.7965607856102,124.7965607856102,0.20343921438980317
2023-12-10,P0018,S005,142,28.0,140.7883423292734,140.7883423292734,1.211657670726595
2023-12-10,P0001,S004,443,158.0,441.2190139802295,441.2190139802295,1.7809860197705234
2023-12-10,P0003,S003,7,27.0,7.723610337019169,7.723610337019169,-0.7236103370191689
2023-12-10,P0013,S002,156,1.0,155.96847031805942,155.96847031805942,0.03152968194058303
2023-12-10,P0013,S001,190,87.0,189.74282836546567,189.74282836546567,0.25717163453433045
2023-12-10,P0019,S003,38,60.0,37.72153493581039,37.72153493581039,0.2784650641896107
2023-12-10,P0011,S004,22,101.0,21.30679151736871,21.30679151736871,0.6932084826312916
2023-12-10,P0020,S003,140,150.0,139.39811732412173,139.39811732412173,0.6018826758782723
2023-12-10,P0001,S005,3,20.0,2.502828743893232,2.502828743893232,0.49717125610676804
2023-12-10,P0018,S003,352,40.0,353.8929607855815,353.8929607855815,-1.892960785581522
2023-12-10,P0004,S003,341,29.0,338.67176146964465,338.67176146964465,2.3282385303553497
2023-12-10,P0014,S002,11,27.0,11.146766450429745,11.146766450429745,-0.14676645042974457
2023-12-10,P0010,S002,73,399.0,72.9688892009944,72.9688892009944,0.031110799005602985
2023-12-10,P0005,S003,37,162.0,37.6412391044933,37.6412391044933,-0.6412391044933017
2023-12-10,P0007,S005,225,73.0,224.6254949901962,224.6254949901962,0.3745050098038121
2023-12-10,P0012,S004,268,37.0,267.4683171349114,267.4683171349114,0.5316828650886123
2023-12-10,P0005,S002,88,62.0,87.61263135999643,87.61263135999643,0.3873686400035723
2023-12-10,P0009,S004,31,4.0,31.31580485892477,31.31580485892477,-0.3158048589247713
2023-12-10,P0009,S001,153,89.0,153.4480298536318,153.4480298536318,-0.4480298536317946
2023-12-10,P0016,S005,192,206.0,191.16885258920624,191.16885258920624,0.8311474107937613
2023-12-10,P0012,S002,89,199.0,88.54173384388824,88.54173384388824,0.4582661561117618
2023-12-10,P0019,S005,118,317.0,118.23896497589647,118.23896497589647,-0.23896497589646515
2023-12-10,P0007,S001,139,20.0,139.39120231639117,139.39120231639117,-0.39120231639117264
2023-12-10,P0012,S001,223,162.0,224.18240734903745,224.18240734903745,-1.1824073490374474
2023-12-10,P0008,S004,31,94.0,30.61095066123532,30.61095066123532,0.3890493387646785
2023-12-10,P0006,S004,19,86.0,18.70640813991075,18.70640813991075,0.29359186008925064
2023-12-10,P0011,S005,85,54.0,84.77889215488884,84.77889215488884,0.22110784511116321
2023-12-10,P0001,S003,236,32.0,236.13363296188803,236.13363296188803,-0.13363296188802565
2023-12-10,P0005,S005,25,178.0,25.067141252694626,25.067141252694626,-0.06714125269462556
2023-12-10,P0020,S002,76,148.0,75.72536286782716,75.72536286782716,0.2746371321728418
2023-12-10,P0010,S001,209,128.0,208.5075275440707,208.5075275440707,0.49247245592928834
2023-12-10,P0020,S001,149,179.0,148.5664922119739,148.5664922119739,0.43350778802610535
2023-12-10,P0013,S003,228,49.0,228.627974580493,228.627974580493,-0.627974580493003
2023-12-10,P0003,S005,23,96.0,22.45148687116244,22.45148687116244,0.5485131288375591
2023-12-10,P0016,S002,88,147.0,87.7302694295503,87.7302694295503,0.2697305704496955
2023-12-10,P0017,S005,33,2.0,32.26776950798144,32.26776950798144,0.7322304920185587
2023-12-10,P0015,S003,85,93.0,85.25703627383223,85.25703627383223,-0.2570362738322274
2023-12-10,P0002,S004,38,71.0,38.64603678477331,38.64603678477331,-0.6460367847733082
2023-12-10,P0015,S004,188,99.0,188.6229614948618,188.6229614948618,-0.6229614948618121
2023-12-10,P0011,S002,161,51.0,161.67220541855286,161.67220541855286,-0.6722054185528634
2023-12-10,P0017,S003,267,6.0,266.7593570639491,266.7593570639491,0.2406429360509037
2023-12-10,P0011,S003,44,314.0,43.60123774810893,43.60123774810893,0.3987622518910712
2023-12-10,P0002,S001,332,27.0,330.61296103194974,330.61296103194974,1.3870389680502626
2023-12-10,P0012,S005,146,34.0,145.11355067122005,145.11355067122005,0.8864493287799462
2023-12-10,P0014,S003,179,71.0,178.20633756702676,178.20633756702676,0.7936624329732354
2023-12-10,P0016,S004,14,110.0,14.033819976465638,14.033819976465638,-0.03381997646563839
2023-12-10,P0007,S004,60,65.0,60.381713310061286,60.381713310061286,-0.3817133100612864
2023-12-10,P0008,S002,49,55.0,49.193872055422865,49.193872055422865,-0.19387205542286523
2023-12-10,P0006,S002,30,407.0,31.090329963605008,31.090329963605008,-1.090329963605008
2023-12-10,P0019,S001,102,133.0,101.69459322978354,101.69459322978354,0.30540677021646445
2023-12-10,P0011,S001,147,204.0,147.86128307546412,147.86128307546412,-0.8612830754641152
2023-12-10,P0004,S001,229,293.0,228.8193375158374,228.8193375158374,0.18066248416261033
2023-12-10,P0010,S004,77,309.0,77.49787364411563,77.49787364411563,-0.4978736441156286
2023-12-10,P0006,S005,52,10.0,52.1521794383753,52.1521794383753,-0.15217943837529901
2023-12-10,P0017,S001,159,138.0,158.68931916040012,158.68931916040012,0.3106808395998826
2023-12-10,P0004,S005,172,39.0,172.04428630878817,172.04428630878817,-0.0442863087881733
2023-12-10,P0010,S003,148,2.0,147.1102935126996,147.1102935126996,0.8897064873004012
2023-12-10,P0013,S005,55,108.0,54.91314928342061,54.91314928342061,0.08685071657939147
2023-12-10,P0004,S002,15,101.0,14.749357040348237,14.749357040348237,0.2506429596517634
2023-12-10,P0015,S005,84,167.0,84.16387123231772,84.16387123231772,-0.16387123231771739
2023-12-10,P0015,S001,52,96.0,51.53542098182571,51.53542098182571,0.46457901817429104
2023-12-10,P0018,S002,29,9.0,30.176310516387215,30.176310516387215,-1.1763105163872147
2023-12-10,P0010,S005,358,477.0,356.7645283750845,356.7645283750845,1.2354716249154762
2023-12-10,P0020,S005,188,222.0,187.79464234274016,187.79464234274016,0.2053576572598388
2023-12-10,P0018,S004,262,94.0,262.7522204104259,262.7522204104259,-0.7522204104258776
2023-12-10,P0002,S003,71,103.0,71.00918163448931,71.00918163448931,-0.009181634489308976
2023-12-10,P0016,S001,239,61.0,238.26050658303646,238.26050658303646,0.7394934169635405
2023-12-10,P0003,S004,27,284.0,26.85120965611015,26.85120965611015,0.1487903438898499
2023-12-10,P0006,S001,224,16.0,225.30602030375962,225.30602030375962,-1.3060203037596239
2023-12-10,P0004,S004,5,7.0,4.893019825936563,4.893019825936563,0.10698017406343663
2023-12-10,P0009,S003,69,4.0,69.3709008333095,69.3709008333095,-0.37090083330950563
2023-12-10,P0013,S004,1,145.0,1.310485673644959,1.310485673644959,-0.31048567364495905
2023-12-10,P0015,S002,104,215.0,104.63646107049013,104.63646107049013,-0.6364610704901281
2023-12-10,P0014,S004,192,74.0,192.21546637288486,192.21546637288486,-0.2154663728848618
2023-12-10,P0014,S001,373,222.0,373.20323890287153,373.20323890287153,-0.2032389028715329
2023-12-10,P0020,S004,61,10.0,61.31971040033969,61.31971040033969,-0.31971040033968734
2023-12-10,P0008,S005,43,383.0,42.64504058495367,42.64504058495367,0.35495941504633066
2023-12-10,P0003,S001,29,323.0,28.86868321208463,28.86868321208463,0.13131678791537027
2023-12-10,P0008,S003,22,317.0,22.022708065199424,22.022708065199424,-0.022708065199424254
2023-12-10,P0002,S005,228,70.0,228.2550600637488,228.2550600637488,-0.2550600637488003
2023-12-10,P0002,S002,97,129.0,96.76462238447947,96.76462238447947,0.23537761552053382
2023-12-10,P0006,S003,30,132.0,30.1742868994046,30.1742868994046,-0.17428689940459918
2023-12-10,P0017,S004,216,203.0,216.81712847192605,216.81712847192605,-0.8171284719260541
2023-12-10,P0007,S002,262,74.0,262.3654578479248,262.3654578479248,-0.3654578479248016
2023-12-10,P0001,S001,283,174.0,283.30835080833725,283.30835080833725,-0.30835080833725215
2023-12-10,P0009,S005,92,156.0,92.71252129130644,92.71252129130644,-0.7125212913064445
2023-12-10,P0005,S004,12,13.0,12.170113784045887,12.170113784045887,-0.17011378404588662
2023-12-10,P0012,S003,42,107.0,42.20726654103508,42.20726654103508,-0.20726654103508224
2023-12-10,P0017,S002,180,80.0,179.93355368179505,179.93355368179505,0.06644631820495306
2023-12-10,P0016,S003,183,326.0,182.5455757223799,182.5455757223799,0.45442427762009174
2023-12-10,P0007,S003,172,18.0,172.27894299354472,172.27894299354472,-0.2789429935447174
2023-12-10,P0014,S005,167,28.0,166.6846580830123,166.6846580830123,0.3153419169877054
2023-12-10,P0008,S001,106,18.0,106.30919048899526,106.30919048899526,-0.3091904889952559
2023-12-10,P0009,S002,62,198.0,61.63673248663771,61.63673248663771,0.36326751336228824
2023-12-10,P0019,S002,192,49.0,192.91183578282974,192.91183578282974,-0.9118357828297405
2023-12-10,P0005,S001,36,125.0,36.81078439135302,36.81078439135302,-0.8107843913530175
2023-12-10,P0019,S004,65,121.0,64.65432748498797,64.65432748498797,0.34567251501202634
2023-12-11,P0020,S002,87,76.0,87.24176607753799,87.24176607753799,-0.24176607753798862
2023-12-11,P0010,S001,34,209.0,33.90334049018212,33.90334049018212,0.09665950981788285
2023-12-11,P0001,S001,143,283.0,143.28484125887366,143.28484125887366,-0.2848412588736551
2023-12-11,P0020,S005,4,188.0,3.4658436484648556,3.4658436484648556,0.5341563515351444
2023-12-11,P0007,S001,206,139.0,206.2313285939538,206.2313285939538,-0.23132859395380478
2023-12-11,P0004,S004,2,5.0,1.789902792783687,1.789902792783687,0.21009720721631298
2023-12-11,P0020,S001,372,149.0,370.4039816177734,370.4039816177734,1.596018382226589
2023-12-11,P0013,S003,165,228.0,164.45964494221155,164.45964494221155,0.540355057788446
2023-12-11,P0016,S002,160,88.0,159.64300779536853,159.64300779536853,0.3569922046314673
2023-12-11,P0002,S003,186,71.0,186.49051137453446,186.49051137453446,-0.4905113745344636
2023-12-11,P0008,S003,10,22.0,10.46905965433993,10.46905965433993,-0.46905965433992947
2023-12-11,P0015,S004,226,188.0,225.83794448606278,225.83794448606278,0.16205551393721862
2023-12-11,P0015,S002,122,104.0,121.99172768808873,121.99172768808873,0.00827231191126998
2023-12-11,P0011,S005,87,85.0,86.29722631828973,86.29722631828973,0.7027736817102692
2023-12-11,P0019,S004,28,65.0,28.22245124105691,28.22245124105691,-0.22245124105690905
2023-12-11,P0008,S001,209,106.0,207.6758705499389,207.6758705499389,1.3241294500610934
2023-12-11,P0016,S005,165,192.0,164.03658639659014,164.03658639659014,0.9634136034098617
2023-12-11,P0011,S004,125,22.0,124.84414184499165,124.84414184499165,0.155858155008346
2023-12-11,P0018,S003,209,352.0,208.47545416453747,208.47545416453747,0.5245458354625328
2023-12-11,P0001,S005,28,3.0,28.06177577540936,28.06177577540936,-0.06177577540935886
2023-12-11,P0005,S003,72,37.0,72.47905035377019,72.47905035377019,-0.4790503537701909
2023-12-11,P0006,S003,5,30.0,5.390250104217165,5.390250104217165,-0.39025010421716466
2023-12-11,P0010,S003,77,148.0,77.10279944080946,77.10279944080946,-0.1027994408094628
2023-12-11,P0012,S001,65,223.0,64.64604711405313,64.64604711405313,0.35395288594686747
2023-12-11,P0019,S002,10,192.0,10.615859851013658,10.615859851013658,-0.6158598510136581
2023-12-11,P0017,S005,169,33.0,168.68740390063377,168.68740390063377,0.3125960993662318
2023-12-11,P0007,S003,131,172.0,131.24504858283922,131.24504858283922,-0.2450485828392175
2023-12-11,P0004,S003,13,341.0,13.130931845719061,13.130931845719061,-0.13093184571906136
2023-12-11,P0003,S004,55,27.0,54.98400811782195,54.98400811782195,0.015991882178049366
2023-12-11,P0005,S005,72,25.0,71.189023750124,71.189023750124,0.8109762498760062
2023-12-11,P0016,S001,58,239.0,58.64926350954827,58.64926350954827,-0.6492635095482697
2023-12-11,P0003,S005,50,23.0,50.771882120900344,50.771882120900344,-0.7718821209003437
2023-12-11,P0007,S004,271,60.0,270.45933619938165,270.45933619938165,0.5406638006183471
2023-12-11,P0006,S005,69,52.0,68.72746474700945,68.72746474700945,0.2725352529905507
2023-12-11,P0012,S005,354,146.0,356.04024632544895,356.04024632544895,-2.0402463254489476
2023-12-11,P0020,S004,343,61.0,341.3500459673533,341.3500459673533,1.64995403264669
2023-12-11,P0014,S003,12,179.0,12.226982697105592,12.226982697105592,-0.22698269710559238
2023-12-11,P0008,S005,164,43.0,163.74178877166358,163.74178877166358,0.2582112283364211
2023-12-11,P0002,S004,29,38.0,27.95425500195865,27.95425500195865,1.04574499804135
2023-12-11,P0017,S003,407,267.0,402.88170730188943,402.88170730188943,4.118292698110565
2023-12-11,P0015,S003,5,85.0,5.380907828794165,5.380907828794165,-0.3809078287941654
2023-12-11,P0001,S003,77,236.0,77.26594183654217,77.26594183654217,-0.26594183654216863
2023-12-11,P0017,S004,234,216.0,233.93691849255606,233.93691849255606,0.0630815074439397
2023-12-11,P0001,S004,19,443.0,19.341806060045446,19.341806060045446,-0.341806060045446
2023-12-11,P0004,S001,222,229.0,222.72001943537123,222.72001943537123,-0.7200194353712277
2023-12-11,P0002,S001,2,332.0,1.4796713598304079,1.4796713598304079,0.5203286401695921
2023-12-11,P0013,S005,118,55.0,118.17060279466389,118.17060279466389,-0.1706027946638926
2023-12-11,P0001,S002,114,98.0,114.44645655301679,114.44645655301679,-0.44645655301678744
2023-12-11,P0018,S005,118,142.0,118.74091802273281,118.74091802273281,-0.7409180227328136
2023-12-11,P0012,S003,65,42.0,64.46923858351424,64.46923858351424,0.5307614164857597
2023-12-11,P0003,S002,12,125.0,12.525096134545157,12.525096134545157,-0.5250961345451568
2023-12-11,P0003,S001,19,29.0,19.1231990066637,19.1231990066637,-0.12319900666370032
2023-12-11,P0014,S004,21,192.0,20.532839314831826,20.532839314831826,0.46716068516817444
2023-12-11,P0004,S002,122,15.0,122.07693507246508,122.07693507246508,-0.07693507246507636
2023-12-11,P0018,S004,138,262.0,138.31798089718313,138.31798089718313,-0.3179808971831335
2023-12-11,P0003,S003,315,7.0,317.3951553650652,317.3951553650652,-2.395155365065193
2023-12-11,P0014,S002,281,11.0,280.8850715429975,280.8850715429975,0.11492845700252019
2023-12-11,P0015,S005,23,84.0,23.110732276622322,23.110732276622322,-0.11073227662232199
2023-12-11,P0010,S002,211,73.0,211.17193855151478,211.17193855151478,-0.17193855151478488
2023-12-11,P0018,S001,167,56.0,166.78695010636753,166.78695010636753,0.21304989363247273
2023-12-11,P0013,S001,320,190.0,318.22931581218523,318.22931581218523,1.7706841878147657
2023-12-11,P0009,S004,434,31.0,433.40174882695686,433.40174882695686,0.5982511730431384
2023-12-11,P0007,S005,230,225.0,229.3012947819225,229.3012947819225,0.6987052180774924
2023-12-11,P0019,S005,27,118.0,27.521348569586088,27.521348569586088,-0.5213485695860882
2023-12-11,P0012,S004,74,268.0,74.15349410634474,74.15349410634474,-0.1534941063447377
2023-12-11,P0011,S003,19,44.0,18.788092070129544,18.788092070129544,0.21190792987045626
2023-12-11,P0005,S002,55,88.0,55.645088836167,55.645088836167,-0.6450888361669982
2023-12-11,P0014,S005,12,167.0,12.025730448149769,12.025730448149769,-0.025730448149769103
2023-12-11,P0015,S001,123,52.0,123.26563044186446,123.26563044186446,-0.2656304418644595
2023-12-11,P0009,S001,141,153.0,141.06319699281778,141.06319699281778,-0.06319699281777957
2023-12-11,P0009,S005,167,92.0,167.22944846283525,167.22944846283525,-0.22944846283525067
2023-12-11,P0012,S002,165,89.0,164.47514175158315,164.47514175158315,0.524858248416848
2023-12-11,P0008,S002,71,49.0,71.23799960101655,71.23799960101655,-0.23799960101655415
2023-12-11,P0002,S002,87,97.0,86.04874369667064,86.04874369667064,0.9512563033293588
2023-12-11,P0002,S005,146,228.0,146.28835917897965,146.28835917897965,-0.2883591789796469
2023-12-11,P0020,S003,277,140.0,278.04426344933455,278.04426344933455,-1.0442634493345508
2023-12-11,P0006,S002,75,30.0,75.82210883027936,75.82210883027936,-0.8221088302793618
2023-12-11,P0016,S003,33,183.0,33.41596203125056,33.41596203125056,-0.4159620312505581
2023-12-11,P0004,S005,400,172.0,399.6038957034026,399.6038957034026,0.3961042965974002
2023-12-11,P0007,S002,4,262.0,5.1406499505994265,5.1406499505994265,-1.1406499505994265
2023-12-11,P0010,S005,46,358.0,46.060892090709245,46.060892090709245,-0.060892090709245394
2023-12-11,P0008,S004,19,31.0,19.094998290053304,19.094998290053304,-0.0949982900533044
2023-12-11,P0009,S003,260,69.0,261.3520923577115,261.3520923577115,-1.3520923577115127
2023-12-11,P0009,S002,24,62.0,24.56658924857045,24.56658924857045,-0.5665892485704482
2023-12-11,P0006,S004,147,19.0,145.9636991901987,145.9636991901987,1.036300809801304
2023-12-11,P0011,S001,31,147.0,31.00581948262787,31.00581948262787,-0.005819482627870798
2023-12-11,P0018,S002,68,29.0,68.07725265729015,68.07725265729015,-0.07725265729014552
2023-12-11,P0013,S004,54,1.0,53.770372998236745,53.770372998236745,0.22962700176325512
2023-12-11,P0005,S001,7,36.0,8.059959419669187,8.059959419669187,-1.0599594196691875
2023-12-11,P0017,S001,147,159.0,146.28333361697628,146.28333361697628,0.7166663830237212
2023-12-11,P0019,S001,90,102.0,89.91789390705236,89.91789390705236,0.08210609294764026
2023-12-11,P0014,S001,63,373.0,62.90768777353805,62.90768777353805,0.09231222646194936
2023-12-11,P0010,S004,9,77.0,9.115242474259087,9.115242474259087,-0.1152424742590874
2023-12-11,P0019,S003,262,38.0,262.8919438717005,262.8919438717005,-0.891943871700505
2023-12-11,P0011,S002,51,161.0,51.908445511682025,51.908445511682025,-0.9084455116820251
2023-12-11,P0006,S001,23,224.0,23.01948547505242,23.01948547505242,-0.019485475052420043
2023-12-11,P0005,S004,134,12.0,134.63219219236703,134.63219219236703,-0.6321921923670288
2023-12-11,P0013,S002,74,156.0,74.42638407720466,74.42638407720466,-0.4263840772046592
2023-12-11,P0017,S002,121,180.0,120.7866323701943,120.7866323701943,0.21336762980570256
2023-12-11,P0016,S004,205,14.0,205.151459203859,205.151459203859,-0.15145920385899103
2023-12-12,P0014,S005,364,12.0,365.305134869779,365.305134869779,-1.3051348697790104
2023-12-12,P0011,S003,281,19.0,279.8637001407364,279.8637001407364,1.1362998592636018
2023-12-12,P0018,S003,405,209.0,400.9310023540593,400.9310023540593,4.068997645940726
2023-12-12,P0004,S002,61,122.0,61.53631672229704,61.53631672229704,-0.5363167222970375
2023-12-12,P0011,S004,213,125.0,212.2269983116021,212.2269983116021,0.7730016883978976
2023-12-12,P0007,S002,55,4.0,55.226020141510546,55.226020141510546,-0.2260201415105456
2023-12-12,P0014,S004,43,21.0,42.861062991290595,42.861062991290595,0.13893700870940506
2023-12-12,P0015,S001,60,123.0,60.27315790029304,60.27315790029304,-0.2731579002930431
2023-12-12,P0019,S005,193,27.0,193.03009116866087,193.03009116866087,-0.030091168660874246
2023-12-12,P0003,S003,115,315.0,115.0222221250749,115.0222221250749,-0.022222125074904397
2023-12-12,P0007,S003,215,131.0,215.82454937546746,215.82454937546746,-0.8245493754674555
2023-12-12,P0015,S002,63,122.0,63.22109772768265,63.22109772768265,-0.2210977276826469
2023-12-12,P0006,S005,105,69.0,105.39872362355494,105.39872362355494,-0.3987236235549432
2023-12-12,P0011,S005,187,87.0,188.42684801559304,188.42684801559304,-1.4268480155930376
2023-12-12,P0003,S004,212,55.0,212.78780064437987,212.78780064437987,-0.7878006443798711
2023-12-12,P0003,S005,105,50.0,105.78927718624706,105.78927718624706,-0.7892771862470624
2023-12-12,P0004,S001,319,222.0,318.117274529458,318.117274529458,0.8827254705420273
2023-12-12,P0009,S004,172,434.0,171.72799182280164,171.72799182280164,0.2720081771983587
2023-12-12,P0014,S003,42,12.0,42.28098475798383,42.28098475798383,-0.2809847579838305
2023-12-12,P0017,S004,52,234.0,52.05278068005494,52.05278068005494,-0.05278068005493708
2023-12-12,P0011,S002,66,51.0,66.3187240097115,66.3187240097115,-0.3187240097115023
2023-12-12,P0019,S001,59,90.0,58.86576067305167,58.86576067305167,0.1342393269483324
2023-12-12,P0007,S001,57,206.0,57.090273854183714,57.090273854183714,-0.09027385418371381
2023-12-12,P0012,S003,25,65.0,24.830028103771493,24.830028103771493,0.16997189622850684
2023-12-12,P0013,S002,1,74.0,0.9520169864094352,0.9520169864094352,0.04798301359056478
2023-12-12,P0020,S005,447,4.0,444.9550267437796,444.9550267437796,2.0449732562203735
2023-12-12,P0016,S001,114,58.0,114.55104739353759,114.55104739353759,-0.551047393537587
2023-12-12,P0019,S004,66,28.0,65.67440656133257,65.67440656133257,0.3255934386674255
2023-12-12,P0005,S004,51,134.0,51.74603737087007,51.74603737087007,-0.74603737087007
2023-12-12,P0008,S001,176,209.0,175.54553818028722,175.54553818028722,0.4544618197127761
2023-12-12,P0009,S001,225,141.0,225.4205453001941,225.4205453001941,-0.42054530019410663
2023-12-12,P0004,S004,1,2.0,0.8106094923155857,0.8106094923155857,0.18939050768441434
2023-12-12,P0010,S005,191,46.0,191.59768687556726,191.59768687556726,-0.5976868755672626
2023-12-12,P0008,S003,281,10.0,280.8783866316594,280.8783866316594,0.12161336834060421
2023-12-12,P0009,S002,105,24.0,104.08253638461687,104.08253638461687,0.9174636153831273
2023-12-12,P0014,S001,194,63.0,192.98806208978135,192.98806208978135,1.0119379102186485
2023-12-12,P0020,S004,182,343.0,181.72056038743452,181.72056038743452,0.2794396125654828
2023-12-12,P0010,S003,378,77.0,381.21526635885664,381.21526635885664,-3.2152663588566384
2023-12-12,P0018,S001,33,167.0,33.186956321675574,33.186956321675574,-0.18695632167557363
2023-12-12,P0016,S003,86,33.0,85.63018704518177,85.63018704518177,0.3698129548182294
2023-12-12,P0015,S005,11,23.0,10.986253279343181,10.986253279343181,0.013746720656818923
2023-12-12,P0010,S001,29,34.0,29.391477939328553,29.391477939328553,-0.3914779393285528
2023-12-12,P0001,S001,212,143.0,213.52671199760215,213.52671199760215,-1.526711997602149
2023-12-12,P0009,S005,4,167.0,3.8676546872619397,3.8676546872619397,0.13234531273806027
2023-12-12,P0006,S003,53,5.0,52.18892564102766,52.18892564102766,0.8110743589723413
2023-12-12,P0012,S002,8,165.0,7.679551205678446,7.679551205678446,0.32044879432155415
2023-12-12,P0013,S001,35,320.0,35.826300423574025,35.826300423574025,-0.8263004235740254
2023-12-12,P0019,S002,250,10.0,249.56088311381714,249.56088311381714,0.43911688618285893
2023-12-12,P0004,S003,154,13.0,153.94526050760925,153.94526050760925,0.05473949239075182
2023-12-12,P0013,S005,291,118.0,292.3759973319094,292.3759973319094,-1.3759973319093888
2023-12-12,P0001,S003,38,77.0,38.611703813064715,38.611703813064715,-0.6117038130647146
2023-12-12,P0012,S004,218,74.0,218.56409414289783,218.56409414289783,-0.5640941428978294
2023-12-12,P0002,S004,358,29.0,359.31875546957303,359.31875546957303,-1.3187554695730341
2023-12-12,P0008,S002,13,71.0,13.013385376761649,13.013385376761649,-0.01338537676164897
2023-12-12,P0008,S005,294,164.0,293.5240802564263,293.5240802564263,0.4759197435736837
2023-12-12,P0016,S002,121,160.0,120.27449006663576,120.27449006663576,0.7255099333642363
2023-12-12,P0018,S002,223,68.0,223.58900463903234,223.58900463903234,-0.5890046390323391
2023-12-12,P0005,S001,84,7.0,84.107468576796,84.107468576796,-0.10746857679599486
2023-12-12,P0004,S005,192,400.0,192.12655530137835,192.12655530137835,-0.12655530137834603
2023-12-12,P0010,S004,23,9.0,23.089087672251246,23.089087672251246,-0.08908767225124592
2023-12-12,P0017,S005,71,169.0,70.32807882120905,70.32807882120905,0.6719211787909529
2023-12-12,P0009,S003,239,260.0,239.43056237263124,239.43056237263124,-0.4305623726312433
2023-12-12,P0001,S002,168,114.0,168.48788086552938,168.48788086552938,-0.4878808655293767
2023-12-12,P0002,S001,9,2.0,8.381438938571916,8.381438938571916,0.6185610614280836
2023-12-12,P0018,S004,69,138.0,68.69158215582722,68.69158215582722,0.30841784417278006
2023-12-12,P0002,S005,104,146.0,104.03208004250897,104.03208004250897,-0.03208004250896579
2023-12-12,P0002,S003,82,186.0,81.77772731431403,81.77772731431403,0.22227268568596514
2023-12-12,P0017,S002,266,121.0,265.86121667465574,265.86121667465574,0.13878332534426363
2023-12-12,P0013,S004,145,54.0,145.3138336851204,145.3138336851204,-0.313833685120386
2023-12-12,P0003,S001,43,19.0,42.8805386134855,42.8805386134855,0.11946138651450156
2023-12-12,P0006,S002,221,75.0,221.5476787239614,221.5476787239614,-0.5476787239614112
2023-12-12,P0012,S001,37,65.0,37.48620100642901,37.48620100642901,-0.4862010064290132
2023-12-12,P0006,S004,63,147.0,62.417409226836746,62.417409226836746,0.582590773163254
2023-12-12,P0005,S005,157,72.0,157.40989675306068,157.40989675306068,-0.4098967530606785
2023-12-12,P0018,S005,49,118.0,49.283702152452314,49.283702152452314,-0.2837021524523138
2023-12-12,P0011,S001,148,31.0,147.44023693655396,147.44023693655396,0.5597630634460415
2023-12-12,P0001,S005,234,28.0,233.47211381189658,233.47211381189658,0.5278861881034231
2023-12-12,P0001,S004,133,19.0,132.8185280556494,132.8185280556494,0.18147194435059077
2023-12-12,P0013,S003,98,165.0,97.72373413411448,97.72373413411448,0.27626586588552016
2023-12-12,P0008,S004,129,19.0,129.25301605198172,129.25301605198172,-0.2530160519817173
2023-12-12,P0006,S001,35,23.0,34.75536853372229,34.75536853372229,0.24463146627770982
2023-12-12,P0016,S005,60,165.0,59.69880399603992,59.69880399603992,0.3011960039600794
2023-12-12,P0020,S002,79,87.0,79.49611987440905,79.49611987440905,-0.4961198744090467
2023-12-12,P0015,S004,198,226.0,197.2512548440981,197.2512548440981,0.7487451559019007
2023-12-12,P0016,S004,364,205.0,365.60018448612686,365.60018448612686,-1.6001844861268637
2023-12-12,P0020,S001,75,372.0,74.7945416070703,74.7945416070703,0.20545839292969958
2023-12-12,P0020,S003,57,277.0,56.22452533269766,56.22452533269766,0.7754746673023405
2023-12-12,P0015,S003,151,5.0,150.62359692854403,150.62359692854403,0.3764030714559681
2023-12-12,P0019,S003,1,262.0,0.7288672796319411,0.7288672796319411,0.2711327203680589
2023-12-12,P0010,S002,133,211.0,132.5175107817961,132.5175107817961,0.48248921820390933
2023-12-12,P0007,S004,52,271.0,52.24817620012626,52.24817620012626,-0.24817620012625952
2023-12-12,P0017,S001,82,147.0,82.11435471086247,82.11435471086247,-0.11435471086247162
2023-12-12,P0017,S003,354,407.0,353.6964783345487,353.6964783345487,0.3035216654512851
2023-12-12,P0002,S002,162,87.0,161.81602985926352,161.81602985926352,0.1839701407364771
2023-12-12,P0005,S002,160,55.0,160.46888523021425,160.46888523021425,-0.468885230214255
2023-12-12,P0003,S002,441,12.0,440.45752057560435,440.45752057560435,0.5424794243956512
2023-12-12,P0007,S005,177,230.0,177.4572437644972,177.4572437644972,-0.45724376449720694
2023-12-12,P0005,S003,40,72.0,40.63640738160597,40.63640738160597,-0.6364073816059701
2023-12-12,P0012,S005,116,354.0,116.17154936525529,116.17154936525529,-0.17154936525528797
2023-12-12,P0014,S002,255,281.0,255.4805329159849,255.4805329159849,-0.4805329159848952
2023-12-13,P0008,S002,13,13.0,13.493839310259238,13.493839310259238,-0.4938393102592382
2023-12-13,P0013,S005,297,291.0,295.04232499347563,295.04232499347563,1.9576750065243687
2023-12-13,P0005,S003,34,40.0,34.935285616836254,34.935285616836254,-0.9352856168362536
2023-12-13,P0005,S001,190,84.0,189.96603885829086,189.96603885829086,0.033961141709141884
2023-12-13,P0012,S005,203,116.0,203.50893071355213,203.50893071355213,-0.5089307135521324
2023-12-13,P0004,S001,50,319.0,50.23112615001971,50.23112615001971,-0.23112615001971193
2023-12-13,P0018,S002,306,223.0,307.80470730753666,307.80470730753666,-1.8047073075366598
2023-12-13,P0012,S004,66,218.0,66.50599466653767,66.50599466653767,-0.5059946665376742
2023-12-13,P0011,S003,120,281.0,120.27449006663576,120.27449006663576,-0.2744900666357637
2023-12-13,P0008,S005,226,294.0,226.16945706974494,226.16945706974494,-0.16945706974493646
2023-12-13,P0013,S003,402,98.0,401.9214877257928,401.9214877257928,0.07851227420718487
2023-12-13,P0015,S001,301,60.0,299.81717010987455,299.81717010987455,1.182829890125447
2023-12-13,P0010,S001,253,29.0,252.2837289935083,252.2837289935083,0.7162710064916951
2023-12-13,P0002,S003,154,82.0,154.76510932985173,154.76510932985173,-0.7651093298517253
2023-12-13,P0013,S004,200,145.0,198.85676452077632,198.85676452077632,1.1432354792236765
2023-12-13,P0002,S002,145,162.0,144.6193724228986,144.6193724228986,0.38062757710139294
2023-12-13,P0016,S003,250,86.0,251.8189724605386,251.8189724605386,-1.818972460538589
2023-12-13,P0005,S002,122,160.0,122.00113039365128,122.00113039365128,-0.0011303936512803148
2023-12-13,P0007,S002,244,55.0,244.07715560257324,244.07715560257324,-0.07715560257324228
2023-12-13,P0009,S002,13,105.0,13.183349845440192,13.183349845440192,-0.18334984544019228
2023-12-13,P0008,S003,164,281.0,163.78315457344453,163.78315457344453,0.2168454265554658
2023-12-13,P0016,S005,156,60.0,156.69240636850245,156.69240636850245,-0.6924063685024464
2023-12-13,P0010,S002,151,133.0,150.6279473432697,150.6279473432697,0.37205265673028975
2023-12-13,P0018,S005,60,49.0,60.49630755113085,60.49630755113085,-0.49630755113084746
2023-12-13,P0006,S001,19,35.0,19.09641662792045,19.09641662792045,-0.09641662792045125
2023-12-13,P0009,S001,318,225.0,318.2665738623312,318.2665738623312,-0.2665738623311995
2023-12-13,P0018,S003,167,405.0,166.88631752903734,166.88631752903734,0.11368247096265804
2023-12-13,P0009,S004,222,172.0,220.9754511111576,220.9754511111576,1.0245488888423893
2023-12-13,P0017,S004,152,52.0,151.82308092599825,151.82308092599825,0.176919074001745
2023-12-13,P0005,S005,28,157.0,27.119078953510147,27.119078953510147,0.8809210464898527
2023-12-13,P0020,S004,274,182.0,275.30650825218856,275.30650825218856,-1.3065082521885643
2023-12-13,P0003,S004,21,212.0,20.5119287104085,20.5119287104085,0.4880712895914989
2023-12-13,P0008,S004,42,129.0,40.86540962916346,40.86540962916346,1.1345903708365412
2023-12-13,P0019,S002,47,250.0,47.22296694563492,47.22296694563492,-0.2229669456349228
2023-12-13,P0016,S004,107,364.0,106.71844012252886,106.71844012252886,0.281559877471139
2023-12-13,P0011,S004,50,213.0,50.02924376577829,50.02924376577829,-0.0292437657782898
2023-12-13,P0003,S005,204,105.0,203.66703179022957,203.66703179022957,0.33296820977042785
2023-12-13,P0004,S003,177,154.0,176.9178405299776,176.9178405299776,0.08215947002238977
2023-12-13,P0010,S003,402,378.0,401.1557705596609,401.1557705596609,0.8442294403391202
2023-12-13,P0015,S005,212,11.0,211.4819886463377,211.4819886463377,0.5180113536623026
2023-12-13,P0019,S003,188,1.0,187.80388861004178,187.80388861004178,0.19611138995821875
2023-12-13,P0012,S002,97,8.0,96.31182780085344,96.31182780085344,0.6881721991465639
2023-12-13,P0020,S005,12,447.0,12.924919951524473,12.924919951524473,-0.9249199515244726
2023-12-13,P0007,S005,126,177.0,126.55611449688402,126.55611449688402,-0.556114496884021
2023-12-13,P0019,S005,65,193.0,65.03379800926483,65.03379800926483,-0.03379800926482801
2023-12-13,P0019,S001,8,59.0,8.580765463442203,8.580765463442203,-0.5807654634422033
2023-12-13,P0003,S003,10,115.0,10.794096098988781,10.794096098988781,-0.7940960989887813
2023-12-13,P0014,S002,42,255.0,41.45161342922682,41.45161342922682,0.5483865707731823
2023-12-13,P0003,S002,103,441.0,103.34703877635356,103.34703877635356,-0.34703877635355695
2023-12-13,P0017,S001,13,82.0,11.46384603601324,11.46384603601324,1.5361539639867594
2023-12-13,P0020,S003,98,57.0,97.44481782332203,97.44481782332203,0.5551821766779739
2023-12-13,P0011,S002,101,66.0,101.39649812585067,101.39649812585067,-0.3964981258506697
2023-12-13,P0006,S004,361,63.0,359.29312753976586,359.29312753976586,1.7068724602341376
2023-12-13,P0011,S001,30,148.0,30.073458589689004,30.073458589689004,-0.07345858968900387
2023-12-13,P0020,S001,325,75.0,326.1015941180366,326.1015941180366,-1.1015941180365871
2023-12-13,P0007,S001,40,57.0,40.3975188881082,40.3975188881082,-0.3975188881082019
2023-12-13,P0015,S004,81,198.0,81.24092067172548,81.24092067172548,-0.24092067172547615
2023-12-13,P0001,S001,65,212.0,64.75512508066538,64.75512508066538,0.24487491933462024
2023-12-13,P0018,S001,62,33.0,62.234071037556994,62.234071037556994,-0.2340710375569941
2023-12-13,P0012,S001,218,37.0,218.43438448370918,218.43438448370918,-0.4343844837091808
2023-12-13,P0020,S002,74,79.0,74.48770183597466,74.48770183597466,-0.48770183597466144
2023-12-13,P0001,S004,199,133.0,198.07588831763474,198.07588831763474,0.9241116823652646
2023-12-13,P0015,S003,45,151.0,44.19548742749856,44.19548742749856,0.8045125725014373
2023-12-13,P0014,S003,21,42.0,20.223157177548654,20.223157177548654,0.7768428224513464
2023-12-13,P0017,S003,79,354.0,78.46965119308152,78.46965119308152,0.5303488069184823
2023-12-13,P0001,S005,333,234.0,332.8152438467849,332.8152438467849,0.18475615321511896
2023-12-13,P0006,S005,136,105.0,136.38597982341943,136.38597982341943,-0.38597982341943293
2023-12-13,P0007,S004,31,52.0,30.66704991394938,30.66704991394938,0.3329500860506194
2023-12-13,P0006,S002,41,221.0,40.72852615952227,40.72852615952227,0.27147384047773215
2023-12-13,P0003,S001,153,43.0,153.04846300513438,153.04846300513438,-0.048463005134379955
2023-12-13,P0009,S005,42,4.0,41.46128419740102,41.46128419740102,0.5387158025989791
2023-12-13,P0014,S001,91,194.0,90.99142144309027,90.99142144309027,0.008578556909725421
2023-12-13,P0002,S005,124,104.0,125.03024317369305,125.03024317369305,-1.0302431736930515
2023-12-13,P0018,S004,174,69.0,173.76705587446216,173.76705587446216,0.23294412553784127
2023-12-13,P0009,S003,206,239.0,206.5720882658403,206.5720882658403,-0.572088265840307
2023-12-13,P0001,S002,153,168.0,152.47768186975773,152.47768186975773,0.5223181302422688
2023-12-13,P0010,S004,304,23.0,304.29696736161185,304.29696736161185,-0.29696736161184845
2023-12-13,P0004,S005,27,192.0,27.43515638286565,27.43515638286565,-0.4351563828656495
2023-12-13,P0015,S002,11,63.0,12.218733735987502,12.218733735987502,-1.2187337359875023
2023-12-13,P0008,S001,300,176.0,298.8165894916701,298.8165894916701,1.1834105083299278
2023-12-13,P0016,S002,130,121.0,130.44624165139152,130.44624165139152,-0.4462416513915173
2023-12-13,P0002,S001,271,9.0,272.1571109953885,272.1571109953885,-1.157110995388507
2023-12-13,P0011,S005,54,187.0,54.549073197383116,54.549073197383116,-0.549073197383116
2023-12-13,P0002,S004,221,358.0,220.22042622467978,220.22042622467978,0.7795737753202161
2023-12-13,P0001,S003,184,38.0,183.8589142336356,183.8589142336356,0.14108576636439807
2023-12-13,P0014,S004,333,43.0,334.49229415968097,334.49229415968097,-1.4922941596809665
2023-12-13,P0013,S002,26,1.0,25.586710159504307,25.586710159504307,0.4132898404956933
2023-12-13,P0014,S005,152,364.0,152.19270580679182,152.19270580679182,-0.19270580679182103
2023-12-13,P0017,S005,290,71.0,290.06598789897083,290.06598789897083,-0.0659878989708318
2023-12-13,P0017,S002,41,266.0,40.69923089810969,40.69923089810969,0.30076910189031025
2023-12-13,P0010,S005,372,191.0,369.23129242838144,369.23129242838144,2.768707571618563
2023-12-13,P0004,S004,246,1.0,244.61228694381595,244.61228694381595,1.3877130561840545
2023-12-13,P0005,S004,412,51.0,410.1820666170429,410.1820666170429,1.8179333829571078
2023-12-13,P0019,S004,94,66.0,94.59846290008254,94.59846290008254,-0.5984629000825379
2023-12-13,P0013,S001,65,35.0,65.33789882441395,65.33789882441395,-0.3378988244139549
2023-12-13,P0012,S003,33,25.0,33.44552533864683,33.44552533864683,-0.4455253386468314
2023-12-13,P0016,S001,450,114.0,453.5456146861237,453.5456146861237,-3.545614686123713
2023-12-13,P0007,S003,170,215.0,170.46029618603743,170.46029618603743,-0.46029618603742506
2023-12-13,P0006,S003,25,53.0,25.42599984145994,25.42599984145994,-0.42599984145994085
2023-12-13,P0004,S002,16,61.0,16.327388576427275,16.327388576427275,-0.3273885764272748
2023-12-14,P0019,S001,167,8.0,167.74273169003487,167.74273169003487,-0.7427316900348728
2023-12-14,P0016,S005,173,156.0,172.6775008479847,172.6775008479847,0.3224991520152969
2023-12-14,P0002,S001,50,271.0,48.79770985040952,48.79770985040952,1.2022901495904819
2023-12-14,P0003,S005,199,204.0,198.76140965822702,198.76140965822702,0.23859034177297644
2023-12-14,P0020,S004,39,274.0,38.82043614571388,38.82043614571388,0.17956385428612265
2023-12-14,P0009,S005,337,42.0,335.40278151999837,335.40278151999837,1.5972184800016294
2023-12-14,P0008,S005,86,226.0,85.08671907273715,85.08671907273715,0.9132809272628464
2023-12-14,P0010,S001,268,253.0,267.6166292022372,267.6166292022372,0.3833707977627796
2023-12-14,P0017,S001,98,13.0,97.69478645375187,97.69478645375187,0.305213546248126
2023-12-14,P0009,S001,248,318.0,247.98604995850596,247.98604995850596,0.013950041494041443
2023-12-14,P0016,S004,229,107.0,228.75125288244865,228.75125288244865,0.24874711755134626
2023-12-14,P0007,S003,57,170.0,56.31639405484241,56.31639405484241,0.6836059451575878
2023-12-14,P0019,S004,78,94.0,77.66465348351922,77.66465348351922,0.33534651648078295
2023-12-14,P0017,S002,262,41.0,261.7477007461176,261.7477007461176,0.2522992538824269
2023-12-14,P0010,S005,311,372.0,311.979937936572,311.979937936572,-0.9799379365720142
2023-12-14,P0003,S001,93,153.0,93.30927185676859,93.30927185676859,-0.30927185676858926
2023-12-14,P0015,S005,24,212.0,23.991404765200222,23.991404765200222,0.00859523479977753
2023-12-14,P0007,S005,44,126.0,44.43854802222761,44.43854802222761,-0.43854802222760725
2023-12-14,P0015,S002,67,11.0,67.22800784469902,67.22800784469902,-0.2280078446990217
2023-12-14,P0016,S001,54,450.0,53.791023055471655,53.791023055471655,0.20897694452834514
2023-12-14,P0003,S003,59,10.0,59.28657481805502,59.28657481805502,-0.2865748180550227
2023-12-14,P0020,S003,161,98.0,161.67412424515376,161.67412424515376,-0.674124245153763
2023-12-14,P0011,S002,364,101.0,363.3546195244408,363.3546195244408,0.6453804755591932
2023-12-14,P0011,S001,157,30.0,157.4805792161397,157.4805792161397,-0.480579216139688
2023-12-14,P0015,S004,202,81.0,202.4147708979768,202.4147708979768,-0.41477089797680833
2023-12-14,P0001,S001,49,65.0,49.18355827465374,49.18355827465374,-0.1835582746537412
2023-12-14,P0001,S004,224,199.0,225.16048863227905,225.16048863227905,-1.1604886322790549
2023-12-14,P0015,S003,222,45.0,221.8956625386821,221.8956625386821,0.1043374613178969
2023-12-14,P0007,S004,67,31.0,66.9456816584502,66.9456816584502,0.054318341549802085
2023-12-14,P0003,S002,9,103.0,9.011019236607673,9.011019236607673,-0.011019236607673122
2023-12-14,P0002,S005,362,124.0,361.145993457041,361.145993457041,0.8540065429589845
2023-12-14,P0009,S003,217,206.0,217.64466169309065,217.64466169309065,-0.6446616930906544
2023-12-14,P0010,S004,311,304.0,309.3962463680502,309.3962463680502,1.6037536319498145
2023-12-14,P0008,S004,108,42.0,108.84006661607674,108.84006661607674,-0.84006661607674
2023-12-14,P0010,S002,15,151.0,15.185896719628209,15.185896719628209,-0.18589671962820908
2023-12-14,P0015,S001,88,301.0,88.64036251289112,88.64036251289112,-0.6403625128911159
2023-12-14,P0002,S002,19,145.0,18.187677653508075,18.187677653508075,0.8123223464919249
2023-12-14,P0009,S002,138,13.0,138.67207651672564,138.67207651672564,-0.6720765167256388
2023-12-14,P0016,S003,49,250.0,49.18683702321461,49.18683702321461,-0.1868370232146077
2023-12-14,P0008,S003,102,164.0,101.72427291901896,101.72427291901896,0.27572708098104215
2023-12-14,P0007,S002,255,244.0,254.05873114140314,254.05873114140314,0.9412688585968567
2023-12-14,P0017,S004,313,152.0,313.65031466572935,313.65031466572935,-0.6503146657293541
2023-12-14,P0003,S004,63,21.0,63.45540469912871,63.45540469912871,-0.4554046991287066
2023-12-14,P0019,S002,180,47.0,180.32064581169084,180.32064581169084,-0.32064581169083795
2023-12-14,P0002,S003,90,154.0,90.13791974250601,90.13791974250601,-0.13791974250601413
2023-12-14,P0008,S002,9,13.0,9.052289907335062,9.052289907335062,-0.052289907335062225
2023-12-14,P0018,S002,402,306.0,403.7636005682996,403.7636005682996,-1.7636005682995801
2023-12-14,P0011,S003,324,120.0,325.8509462077069,325.8509462077069,-1.8509462077068974
2023-12-14,P0010,S003,103,402.0,102.46829847559927,102.46829847559927,0.5317015244007308
2023-12-14,P0002,S004,261,221.0,260.74394910168354,260.74394910168354,0.25605089831645955
2023-12-14,P0016,S002,453,130.0,454.39591683595637,454.39591683595637,-1.3959168359563705
2023-12-14,P0008,S001,175,300.0,175.55963023552212,175.55963023552212,-0.5596302355221212
2023-12-14,P0017,S005,78,290.0,77.34718588387165,77.34718588387165,0.6528141161283543
2023-12-14,P0018,S003,31,167.0,31.632785962373386,31.632785962373386,-0.6327859623733865
2023-12-14,P0001,S005,51,333.0,50.642721712847205,50.642721712847205,0.35727828715279486
2023-12-14,P0001,S003,105,184.0,105.1030485557393,105.1030485557393,-0.10304855573930638
2023-12-14,P0001,S002,298,153.0,298.622156420762,298.622156420762,-0.6221564207619963
2023-12-14,P0004,S005,91,27.0,91.72785407940577,91.72785407940577,-0.7278540794057733
2023-12-14,P0019,S005,22,65.0,22.372327654747785,22.372327654747785,-0.3723276547477852
2023-12-14,P0006,S002,85,41.0,83.99561301699642,83.99561301699642,1.0043869830035845
2023-12-14,P0013,S005,494,297.0,492.49810452106055,492.49810452106055,1.5018954789394456
2023-12-14,P0012,S004,169,66.0,169.3293971995902,169.3293971995902,-0.3293971995902041
2023-12-14,P0005,S001,186,190.0,186.11814882429442,186.11814882429442,-0.11814882429442264
2023-12-14,P0006,S001,257,19.0,257.8074903891564,257.8074903891564,-0.8074903891563849
2023-12-14,P0011,S004,349,50.0,350.1030193448905,350.1030193448905,-1.1030193448905266
2023-12-14,P0013,S004,82,200.0,80.884323372273,80.884323372273,1.115676627726998
2023-12-14,P0018,S005,24,60.0,23.30022350595184,23.30022350595184,0.6997764940481588
2023-12-14,P0005,S002,140,122.0,140.56420287647802,140.56420287647802,-0.5642028764780207
2023-12-14,P0005,S005,116,28.0,116.40738528836495,116.40738528836495,-0.40738528836494936
2023-12-14,P0004,S001,28,50.0,27.337229719908915,27.337229719908915,0.6627702800910846
2023-12-14,P0013,S003,151,402.0,151.18448548902603,151.18448548902603,-0.1844854890260308
2023-12-14,P0009,S004,236,222.0,235.01385638012368,235.01385638012368,0.9861436198763158
2023-12-14,P0005,S003,225,34.0,225.1412486558738,225.1412486558738,-0.14124865587379531
2023-12-14,P0018,S004,21,174.0,20.503478478922815,20.503478478922815,0.4965215210771845
2023-12-14,P0004,S004,39,246.0,39.71478304036435,39.71478304036435,-0.7147830403643525
2023-12-14,P0006,S005,168,136.0,167.49747044250864,167.49747044250864,0.5025295574913571
2023-12-14,P0014,S003,124,21.0,124.2554807443641,124.2554807443641,-0.2554807443641067
2023-12-14,P0004,S003,240,177.0,241.12149867606885,241.12149867606885,-1.1214986760688532
2023-12-14,P0017,S003,83,79.0,82.75021527627888,82.75021527627888,0.24978472372112037
2023-12-14,P0004,S002,176,16.0,176.11835214023125,176.11835214023125,-0.11835214023125218
2023-12-14,P0020,S002,0,74.0,0.34573972667871217,0.34573972667871217,-0.34573972667871217
2023-12-14,P0012,S001,89,218.0,88.59221969222808,88.59221969222808,0.4077803077719153
2023-12-14,P0011,S005,66,54.0,66.5829183758877,66.5829183758877,-0.5829183758877008
2023-12-14,P0014,S004,107,333.0,108.06329109336417,108.06329109336417,-1.063291093364171
2023-12-14,P0006,S004,127,361.0,126.99765077177989,126.99765077177989,0.002349228220111854
2023-12-14,P0014,S002,88,42.0,88.76464491509118,88.76464491509118,-0.764644915091182
2023-12-14,P0012,S002,11,97.0,10.574043057565325,10.574043057565325,0.4259569424346754
2023-12-14,P0019,S003,66,188.0,65.59435237107358,65.59435237107358,0.4056476289264168
2023-12-14,P0014,S001,202,91.0,201.39145536651063,201.39145536651063,0.6085446334893732
2023-12-14,P0006,S003,79,25.0,78.59385912271104,78.59385912271104,0.4061408772889621
2023-12-14,P0012,S003,276,33.0,277.25711584581757,277.25711584581757,-1.257115845817566
2023-12-14,P0012,S005,320,203.0,319.53970904102584,319.53970904102584,0.46029095897415573
2023-12-14,P0020,S005,80,12.0,78.99103130802483,78.99103130802483,1.00896869197517
2023-12-14,P0013,S002,100,26.0,99.90540026423113,99.90540026423113,0.09459973576886682
2023-12-14,P0007,S001,392,40.0,388.8493578087347,388.8493578087347,3.1506421912653195
2023-12-14,P0014,S005,441,152.0,440.75472276464313,440.75472276464313,0.24527723535686619
2023-12-14,P0013,S001,1,65.0,0.7288672796319411,0.7288672796319411,0.2711327203680589
2023-12-14,P0020,S001,212,325.0,212.26733733861957,212.26733733861957,-0.2673373386195692
2023-12-14,P0018,S001,130,62.0,129.50392377583137,129.50392377583137,0.4960762241686325
2023-12-14,P0005,S004,138,412.0,137.8179393240269,137.8179393240269,0.18206067597310494
2023-12-15,P0004,S004,175,39.0,174.76701398409068,174.76701398409068,0.23298601590931867
2023-12-15,P0017,S002,8,262.0,7.987179808411792,7.987179808411792,0.012820191588208019
2023-12-15,P0003,S004,21,63.0,20.37405866239735,20.37405866239735,0.6259413376026508
2023-12-15,P0013,S001,123,1.0,123.44009706608065,123.44009706608065,-0.4400970660806536
2023-12-15,P0006,S003,83,79.0,81.66019036593809,81.66019036593809,1.3398096340619077
2023-12-15,P0010,S005,22,311.0,21.850249926952873,21.850249926952873,0.14975007304712662
2023-12-15,P0005,S004,193,138.0,193.91203980335757,193.91203980335757,-0.9120398033575725
2023-12-15,P0014,S001,194,202.0,193.88442945540297,193.88442945540297,0.11557054459703409
2023-12-15,P0003,S001,131,93.0,131.22598376118242,131.22598376118242,-0.22598376118241958
2023-12-15,P0017,S004,18,313.0,17.85858778226017,17.85858778226017,0.14141221773983048
2023-12-15,P0019,S004,101,78.0,100.80635188410196,100.80635188410196,0.19364811589804276
2023-12-15,P0019,S001,288,167.0,288.8480351810534,288.8480351810534,-0.8480351810533762
2023-12-15,P0012,S005,194,320.0,192.95345315907494,192.95345315907494,1.0465468409250605
2023-12-15,P0002,S005,363,362.0,361.51491118455493,361.51491118455493,1.4850888154450672
2023-12-15,P0015,S005,254,24.0,254.6892095470318,254.6892095470318,-0.689209547031794
2023-12-15,P0018,S004,31,21.0,31.77693243290028,31.77693243290028,-0.7769324329002814
2023-12-15,P0018,S003,245,31.0,243.56367060109025,243.56367060109025,1.4363293989097485
2023-12-15,P0009,S003,210,217.0,211.1376393493067,211.1376393493067,-1.1376393493067098
2023-12-15,P0010,S004,81,311.0,80.87027259658456,80.87027259658456,0.1297274034154441
2023-12-15,P0001,S002,255,298.0,255.08618080975066,255.08618080975066,-0.08618080975065823
2023-12-15,P0013,S002,93,100.0,93.56321702454234,93.56321702454234,-0.5632170245423396
2023-12-15,P0004,S005,311,91.0,311.14836184390293,311.14836184390293,-0.14836184390293283
2023-12-15,P0008,S001,54,175.0,53.77286612164889,53.77286612164889,0.2271338783511112
2023-12-15,P0009,S004,16,236.0,15.558576733192595,15.558576733192595,0.44142326680740496
2023-12-15,P0001,S003,100,105.0,100.16767249035202,100.16767249035202,-0.16767249035201814
2023-12-15,P0002,S001,121,50.0,120.27449006663576,120.27449006663576,0.7255099333642363
2023-12-15,P0012,S003,149,276.0,149.33552630338158,149.33552630338158,-0.3355263033815845
2023-12-15,P0019,S003,119,66.0,119.39809098840914,119.39809098840914,-0.3980909884091375
2023-12-15,P0007,S005,224,44.0,225.57342031163242,225.57342031163242,-1.5734203116324181
2023-12-15,P0016,S002,302,453.0,301.6826161300826,301.6826161300826,0.3173838699174212
2023-12-15,P0015,S002,40,67.0,40.03240652578453,40.03240652578453,-0.032406525784530515
2023-12-15,P0003,S003,62,59.0,62.687358334953146,62.687358334953146,-0.6873583349531458
2023-12-15,P0019,S005,272,22.0,272.7735796004977,272.7735796004977,-0.773579600497726
2023-12-15,P0011,S002,40,364.0,41.14219299195321,41.14219299195321,-1.142192991953209
2023-12-15,P0006,S005,222,168.0,221.46730913086554,221.46730913086554,0.5326908691344556
2023-12-15,P0014,S003,403,124.0,404.48383926231753,404.48383926231753,-1.483839262317531
2023-12-15,P0018,S001,105,130.0,104.57498531078913,104.57498531078913,0.4250146892108688
2023-12-15,P0004,S003,34,240.0,34.48282347288731,34.48282347288731,-0.4828234728873113
2023-12-15,P0007,S004,117,67.0,117.40716231194799,117.40716231194799,-0.40716231194798524
2023-12-15,P0007,S003,15,57.0,14.670625703933851,14.670625703933851,0.329374296066149
2023-12-15,P0017,S003,123,83.0,122.85439114864866,122.85439114864866,0.14560885135134072
2023-12-15,P0004,S002,85,176.0,85.58416394978094,85.58416394978094,-0.5841639497809439
2023-12-15,P0015,S003,149,222.0,149.41648820944678,149.41648820944678,-0.4164882094467828
2023-12-15,P0020,S002,209,0.0,210.0643690252472,210.0643690252472,-1.0643690252472027
2023-12-15,P0012,S002,383,11.0,387.740466577881,387.740466577881,-4.740466577881023
2023-12-15,P0017,S001,41,98.0,41.205883031974146,41.205883031974146,-0.20588303197414604
2023-12-15,P0001,S004,46,224.0,46.573700196781466,46.573700196781466,-0.5737001967814663
2023-12-15,P0001,S001,162,49.0,160.7249969735693,160.7249969735693,1.27500302643071
2023-12-15,P0012,S001,112,89.0,112.01484603169088,112.01484603169088,-0.014846031690879613
2023-12-15,P0015,S004,214,202.0,214.64406082152664,214.64406082152664,-0.6440608215266366
2023-12-15,P0011,S005,158,66.0,158.21073060967447,158.21073060967447,-0.21073060967447077
2023-12-15,P0014,S004,54,107.0,54.41165013138491,54.41165013138491,-0.4116501313849099
2023-12-15,P0011,S001,70,157.0,70.44997370187137,70.44997370187137,-0.44997370187137165
2023-12-15,P0006,S004,48,127.0,47.41315515890208,47.41315515890208,0.5868448410979212
2023-12-15,P0007,S001,141,392.0,141.77020006281407,141.77020006281407,-0.7702000628140695
2023-12-15,P0020,S003,145,161.0,145.3138336851204,145.3138336851204,-0.313833685120386
2023-12-15,P0003,S002,175,9.0,174.42452572429684,174.42452572429684,0.5754742757031579
2023-12-15,P0011,S003,224,324.0,224.23051109372412,224.23051109372412,-0.23051109372411815
2023-12-15,P0014,S002,277,88.0,276.7169496290278,276.7169496290278,0.2830503709722052
2023-12-15,P0009,S005,175,337.0,175.76981993028195,175.76981993028195,-0.7698199302819546
2023-12-15,P0020,S001,35,212.0,36.23864725449154,36.23864725449154,-1.2386472544915392
2023-12-15,P0002,S004,61,261.0,60.864233591616134,60.864233591616134,0.13576640838386567
2023-12-15,P0016,S001,183,54.0,183.62073024040657,183.62073024040657,-0.6207302404065729
2023-12-15,P0010,S003,54,103.0,54.524008513909735,54.524008513909735,-0.5240085139097346
2023-12-15,P0006,S001,43,257.0,42.95174522752725,42.95174522752725,0.04825477247275245
2023-12-15,P0008,S005,134,86.0,134.41065453977933,134.41065453977933,-0.41065453977932975
2023-12-15,P0015,S001,15,88.0,14.646752196989187,14.646752196989187,0.35324780301081304
2023-12-15,P0020,S005,280,80.0,281.2020205567081,281.2020205567081,-1.202020556708078
2023-12-15,P0008,S003,61,102.0,60.8220459536153,60.8220459536153,0.17795404638469847
2023-12-15,P0011,S004,51,349.0,51.105110707235404,51.105110707235404,-0.10511070723540428
2023-12-15,P0016,S003,141,49.0,140.79111884982927,140.79111884982927,0.2088811501707255
2023-12-15,P0009,S002,239,138.0,237.37572965819572,237.37572965819572,1.6242703418042765
2023-12-15,P0002,S002,23,19.0,23.1332750420396,23.1332750420396,-0.1332750420395996
2023-12-15,P0018,S005,349,24.0,349.8430531698904,349.8430531698904,-0.8430531698904247
2023-12-15,P0020,S004,272,39.0,270.778825712371,270.778825712371,1.221174287629026
2023-12-15,P0019,S002,126,180.0,126.70749853063491,126.70749853063491,-0.7074985306349078
2023-12-15,P0005,S002,109,140.0,109.03985357463722,109.03985357463722,-0.03985357463722039
2023-12-15,P0005,S005,315,116.0,316.6490019703702,316.6490019703702,-1.6490019703701932
2023-12-15,P0010,S001,105,268.0,104.96553496885852,104.96553496885852,0.034465031141479585
2023-12-15,P0016,S004,138,229.0,137.69490697421534,137.69490697421534,0.30509302578465736
2023-12-15,P0004,S001,15,28.0,15.6192638278378,15.6192638278378,-0.6192638278378002
2023-12-15,P0008,S004,61,108.0,61.2583098692893,61.2583098692893,-0.2583098692892989
2023-12-15,P0013,S003,239,151.0,237.83928219404604,237.83928219404604,1.160717805953965
2023-12-15,P0003,S005,35,199.0,35.379937890652364,35.379937890652364,-0.3799378906523643
2023-12-15,P0001,S005,91,51.0,91.17874923998782,91.17874923998782,-0.17874923998782322
2023-12-15,P0016,S005,191,173.0,190.90552431617473,190.90552431617473,0.09447568382526583
2023-12-15,P0005,S003,30,225.0,29.855009956641037,29.855009956641037,0.1449900433589626
2023-12-15,P0017,S005,41,78.0,40.45618302853465,40.45618302853465,0.5438169714653469
2023-12-15,P0010,S002,161,15.0,160.4248312235348,160.4248312235348,0.5751687764652047
2023-12-15,P0002,S003,291,90.0,289.32717210882026,289.32717210882026,1.672827891179736
2023-12-15,P0013,S004,279,82.0,279.0066761128146,279.0066761128146,-0.006676112814602675
2023-12-15,P0007,S002,279,255.0,279.3106077780037,279.3106077780037,-0.310607778003714
2023-12-15,P0008,S002,183,9.0,182.57892369243373,182.57892369243373,0.4210763075662669
2023-12-15,P0009,S001,123,248.0,123.06731124772439,123.06731124772439,-0.06731124772439046
2023-12-15,P0018,S002,6,402.0,6.197157325615044,6.197157325615044,-0.19715732561504407
2023-12-15,P0014,S005,76,441.0,75.77597736983705,75.77597736983705,0.2240226301629491
2023-12-15,P0006,S002,66,85.0,66.11672765619512,66.11672765619512,-0.11672765619512404
2023-12-15,P0012,S004,126,169.0,125.67874037927416,125.67874037927416,0.32125962072584
2023-12-15,P0005,S001,187,186.0,187.79464234274016,187.79464234274016,-0.7946423427401612
2023-12-15,P0013,S005,66,494.0,66.21672714047418,66.21672714047418,-0.21672714047417685
2023-12-16,P0015,S003,10,149.0,10.040948333213878,10.040948333213878,-0.04094833321387803
2023-12-16,P0020,S002,109,209.0,108.66599316766515,108.66599316766515,0.3340068323348504
2023-12-16,P0004,S005,33,311.0,32.962333067427714,32.962333067427714,0.037666932572285816
2023-12-16,P0013,S005,80,66.0,80.7901242095917,80.7901242095917,-0.7901242095916956
2023-12-16,P0005,S005,206,315.0,205.9621707367829,205.9621707367829,0.037829263217105336
2023-12-16,P0001,S001,119,162.0,118.83102743930942,118.83102743930942,0.16897256069057676
2023-12-16,P0017,S001,105,41.0,104.27363931531444,104.27363931531444,0.7263606846855595
2023-12-16,P0010,S002,52,161.0,51.75167919243648,51.75167919243648,0.24832080756352326
2023-12-16,P0005,S002,310,109.0,311.0499509450477,311.0499509450477,-1.0499509450477262
2023-12-16,P0012,S001,296,112.0,297.2807057019944,297.2807057019944,-1.2807057019944068
2023-12-16,P0001,S002,163,255.0,163.3805950412555,163.3805950412555,-0.3805950412555035
2023-12-16,P0012,S005,341,194.0,338.5757111327183,338.5757111327183,2.424288867281689
2023-12-16,P0020,S001,179,35.0,177.94343318540598,177.94343318540598,1.0565668145940208
2023-12-16,P0001,S004,49,46.0,47.90615971127714,47.90615971127714,1.093840288722859
2023-12-16,P0016,S004,283,138.0,282.9099129182347,282.9099129182347,0.09008708176531854
2023-12-16,P0008,S002,55,183.0,54.443748613887685,54.443748613887685,0.5562513861123151
2023-12-16,P0005,S004,49,193.0,48.72388784144506,48.72388784144506,0.27611215855493754
2023-12-16,P0002,S004,103,61.0,102.37832244586913,102.37832244586913,0.6216775541308692
2023-12-16,P0003,S003,268,62.0,268.2576608097947,268.2576608097947,-0.257660809794686
2023-12-16,P0005,S003,77,30.0,76.94704825890233,76.94704825890233,0.05295174109767231
2023-12-16,P0016,S002,214,302.0,213.20643825099037,213.20643825099037,0.7935617490096263
2023-12-16,P0019,S005,13,272.0,12.947658152434395,12.947658152434395,0.05234184756560545
2023-12-16,P0011,S002,225,40.0,223.36543601796666,223.36543601796666,1.6345639820333417
2023-12-16,P0006,S002,59,66.0,58.77012051332437,58.77012051332437,0.2298794866756282
2023-12-16,P0001,S005,24,91.0,23.666911080203334,23.666911080203334,0.33308891979666555
2023-12-16,P0015,S002,254,40.0,253.2983980777361,253.2983980777361,0.7016019222639045
2023-12-16,P0014,S003,300,403.0,300.6012987584249,300.6012987584249,-0.601298758424889
2023-12-16,P0016,S005,162,191.0,162.94359460121632,162.94359460121632,-0.9435946012163186
2023-12-16,P0002,S001,11,121.0,10.237905048901926,10.237905048901926,0.7620949510980743
2023-12-16,P0009,S001,152,123.0,150.800581788871,150.800581788871,1.1994182111290002
2023-12-16,P0013,S003,212,239.0,211.17193855151478,211.17193855151478,0.8280614484852151
2023-12-16,P0004,S003,66,34.0,66.10601752453755,66.10601752453755,-0.10601752453754898
2023-12-16,P0008,S004,243,61.0,243.29116123905942,243.29116123905942,-0.29116123905942004
2023-12-16,P0007,S004,353,117.0,352.54905537378573,352.54905537378573,0.450944626214266
2023-12-16,P0001,S003,16,100.0,16.42901523161201,16.42901523161201,-0.4290152316120093
2023-12-16,P0010,S001,55,105.0,54.61996069757071,54.61996069757071,0.38003930242928874
2023-12-16,P0017,S003,3,123.0,2.5162526859218732,2.5162526859218732,0.48374731407812677
2023-12-16,P0008,S001,164,54.0,163.36875333319438,163.36875333319438,0.6312466668056231
2023-12-16,P0011,S001,176,70.0,176.26860872983303,176.26860872983303,-0.2686087298330335
2023-12-16,P0008,S005,184,134.0,183.96635892493757,183.96635892493757,0.033641075062433856
2023-12-16,P0018,S004,162,31.0,161.0078475678944,161.0078475678944,0.9921524321055983
2023-12-16,P0012,S004,51,126.0,51.28905445947377,51.28905445947377,-0.2890544594737676
2023-12-16,P0010,S005,32,22.0,31.566772371514244,31.566772371514244,0.43322762848575636
2023-12-16,P0019,S003,130,119.0,130.33011638664294,130.33011638664294,-0.33011638664294196
2023-12-16,P0006,S003,189,83.0,189.54987560511134,189.54987560511134,-0.5498756051113389
2023-12-16,P0005,S001,46,187.0,45.58700577479322,45.58700577479322,0.41299422520678064
2023-12-16,P0006,S001,357,43.0,357.09459749296417,357.09459749296417,-0.0945974929641693
2023-12-16,P0019,S002,19,126.0,17.738892256002117,17.738892256002117,1.2611077439978828
2023-12-16,P0017,S002,2,8.0,1.6546233963384007,1.6546233963384007,0.3453766036615993
2023-12-16,P0002,S005,300,363.0,300.9510824634058,300.9510824634058,-0.9510824634057826
2023-12-16,P0013,S001,75,123.0,74.92556746473409,74.92556746473409,0.0744325352659132
2023-12-16,P0009,S003,250,210.0,249.89357177235095,249.89357177235095,0.10642822764904736
2023-12-16,P0012,S003,27,149.0,26.93642757879908,26.93642757879908,0.0635724212009201
2023-12-16,P0004,S004,164,175.0,162.8794757193604,162.8794757193604,1.1205242806395859
2023-12-16,P0019,S004,51,101.0,51.04535878173417,51.04535878173417,-0.04535878173417274
2023-12-16,P0002,S003,53,291.0,52.1935812985157,52.1935812985157,0.8064187014842972
2023-12-16,P0016,S001,221,183.0,220.47188677748855,220.47188677748855,0.5281132225114504
2023-12-16,P0014,S001,51,194.0,51.09569932334086,51.09569932334086,-0.09569932334085962
2023-12-16,P0015,S004,124,214.0,124.71551223735698,124.71551223735698,-0.7155122373569753
2023-12-16,P0008,S003,205,61.0,203.7681470409247,203.7681470409247,1.2318529590752973
2023-12-16,P0015,S005,262,254.0,261.46393758014506,261.46393758014506,0.5360624198549431
2023-12-16,P0006,S004,161,48.0,161.3338394804264,161.3338394804264,-0.33383948042640554
2023-12-16,P0018,S005,251,349.0,250.97866311763065,250.97866311763065,0.02133688236935427
2023-12-16,P0002,S002,106,23.0,105.71835971942872,105.71835971942872,0.2816402805712812
2023-12-16,P0020,S003,271,145.0,270.5664890591744,270.5664890591744,0.43351094082561303
2023-12-16,P0003,S002,106,175.0,106.24449416388006,106.24449416388006,-0.24449416388006284
2023-12-16,P0009,S002,57,239.0,56.23484558457713,56.23484558457713,0.7651544154228702
2023-12-16,P0014,S002,103,277.0,102.18242885230346,102.18242885230346,0.8175711476965404
2023-12-16,P0016,S003,20,141.0,19.62306745417648,19.62306745417648,0.37693254582352154
2023-12-16,P0018,S002,54,6.0,53.43193510181092,53.43193510181092,0.5680648981890783
2023-12-16,P0020,S004,224,272.0,224.93140146105654,224.93140146105654,-0.931401461056538
2023-12-16,P0010,S003,215,54.0,215.2118336124678,215.2118336124678,-0.21183361246781374
2023-12-16,P0007,S005,95,224.0,94.9627752939206,94.9627752939206,0.03722470607939954
2023-12-16,P0013,S002,308,93.0,308.05373390681507,308.05373390681507,-0.05373390681506862
2023-12-16,P0012,S002,47,383.0,47.23591444995642,47.23591444995642,-0.23591444995641808
2023-12-16,P0009,S005,118,175.0,118.18419430464552,118.18419430464552,-0.18419430464551567
2023-12-16,P0010,S004,94,81.0,94.04495998456996,94.04495998456996,-0.044959984569956646
2023-12-16,P0013,S004,66,279.0,65.96352729799911,65.96352729799911,0.03647270200089281
2023-12-16,P0003,S001,200,131.0,199.49830764044106,199.49830764044106,0.5016923595589446
2023-12-16,P0017,S005,9,41.0,8.291916547261355,8.291916547261355,0.708083452738645
2023-12-16,P0018,S001,103,105.0,102.91078821744146,102.91078821744146,0.0892117825585359
2023-12-16,P0011,S005,200,158.0,198.6668426162564,198.6668426162564,1.333157383743611
2023-12-16,P0007,S001,267,141.0,267.7952097926758,267.7952097926758,-0.7952097926757915
2023-12-16,P0009,S004,108,16.0,108.61694096258633,108.61694096258633,-0.6169409625863267
2023-12-16,P0019,S001,87,288.0,86.68259413461337,86.68259413461337,0.3174058653866325
2023-12-16,P0004,S002,75,85.0,74.61930414361099,74.61930414361099,0.3806958563890106
2023-12-16,P0003,S004,64,21.0,63.85354634924399,63.85354634924399,0.14645365075600836
2023-12-16,P0015,S001,246,15.0,246.58238992568917,246.58238992568917,-0.5823899256891707
2023-12-16,P0020,S005,3,280.0,3.340162210344674,3.340162210344674,-0.340162210344674
2023-12-16,P0011,S003,309,224.0,307.1463637228311,307.1463637228311,1.8536362771689028
2023-12-16,P0014,S004,21,54.0,21.167184447628976,21.167184447628976,-0.16718444762897633
2023-12-16,P0017,S004,135,18.0,134.56554242132054,134.56554242132054,0.43445757867945645
2023-12-16,P0007,S002,2,279.0,1.8147116392391307,1.8147116392391307,0.1852883607608693
2023-12-16,P0007,S003,102,15.0,101.55822855454353,101.55822855454353,0.4417714454564674
2023-12-16,P0003,S005,15,35.0,15.117803231514076,15.117803231514076,-0.11780323151407579
2023-12-16,P0006,S005,74,222.0,73.38812879792849,73.38812879792849,0.6118712020715122
2023-12-16,P0004,S001,72,15.0,72.4123216989323,72.4123216989323,-0.41232169893230264
2023-12-16,P0018,S003,242,245.0,240.58174017314013,240.58174017314013,1.4182598268598667
2023-12-16,P0011,S004,196,51.0,196.34471619520417,196.34471619520417,-0.34471619520417107
2023-12-16,P0014,S005,101,76.0,101.21548022321254,101.21548022321254,-0.21548022321253768
2023-12-17,P0015,S003,333,10.0,332.58361085113324,332.58361085113324,0.41638914886675593
2023-12-17,P0018,S002,130,54.0,129.25301605198172,129.25301605198172,0.7469839480182827
2023-12-17,P0017,S001,285,105.0,284.8004798487576,284.8004798487576,0.19952015124238187
2023-12-17,P0012,S004,28,51.0,28.426212865424134,28.426212865424134,-0.4262128654241337
2023-12-17,P0016,S005,225,162.0,225.3314741717086,225.3314741717086,-0.3314741717086065
2023-12-17,P0012,S002,22,47.0,22.267873229304772,22.267873229304772,-0.2678732293047723
2023-12-17,P0020,S002,334,109.0,333.96092017737203,333.96092017737203,0.0390798226279685
2023-12-17,P0014,S005,220,101.0,219.3688847257796,219.3688847257796,0.6311152742204058
2023-12-17,P0017,S004,322,135.0,321.1046396148291,321.1046396148291,0.8953603851708749
2023-12-17,P0007,S002,2,2.0,1.6303357973462664,1.6303357973462664,0.36966420265373356
2023-12-17,P0013,S005,183,80.0,183.16901455770846,183.16901455770846,-0.16901455770846496
2023-12-17,P0005,S002,71,310.0,71.20044783991177,71.20044783991177,-0.2004478399117744
2023-12-17,P0005,S001,289,46.0,287.34087070122905,287.34087070122905,1.6591292987709494
2023-12-17,P0015,S005,221,262.0,222.20746635680146,222.20746635680146,-1.2074663568014614
2023-12-17,P0004,S002,199,75.0,198.82927546626811,198.82927546626811,0.17072453373188523
2023-12-17,P0009,S001,216,152.0,216.50076291644962,216.50076291644962,-0.5007629164496166
2023-12-17,P0003,S001,302,200.0,303.8773238589352,303.8773238589352,-1.877323858935199
2023-12-17,P0006,S004,35,161.0,34.81341571902778,34.81341571902778,0.18658428097221957
2023-12-17,P0007,S003,102,102.0,102.03717634397567,102.03717634397567,-0.037176343975673376
2023-12-17,P0019,S001,283,87.0,283.26354277253233,283.26354277253233,-0.2635427725323325
2023-12-17,P0020,S004,391,224.0,392.18830647908277,392.18830647908277,-1.1883064790827689
2023-12-17,P0004,S003,125,66.0,124.95688990976585,124.95688990976585,0.043110090234151244
2023-12-17,P0014,S001,186,51.0,185.2394300407956,185.2394300407956,0.7605699592043891
2023-12-17,P0010,S005,29,32.0,29.128101537254935,29.128101537254935,-0.12810153725493478
2023-12-17,P0018,S005,98,251.0,97.42664203520631,97.42664203520631,0.5733579647936864
2023-12-17,P0002,S003,294,53.0,295.00441504901715,295.00441504901715,-1.0044150490171546
2023-12-17,P0008,S002,40,55.0,39.206485242067025,39.206485242067025,0.7935147579329751
2023-12-17,P0013,S004,105,66.0,105.1495517393057,105.1495517393057,-0.1495517393057071
2023-12-17,P0017,S003,65,3.0,65.67107068130521,65.67107068130521,-0.6710706813052099
2023-12-17,P0014,S004,57,21.0,57.239249347460245,57.239249347460245,-0.23924934746024462
2023-12-17,P0011,S001,188,176.0,187.9986417601783,187.9986417601783,0.0013582398217124592
2023-12-17,P0008,S003,450,205.0,454.2336093789381,454.2336093789381,-4.233609378938127
2023-12-17,P0020,S003,146,271.0,145.116945054644,145.116945054644,0.8830549453560081
2023-12-17,P0011,S004,46,196.0,46.53145626184802,46.53145626184802,-0.531456261848021
2023-12-17,P0016,S003,49,20.0,48.64039682858677,48.64039682858677,0.3596031714132266
2023-12-17,P0012,S005,158,341.0,158.5388113682213,158.5388113682213,-0.5388113682213032
2023-12-17,P0015,S001,194,246.0,195.01431779690725,195.01431779690725,-1.0143177969072497
2023-12-17,P0010,S001,11,55.0,11.791106864013742,11.791106864013742,-0.7911068640137415
2023-12-17,P0006,S001,44,357.0,43.511389021534306,43.511389021534306,0.4886109784656938
2023-12-17,P0012,S001,235,296.0,234.70496909768676,234.70496909768676,0.29503090231324336
2023-12-17,P0007,S001,349,267.0,349.29542072807794,349.29542072807794,-0.29542072807794284
2023-12-17,P0015,S004,165,124.0,164.6428442284439,164.6428442284439,0.35715577155610845
2023-12-17,P0005,S004,159,49.0,158.58723063598956,158.58723063598956,0.41276936401044395
2023-12-17,P0011,S005,21,200.0,20.3518430768544,20.3518430768544,0.6481569231455993
2023-12-17,P0014,S002,36,103.0,36.953161705311985,36.953161705311985,-0.9531617053119845
2023-12-17,P0011,S003,13,309.0,13.155979477017182,13.155979477017182,-0.15597947701718162
2023-12-17,P0001,S001,55,119.0,55.027729782998186,55.027729782998186,-0.02772978299818618
2023-12-17,P0002,S001,116,11.0,117.00799890264247,117.00799890264247,-1.0079989026424698
2023-12-17,P0002,S002,47,106.0,47.53852922342383,47.53852922342383,-0.5385292234238293
2023-12-17,P0019,S002,153,19.0,154.02204663361462,154.02204663361462,-1.0220466336146217
2023-12-17,P0009,S005,41,118.0,40.45912313617356,40.45912313617356,0.5408768638264405
2023-12-17,P0007,S005,163,95.0,162.07659836767579,162.07659836767579,0.9234016323242145
2023-12-17,P0001,S004,171,49.0,171.01080707253928,171.01080707253928,-0.010807072539279261
2023-12-17,P0020,S001,124,179.0,124.77822804748784,124.77822804748784,-0.7782280474878434
2023-12-17,P0009,S002,370,57.0,367.6270945193562,367.6270945193562,2.3729054806437944
2023-12-17,P0003,S002,146,106.0,145.94126747084255,145.94126747084255,0.05873252915745297
2023-12-17,P0006,S005,85,74.0,83.93995470619103,83.93995470619103,1.0600452938089688
2023-12-17,P0007,S004,79,353.0,78.43940106334279,78.43940106334279,0.5605989366572146
2023-12-17,P0004,S001,67,72.0,66.46468356088387,66.46468356088387,0.53531643911613
2023-12-17,P0015,S002,261,254.0,262.3828198078174,262.3828198078174,-1.3828198078173841
2023-12-17,P0019,S004,211,51.0,211.03179707323795,211.03179707323795,-0.031797073237953555
2023-12-17,P0009,S004,362,108.0,364.8585579154199,364.8585579154199,-2.858557915419908
2023-12-17,P0004,S004,61,164.0,60.98858879574086,60.98858879574086,0.011411204259140106
2023-12-17,P0013,S002,68,308.0,67.90506802768232,67.90506802768232,0.09493197231768136
2023-12-17,P0018,S004,25,162.0,24.235415286320627,24.235415286320627,0.7645847136793726
2023-12-17,P0008,S005,35,184.0,34.57926419695568,34.57926419695568,0.4207358030443231
2023-12-17,P0003,S003,79,268.0,79.45631499866509,79.45631499866509,-0.45631499866509273
2023-12-17,P0011,S002,91,225.0,91.23205710748863,91.23205710748863,-0.23205710748862884
2023-12-17,P0020,S005,165,3.0,164.15724188510094,164.15724188510094,0.8427581148990555
2023-12-17,P0008,S001,31,164.0,31.57426136044974,31.57426136044974,-0.5742613604497393
2023-12-17,P0016,S002,304,214.0,303.60093380010176,303.60093380010176,0.3990661998982432
2023-12-17,P0016,S001,46,221.0,45.55615055995456,45.55615055995456,0.44384944004544025
2023-12-17,P0013,S003,158,212.0,158.7600033093309,158.7600033093309,-0.760003309330898
2023-12-17,P0010,S002,34,52.0,33.484136947345206,33.484136947345206,0.5158630526547938
2023-12-17,P0012,S003,8,27.0,8.012459494746475,8.012459494746475,-0.012459494746474675
2023-12-17,P0016,S004,28,283.0,28.286120427756522,28.286120427756522,-0.28612042775652213
2023-12-17,P0019,S005,247,13.0,245.8931829371017,245.8931829371017,1.1068170628983012
2023-12-17,P0002,S005,56,300.0,56.079201488822086,56.079201488822086,-0.07920148882208622
2023-12-17,P0013,S001,119,75.0,119.92407435140096,119.92407435140096,-0.9240743514009608
2023-12-17,P0001,S003,97,16.0,97.214031380095,97.214031380095,-0.214031380094994
2023-12-17,P0017,S005,142,9.0,142.4961395419032,142.4961395419032,-0.4961395419032044
2023-12-17,P0002,S004,31,103.0,31.079304138347506,31.079304138347506,-0.07930413834750638
2023-12-17,P0004,S005,95,33.0,95.05421791665091,95.05421791665091,-0.05421791665091291
2023-12-17,P0008,S004,148,243.0,147.40339962150497,147.40339962150497,0.596600378495026
2023-12-17,P0006,S003,80,189.0,79.95637755359603,79.95637755359603,0.043622446403972504
2023-12-17,P0018,S001,4,103.0,5.208359898294044,5.208359898294044,-1.2083598982940442
2023-12-17,P0009,S003,40,250.0,40.22776160648505,40.22776160648505,-0.2277616064850534
2023-12-17,P0010,S004,58,94.0,58.78243101637817,58.78243101637817,-0.7824310163781689
2023-12-17,P0017,S002,69,2.0,68.82928524673689,68.82928524673689,0.17071475326311258
2023-12-17,P0003,S005,324,15.0,326.04130463308417,326.04130463308417,-2.0413046330841667
2023-12-17,P0010,S003,172,215.0,171.91671084085615,171.91671084085615,0.08328915914384538
2023-12-17,P0001,S005,48,24.0,48.08549422235569,48.08549422235569,-0.08549422235569182
2023-12-17,P0018,S003,485,242.0,487.16185387852744,487.16185387852744,-2.161853878527438
2023-12-17,P0005,S005,104,206.0,103.96394257079177,103.96394257079177,0.03605742920822763
2023-12-17,P0005,S003,199,77.0,199.3971740284996,199.3971740284996,-0.3971740284995917
2023-12-17,P0006,S002,111,59.0,111.41195105460234,111.41195105460234,-0.4119510546023406
2023-12-17,P0014,S003,199,300.0,198.47822861440335,198.47822861440335,0.5217713855966508
2023-12-17,P0019,S003,473,130.0,473.47662702607835,473.47662702607835,-0.47662702607834717
2023-12-17,P0001,S002,261,163.0,261.06698664942576,261.06698664942576,-0.0669866494257576
2023-12-17,P0003,S004,31,64.0,31.027569645785736,31.027569645785736,-0.02756964578573573
2023-12-18,P0017,S003,113,65.0,112.79113856475837,112.79113856475837,0.20886143524163003
2023-12-18,P0002,S005,445,56.0,444.4726346469489,444.4726346469489,0.5273653530510956
2023-12-18,P0008,S001,111,31.0,110.94671240993432,110.94671240993432,0.05328759006567907
2023-12-18,P0001,S003,1,97.0,0.8912329530154524,0.8912329530154524,0.10876704698454764
2023-12-18,P0002,S001,78,116.0,78.24210198251069,78.24210198251069,-0.2421019825106896
2023-12-18,P0014,S002,21,36.0,21.00438826284983,21.00438826284983,-0.004388262849829516
2023-12-18,P0014,S005,167,220.0,167.38595141019962,167.38595141019962,-0.385951410199624
2023-12-18,P0008,S003,293,450.0,294.4112976685558,294.4112976685558,-1.4112976685557896
2023-12-18,P0005,S004,353,159.0,352.7460540810014,352.7460540810014,0.2539459189986246
2023-12-18,P0006,S001,40,44.0,39.695619915635454,39.695619915635454,0.30438008436454567
2023-12-18,P0015,S001,194,194.0,192.71486696161531,192.71486696161531,1.2851330383846857
2023-12-18,P0018,S004,12,25.0,10.951663283412637,10.951663283412637,1.0483367165873627
2023-12-18,P0004,S005,343,95.0,344.8586051447939,344.8586051447939,-1.8586051447938985
2023-12-18,P0020,S003,97,146.0,97.20469322911383,97.20469322911383,-0.20469322911382903
2023-12-18,P0010,S004,217,58.0,216.13983801130206,216.13983801130206,0.8601619886979393
2023-12-18,P0018,S003,138,485.0,138.1535173375077,138.1535173375077,-0.1535173375077079
2023-12-18,P0012,S005,126,158.0,125.79127003138044,125.79127003138044,0.20872996861956494
2023-12-18,P0011,S004,285,46.0,283.2669080923838,283.2669080923838,1.733091907616199
2023-12-18,P0012,S003,8,8.0,8.341055630094436,8.341055630094436,-0.34105563009443607
2023-12-18,P0003,S002,6,146.0,5.257960827698246,5.257960827698246,0.7420391723017543
2023-12-18,P0006,S005,256,85.0,255.8987860450621,255.8987860450621,0.1012139549378901
2023-12-18,P0009,S005,35,41.0,36.78390242750558,36.78390242750558,-1.7839024275055806
2023-12-18,P0002,S004,103,31.0,102.12266692445829,102.12266692445829,0.8773330755417135
2023-12-18,P0009,S003,272,40.0,271.44637665031934,271.44637665031934,0.5536233496806631
2023-12-18,P0015,S005,6,221.0,5.866118986838268,5.866118986838268,0.13388101316173184
2023-12-18,P0013,S005,191,183.0,190.1367961527734,190.1367961527734,0.8632038472266004
2023-12-18,P0007,S002,100,2.0,100.51407706139193,100.51407706139193,-0.5140770613919301
2023-12-18,P0003,S004,248,31.0,247.20214993318004,247.20214993318004,0.7978500668199615
2023-12-18,P0009,S001,95,216.0,95.55883865214561,95.55883865214561,-0.5588386521456101
2023-12-18,P0003,S001,6,302.0,6.5926330155240604,6.5926330155240604,-0.5926330155240604
2023-12-18,P0017,S002,95,69.0,94.91782585529533,94.91782585529533,0.08217414470466622
2023-12-18,P0006,S002,141,111.0,140.4022070620628,140.4022070620628,0.5977929379371858
2023-12-18,P0006,S003,4,80.0,4.822118532459043,4.822118532459043,-0.8221185324590428
2023-12-18,P0010,S003,180,172.0,180.02551745671647,180.02551745671647,-0.025517456716471543
2023-12-18,P0020,S004,14,391.0,13.228368209747396,13.228368209747396,0.771631790252604
2023-12-18,P0014,S001,133,186.0,132.6011187285248,132.6011187285248,0.39888127147520436
2023-12-18,P0017,S005,288,142.0,289.34009309792475,289.34009309792475,-1.3400930979247505
2023-12-18,P0019,S004,57,211.0,56.82999750866522,56.82999750866522,0.17000249133477752
2023-12-18,P0019,S001,27,283.0,26.8847290005534,26.8847290005534,0.1152709994466008
2023-12-18,P0010,S005,220,29.0,220.92478941030208,220.92478941030208,-0.9247894103020826
2023-12-18,P0004,S004,63,61.0,62.464058080811945,62.464058080811945,0.5359419191880548
2023-12-18,P0013,S001,102,119.0,101.65001429175383,101.65001429175383,0.3499857082461659
2023-12-18,P0007,S005,6,163.0,6.718927207582488,6.718927207582488,-0.718927207582488
2023-12-18,P0001,S002,55,261.0,55.24277514279358,55.24277514279358,-0.24277514279358314
2023-12-18,P0015,S004,57,165.0,56.91824631790612,56.91824631790612,0.08175368209388267
2023-12-18,P0002,S003,80,294.0,79.76075357795618,79.76075357795618,0.23924642204381996
2023-12-18,P0016,S001,284,46.0,284.1214912058441,284.1214912058441,-0.12149120584410866
2023-12-18,P0008,S002,119,40.0,119.39918398673701,119.39918398673701,-0.3991839867370146
2023-12-18,P0019,S002,75,153.0,74.93178996264594,74.93178996264594,0.0682100373540635
2023-12-18,P0005,S001,176,289.0,176.72479164210026,176.72479164210026,-0.7247916421002571
2023-12-18,P0016,S002,46,304.0,45.46994316589641,45.46994316589641,0.5300568341035898
2023-12-18,P0012,S002,66,22.0,66.4630358977992,66.4630358977992,-0.46303589779920173
2023-12-18,P0012,S004,176,28.0,176.1959088765574,176.1959088765574,-0.19590887655741085
2023-12-18,P0009,S002,297,370.0,298.15367061726175,298.15367061726175,-1.1536706172617528
2023-12-18,P0008,S005,145,35.0,144.84125393383107,144.84125393383107,0.1587460661689306
2023-12-18,P0013,S002,216,68.0,216.62313969757165,216.62313969757165,-0.623139697571645
2023-12-18,P0018,S002,284,130.0,284.0118296627056,284.0118296627056,-0.011829662705622468
2023-12-18,P0019,S003,209,473.0,208.9506908630239,208.9506908630239,0.04930913697609185
2023-12-18,P0006,S004,12,35.0,11.5485314253484,11.5485314253484,0.4514685746515994
2023-12-18,P0011,S003,193,13.0,192.3506928023568,192.3506928023568,0.6493071976431963
2023-12-18,P0017,S004,68,322.0,67.63319679767599,67.63319679767599,0.3668032023240073
2023-12-18,P0009,S004,74,362.0,73.89755273362198,73.89755273362198,0.1024472663780216
2023-12-18,P0004,S003,116,125.0,115.87587907843947,115.87587907843947,0.12412092156053234
2023-12-18,P0012,S001,71,235.0,71.28458379367241,71.28458379367241,-0.28458379367241093
2023-12-18,P0010,S002,200,34.0,199.56916723056617,199.56916723056617,0.43083276943383453
2023-12-18,P0007,S004,193,79.0,193.03221702069058,193.03221702069058,-0.032217020690580966
2023-12-18,P0002,S002,59,47.0,59.031588998663736,59.031588998663736,-0.03158899866373588
2023-12-18,P0016,S004,3,28.0,3.3390499559868756,3.3390499559868756,-0.3390499559868756
2023-12-18,P0015,S002,109,261.0,109.88960057073322,109.88960057073322,-0.8896005707332222
2023-12-18,P0011,S005,8,21.0,8.130196359846009,8.130196359846009,-0.13019635984600875
2023-12-18,P0003,S003,69,79.0,69.21309804170238,69.21309804170238,-0.21309804170238067
2023-12-18,P0001,S001,84,55.0,84.46624273289864,84.46624273289864,-0.4662427328986354
2023-12-18,P0005,S002,139,71.0,138.81179205737857,138.81179205737857,0.1882079426214318
2023-12-18,P0017,S001,156,285.0,155.9570783445593,155.9570783445593,0.042921655440693485
2023-12-18,P0020,S001,37,124.0,36.70113161760815,36.70113161760815,0.2988683823918521
2023-12-18,P0011,S002,42,91.0,42.358938642226974,42.358938642226974,-0.358938642226974
2023-12-18,P0019,S005,271,247.0,271.212163384251,271.212163384251,-0.21216338425102776
2023-12-18,P0020,S002,73,334.0,73.58578082759743,73.58578082759743,-0.5857808275974321
2023-12-18,P0016,S005,230,225.0,229.4330068347576,229.4330068347576,0.5669931652423941
2023-12-18,P0015,S003,260,333.0,258.74053900212675,258.74053900212675,1.2594609978732478
2023-12-18,P0008,S004,158,148.0,158.16514852549957,158.16514852549957,-0.16514852549957482
2023-12-18,P0007,S001,66,349.0,66.15669877958966,66.15669877958966,-0.15669877958966083
2023-12-18,P0001,S004,284,171.0,283.213682259249,283.213682259249,0.7863177407509738
2023-12-18,P0013,S003,152,158.0,151.9772774725864,151.9772774725864,0.02272252741360603
2023-12-18,P0010,S001,185,11.0,185.88984673817095,185.88984673817095,-0.8898467381709452
2023-12-18,P0007,S003,50,102.0,49.99785703676371,49.99785703676371,0.0021429632362881534
2023-12-18,P0004,S002,316,199.0,316.5925677786611,316.5925677786611,-0.5925677786610777
2023-12-18,P0018,S005,54,98.0,54.64341057419256,54.64341057419256,-0.6434105741925578
2023-12-18,P0005,S005,152,104.0,152.6429260365853,152.6429260365853,-0.642926036585294
2023-12-18,P0014,S003,6,199.0,6.398755806844548,6.398755806844548,-0.39875580684454803
2023-12-18,P0003,S005,29,324.0,28.972620184759982,28.972620184759982,0.027379815240017535
2023-12-18,P0001,S005,143,48.0,143.28591023605685,143.28591023605685,-0.28591023605684995
2023-12-18,P0018,S001,244,4.0,243.81094170734372,243.81094170734372,0.18905829265628427
2023-12-18,P0014,S004,210,57.0,209.3472728190434,209.3472728190434,0.6527271809565889
2023-12-18,P0011,S001,199,188.0,198.4782891385685,198.4782891385685,0.5217108614315009
2023-12-18,P0005,S003,257,199.0,257.78621049756345,257.78621049756345,-0.7862104975634452
2023-12-18,P0004,S001,177,67.0,176.15438834669058,176.15438834669058,0.8456116533094189
2023-12-18,P0020,S005,113,165.0,113.15458572960192,113.15458572960192,-0.1545857296019193
2023-12-18,P0016,S003,41,49.0,41.828173825474884,41.828173825474884,-0.8281738254748845
2023-12-18,P0013,S004,53,105.0,53.21758597481761,53.21758597481761,-0.21758597481760944
2023-12-19,P0011,S002,90,42.0,90.3191052463616,90.3191052463616,-0.31910524636160176
2023-12-19,P0013,S001,24,102.0,23.139231095138083,23.139231095138083,0.8607689048619172
2023-12-19,P0016,S001,105,284.0,105.41155167341037,105.41155167341037,-0.41155167341037213
2023-12-19,P0010,S003,3,180.0,2.513242756994379,2.513242756994379,0.48675724300562084
2023-12-19,P0020,S002,29,73.0,28.83481111857642,28.83481111857642,0.16518888142357824
2023-12-19,P0005,S005,57,152.0,57.39276072426725,57.39276072426725,-0.39276072426724795
2023-12-19,P0010,S005,145,220.0,144.55448547919784,144.55448547919784,0.44551452080216336
2023-12-19,P0009,S001,291,95.0,291.0940608532151,291.0940608532151,-0.09406085321512592
2023-12-19,P0012,S002,26,66.0,26.93477998296091,26.93477998296091,-0.9347799829609116
2023-12-19,P0018,S002,157,284.0,157.07303309457936,157.07303309457936,-0.07303309457935825
2023-12-19,P0007,S001,13,66.0,13.653879761400148,13.653879761400148,-0.6538797614001481
2023-12-19,P0006,S002,106,141.0,106.60496871062122,106.60496871062122,-0.6049687106212218
2023-12-19,P0011,S004,247,285.0,246.07666462556742,246.07666462556742,0.9233353744325825
2023-12-19,P0013,S003,124,152.0,124.39373302643318,124.39373302643318,-0.393733026433182
2023-12-19,P0016,S002,114,46.0,113.63180257803032,113.63180257803032,0.36819742196968264
2023-12-19,P0006,S003,112,4.0,112.14066847787859,112.14066847787859,-0.1406684778785916
2023-12-19,P0009,S002,139,297.0,139.40729841570604,139.40729841570604,-0.40729841570603753
2023-12-19,P0016,S005,91,230.0,91.13654833099406,91.13654833099406,-0.13654833099406005
2023-12-19,P0015,S003,217,260.0,217.50529868700116,217.50529868700116,-0.505298687001158
2023-12-19,P0005,S001,18,176.0,17.544927393032392,17.544927393032392,0.4550726069676081
2023-12-19,P0001,S003,275,1.0,276.2221459459467,276.2221459459467,-1.2221459459466928
2023-12-19,P0013,S002,56,216.0,55.79456306962076,55.79456306962076,0.2054369303792427
2023-12-19,P0020,S005,253,113.0,254.4342136354019,254.4342136354019,-1.4342136354019033
2023-12-19,P0008,S005,77,145.0,77.51573187081252,77.51573187081252,-0.515731870812516
2023-12-19,P0006,S005,104,256.0,104.29759592195664,104.29759592195664,-0.297595921956642
2023-12-19,P0014,S001,375,133.0,375.6267498392347,375.6267498392347,-0.6267498392347193
2023-12-19,P0020,S004,165,14.0,165.65549034038295,165.65549034038295,-0.6554903403829542
2023-12-19,P0004,S003,237,116.0,235.99845087369602,235.99845087369602,1.0015491263039848
2023-12-19,P0015,S002,81,109.0,81.92656031151284,81.92656031151284,-0.9265603115128442
2023-12-19,P0003,S004,73,248.0,73.03790553340694,73.03790553340694,-0.03790553340694203
2023-12-19,P0017,S005,114,288.0,114.03854268298768,114.03854268298768,-0.03854268298768204
2023-12-19,P0007,S004,62,193.0,62.25256945837142,62.25256945837142,-0.2525694583714184
2023-12-19,P0002,S004,363,103.0,362.65843531787203,362.65843531787203,0.34156468212796653
2023-12-19,P0003,S001,75,6.0,74.4404348528931,74.4404348528931,0.5595651471068948
2023-12-19,P0017,S004,80,68.0,80.27460237505443,80.27460237505443,-0.2746023750544282
2023-12-19,P0010,S002,2,200.0,2.23562983864926,2.23562983864926,-0.23562983864926013
2023-12-19,P0004,S001,27,177.0,26.90550304429295,26.90550304429295,0.09449695570705074
2023-12-19,P0007,S002,141,100.0,140.79625987552294,140.79625987552294,0.2037401244770649
2023-12-19,P0005,S003,64,257.0,64.17302652029542,64.17302652029542,-0.17302652029542287
2023-12-19,P0019,S001,9,27.0,9.378031808178736,9.378031808178736,-0.3780318081787364
2023-12-19,P0017,S002,182,95.0,181.69205216866797,181.69205216866797,0.3079478313320294
2023-12-19,P0010,S001,73,185.0,73.08699468823208,73.08699468823208,-0.08699468823208178
2023-12-19,P0013,S005,317,191.0,316.4404453300533,316.4404453300533,0.5595546699466922
2023-12-19,P0004,S004,40,63.0,39.90571016601482,39.90571016601482,0.09428983398517943
2023-12-19,P0005,S002,294,139.0,292.7798933940114,292.7798933940114,1.2201066059885761
2023-12-19,P0007,S003,114,50.0,113.73798478288936,113.73798478288936,0.262015217110644
2023-12-19,P0014,S003,153,6.0,153.57730714006595,153.57730714006595,-0.5773071400659546
2023-12-19,P0019,S004,36,57.0,37.007403761388105,37.007403761388105,-1.0074037613881046
2023-12-19,P0017,S001,34,156.0,34.72923677770198,34.72923677770198,-0.7292367777019777
2023-12-19,P0006,S004,68,12.0,68.47406328614478,68.47406328614478,-0.47406328614478355
2023-12-19,P0009,S003,163,272.0,162.25831314443388,162.25831314443388,0.7416868555661154
2023-12-19,P0012,S003,125,8.0,125.36434374213256,125.36434374213256,-0.3643437421325615
2023-12-19,P0001,S001,242,84.0,241.79972404306312,241.79972404306312,0.20027595693687772
2023-12-19,P0019,S002,337,75.0,335.91203563276383,335.91203563276383,1.087964367236168
2023-12-19,P0011,S005,28,8.0,28.60014327225398,28.60014327225398,-0.6001432722539803
2023-12-19,P0018,S005,29,54.0,28.4537762213676,28.4537762213676,0.5462237786323989
2023-12-19,P0014,S002,295,21.0,294.058945942233,294.058945942233,0.941054057767019
2023-12-19,P0018,S004,265,12.0,264.539714158526,264.539714158526,0.4602858414739899
2023-12-19,P0002,S002,21,59.0,21.226531559748203,21.226531559748203,-0.22653155974820294
2023-12-19,P0004,S005,237,343.0,236.32866150714253,236.32866150714253,0.6713384928574726
2023-12-19,P0003,S002,145,6.0,145.60347862454003,145.60347862454003,-0.6034786245400312
2023-12-19,P0012,S005,63,126.0,63.152362401676335,63.152362401676335,-0.15236240167633497
2023-12-19,P0014,S005,268,167.0,267.49676705962736,267.49676705962736,0.5032329403726408
2023-12-19,P0006,S001,139,40.0,138.37643840754615,138.37643840754615,0.6235615924538536
2023-12-19,P0015,S001,48,194.0,46.88089449317679,46.88089449317679,1.1191055068232103
2023-12-19,P0012,S001,51,71.0,50.797689831904705,50.797689831904705,0.20231016809529478
2023-12-19,P0018,S003,114,138.0,114.7954564064265,114.7954564064265,-0.7954564064264957
2023-12-19,P0016,S003,88,41.0,87.86518903026744,87.86518903026744,0.13481096973255546
2023-12-19,P0001,S005,22,143.0,20.75932329371986,20.75932329371986,1.2406767062801407
2023-12-19,P0020,S003,274,97.0,275.5005758165191,275.5005758165191,-1.5005758165190741
2023-12-19,P0010,S004,91,217.0,91.01916022678178,91.01916022678178,-0.019160226781778533
2023-12-19,P0011,S001,38,199.0,37.71890392217714,37.71890392217714,0.28109607782285906
2023-12-19,P0008,S003,134,293.0,134.2172168257071,134.2172168257071,-0.2172168257071121
2023-12-19,P0003,S005,4,29.0,4.076834249167746,4.076834249167746,-0.07683424916774584
2023-12-19,P0018,S001,50,244.0,49.211274820227246,49.211274820227246,0.7887251797727544
2023-12-19,P0002,S001,80,78.0,80.69333315867759,80.69333315867759,-0.6933331586775893
2023-12-19,P0017,S003,152,113.0,152.01629750856637,152.01629750856637,-0.01629750856636747
2023-12-19,P0014,S004,191,210.0,190.47625890333447,190.47625890333447,0.5237410966655318
2023-12-19,P0013,S004,22,53.0,21.789770702347678,21.789770702347678,0.21022929765232234
2023-12-19,P0009,S004,245,74.0,244.3315327781479,244.3315327781479,0.6684672218520973
2023-12-19,P0004,S002,105,316.0,105.27888995500194,105.27888995500194,-0.2788899550019437
2023-12-19,P0003,S003,122,69.0,122.8741665637559,122.8741665637559,-0.8741665637559066
2023-12-19,P0015,S005,147,6.0,146.3526883825238,146.3526883825238,0.6473116174761913
2023-12-19,P0009,S005,26,35.0,26.021233774841555,26.021233774841555,-0.021233774841554975
2023-12-19,P0008,S001,9,111.0,9.119012439235153,9.119012439235153,-0.11901243923515281
2023-12-19,P0008,S004,166,158.0,165.49129261198877,165.49129261198877,0.5087073880112314
2023-12-19,P0001,S002,110,55.0,110.09107792245351,110.09107792245351,-0.09107792245350765
2023-12-19,P0016,S004,47,3.0,46.852782325257074,46.852782325257074,0.1472176747429259
2023-12-19,P0002,S005,23,445.0,21.460337592503464,21.460337592503464,1.539662407496536
2023-12-19,P0015,S004,222,57.0,222.6684413236809,222.6684413236809,-0.668441323680895
2023-12-19,P0012,S004,59,176.0,58.51858309598707,58.51858309598707,0.48141690401293147
2023-12-19,P0019,S005,139,271.0,138.25267275513605,138.25267275513605,0.7473272448639534
2023-12-19,P0005,S004,99,353.0,98.79740424708397,98.79740424708397,0.20259575291602516
2023-12-19,P0007,S005,95,6.0,94.08347276226228,94.08347276226228,0.9165272377377249
2023-12-19,P0011,S003,82,193.0,82.34689831954763,82.34689831954763,-0.34689831954763406
2023-12-19,P0020,S001,82,37.0,81.93766803374247,81.93766803374247,0.062331966257531235
2023-12-19,P0019,S003,123,209.0,122.96457371917731,122.96457371917731,0.035426280822690615
2023-12-19,P0001,S004,40,284.0,40.45774163460548,40.45774163460548,-0.4577416346054832
2023-12-19,P0002,S003,18,80.0,17.946342540784983,17.946342540784983,0.05365745921501741
2023-12-19,P0008,S002,29,119.0,28.833902807845625,28.833902807845625,0.1660971921543748
2023-12-20,P0006,S002,75,106.0,75.1146042260783,75.1146042260783,-0.11460422607829912
2023-12-20,P0005,S005,102,57.0,101.35897352303601,101.35897352303601,0.6410264769639866
2023-12-20,P0016,S004,56,47.0,55.46766249875054,55.46766249875054,0.532337501249458
2023-12-20,P0007,S001,371,13.0,370.87732684890307,370.87732684890307,0.122673151096933
2023-12-20,P0003,S005,61,4.0,60.28948458423782,60.28948458423782,0.7105154157621811
2023-12-20,P0005,S003,34,64.0,34.55767480201729,34.55767480201729,-0.5576748020172886
2023-12-20,P0001,S005,128,22.0,127.40982396102525,127.40982396102525,0.5901760389747466
2023-12-20,P0003,S004,415,73.0,419.58096086397046,419.58096086397046,-4.580960863970461
2023-12-20,P0010,S004,205,91.0,205.73038565925614,205.73038565925614,-0.7303856592561431
2023-12-20,P0019,S003,110,123.0,110.57409553955095,110.57409553955095,-0.574095539550953
2023-12-20,P0016,S001,281,105.0,281.1738163017875,281.1738163017875,-0.17381630178749674
2023-12-20,P0015,S005,135,147.0,135.8123183037744,135.8123183037744,-0.81231830377439
2023-12-20,P0008,S005,23,77.0,23.647666214812894,23.647666214812894,-0.6476662148128938
2023-12-20,P0011,S002,204,90.0,203.0815034441837,203.0815034441837,0.9184965558162901
2023-12-20,P0009,S001,271,291.0,271.2541454136667,271.2541454136667,-0.25414541366671983
2023-12-20,P0009,S004,32,245.0,31.929925757702204,31.929925757702204,0.07007424229779602
2023-12-20,P0018,S003,239,114.0,238.08220801936352,238.08220801936352,0.9177919806364798
2023-12-20,P0013,S003,31,124.0,31.864842022448105,31.864842022448105,-0.864842022448105
2023-12-20,P0004,S002,163,105.0,162.4332872045649,162.4332872045649,0.5667127954351088
2023-12-20,P0004,S004,152,40.0,153.39551113039707,153.39551113039707,-1.3955111303970682
2023-12-20,P0017,S004,173,80.0,172.2497541106062,172.2497541106062,0.7502458893937956
2023-12-20,P0010,S001,202,73.0,202.2776041208152,202.2776041208152,-0.27760412081519803
2023-12-20,P0016,S002,14,114.0,14.6415968210618,14.6415968210618,-0.6415968210617997
2023-12-20,P0008,S004,92,166.0,92.5773395691389,92.5773395691389,-0.5773395691388998
2023-12-20,P0002,S004,1,363.0,1.2317246632591676,1.2317246632591676,-0.23172466325916763
2023-12-20,P0005,S004,232,99.0,231.17459502828808,231.17459502828808,0.8254049717119187
2023-12-20,P0018,S004,34,265.0,33.66820513083502,33.66820513083502,0.33179486916498035
2023-12-20,P0004,S005,119,237.0,119.43168225648674,119.43168225648674,-0.43168225648673797
2023-12-20,P0019,S004,73,36.0,72.9497274382303,72.9497274382303,0.050272561769702406
2023-12-20,P0001,S003,65,275.0,65.24167123835768,65.24167123835768,-0.24167123835768223
2023-12-20,P0003,S003,80,122.0,80.21853466886195,80.21853466886195,-0.21853466886194894
2023-12-20,P0012,S003,4,125.0,3.7763827084062926,3.7763827084062926,0.22361729159370736
2023-12-20,P0014,S005,13,268.0,13.695343034999242,13.695343034999242,-0.695343034999242
2023-12-20,P0002,S001,139,80.0,138.97229519447535,138.97229519447535,0.0277048055246496
2023-12-20,P0002,S005,336,23.0,334.2599597786784,334.2599597786784,1.7400402213215784
2023-12-20,P0015,S002,322,81.0,323.0673714580182,323.0673714580182,-1.067371458018215
2023-12-20,P0008,S001,240,9.0,240.01208417659,240.01208417659,-0.012084176590008155
2023-12-20,P0019,S005,96,139.0,96.14292479999033,96.14292479999033,-0.14292479999032537
2023-12-20,P0007,S004,96,62.0,95.27221289920578,95.27221289920578,0.7277871007942167
2023-12-20,P0011,S004,100,247.0,99.54097086288935,99.54097086288935,0.4590291371106474
2023-12-20,P0012,S001,44,51.0,44.36492464595635,44.36492464595635,-0.36492464595635
2023-12-20,P0019,S002,228,337.0,227.7258725745624,227.7258725745624,0.27412742543759805
2023-12-20,P0013,S002,12,56.0,12.32054013339332,12.32054013339332,-0.32054013339332066
2023-12-20,P0006,S001,186,139.0,186.61445307778453,186.61445307778453,-0.6144530777845318
2023-12-20,P0018,S002,360,157.0,362.6149158053723,362.6149158053723,-2.614915805372277
2023-12-20,P0010,S005,204,145.0,204.75623217722804,204.75623217722804,-0.7562321772280427
2023-12-20,P0013,S001,33,24.0,32.929149598578306,32.929149598578306,0.07085040142169419
2023-12-20,P0015,S003,32,217.0,32.14819273403629,32.14819273403629,-0.14819273403629296
2023-12-20,P0012,S002,80,26.0,79.06055754750538,79.06055754750538,0.9394424524946174
2023-12-20,P0016,S005,252,91.0,252.38686896386446,252.38686896386446,-0.38686896386445824
2023-12-20,P0004,S001,226,27.0,226.4219080603303,226.4219080603303,-0.4219080603303098
2023-12-20,P0005,S001,347,18.0,348.8710848787562,348.8710848787562,-1.8710848787562213
2023-12-20,P0002,S003,321,18.0,322.57427365318847,322.57427365318847,-1.5742736531884702
2023-12-20,P0009,S003,262,163.0,262.96815997263616,262.96815997263616,-0.9681599726361583
2023-12-20,P0020,S002,106,29.0,105.4596981520091,105.4596981520091,0.5403018479909036
2023-12-20,P0012,S004,10,59.0,9.021792486259216,9.021792486259216,0.9782075137407844
2023-12-20,P0015,S004,84,222.0,84.4534992700539,84.4534992700539,-0.45349927005389645
2023-12-20,P0001,S004,3,40.0,2.8792397407043167,2.8792397407043167,0.12076025929568335
2023-12-20,P0009,S005,33,26.0,35.11192436472772,35.11192436472772,-2.11192436472772
2023-12-20,P0008,S002,99,29.0,99.44385467865867,99.44385467865867,-0.443854678658667
2023-12-20,P0003,S002,255,145.0,254.15157818808453,254.15157818808453,0.8484218119154718
2023-12-20,P0018,S005,97,29.0,97.26597608287287,97.26597608287287,-0.2659760828728679
2023-12-20,P0007,S005,300,95.0,300.93308318526726,300.93308318526726,-0.9330831852672645
2023-12-20,P0002,S002,125,21.0,124.55007509291082,124.55007509291082,0.44992490708918353
2023-12-20,P0001,S002,1,110.0,0.4766301784710844,0.4766301784710844,0.5233698215289155
2023-12-20,P0011,S003,93,82.0,92.32392198903106,92.32392198903106,0.6760780109689364
2023-12-20,P0015,S001,402,48.0,403.62654063580345,403.62654063580345,-1.626540635803451
2023-12-20,P0014,S002,315,295.0,316.405270761668,316.405270761668,-1.405270761668021
2023-12-20,P0001,S001,136,242.0,136.7333031100238,136.7333031100238,-0.7333031100237974
2023-12-20,P0020,S001,21,82.0,21.7864666331648,21.7864666331648,-0.7864666331647996
2023-12-20,P0012,S005,118,63.0,117.7592945921454,117.7592945921454,0.24070540785460537
2023-12-20,P0009,S002,356,139.0,357.72379957042193,357.72379957042193,-1.7237995704219315
2023-12-20,P0011,S005,97,28.0,97.39574265549601,97.39574265549601,-0.39574265549600796
2023-12-20,P0016,S003,99,88.0,98.77993270320094,98.77993270320094,0.22006729679905845
2023-12-20,P0018,S001,63,50.0,63.64418000923914,63.64418000923914,-0.6441800092391432
2023-12-20,P0007,S002,290,141.0,291.43205575905625,291.43205575905625,-1.4320557590562544
2023-12-20,P0019,S001,340,9.0,339.0235309842335,339.0235309842335,0.9764690157664973
2023-12-20,P0017,S003,144,152.0,143.387478644247,143.387478644247,0.6125213557529889
2023-12-20,P0020,S004,369,165.0,370.7708840139676,370.7708840139676,-1.7708840139675885
2023-12-20,P0008,S003,243,134.0,241.94632831575328,241.94632831575328,1.0536716842467229
2023-12-20,P0011,S001,40,38.0,40.78514144108788,40.78514144108788,-0.7851414410878803
2023-12-20,P0006,S005,252,104.0,251.66224097140014,251.66224097140014,0.3377590285998622
2023-12-20,P0005,S002,12,294.0,12.514454772476368,12.514454772476368,-0.514454772476368
2023-12-20,P0007,S003,55,114.0,54.77276103281728,54.77276103281728,0.2272389671827213
2023-12-20,P0010,S003,167,3.0,167.7252006695185,167.7252006695185,-0.7252006695185003
2023-12-20,P0014,S003,96,153.0,96.40626023343992,96.40626023343992,-0.406260233439923
2023-12-20,P0006,S003,24,112.0,23.418462280440654,23.418462280440654,0.5815377195593463
2023-12-20,P0004,S003,27,237.0,26.475219550084123,26.475219550084123,0.5247804499158768
2023-12-20,P0006,S004,168,68.0,168.61337365425257,168.61337365425257,-0.6133736542525696
2023-12-20,P0003,S001,62,75.0,62.16920589091835,62.16920589091835,-0.1692058909183487
2023-12-20,P0020,S003,205,274.0,204.41113533382247,204.41113533382247,0.5888646661775283
2023-12-20,P0017,S005,97,114.0,96.46889527185927,96.46889527185927,0.5311047281407326
2023-12-20,P0010,S002,245,2.0,244.86989464341298,244.86989464341298,0.13010535658702338
2023-12-20,P0017,S002,223,182.0,223.07639018502286,223.07639018502286,-0.07639018502285921
2023-12-20,P0013,S004,242,22.0,241.11686721777832,241.11686721777832,0.8831327822216792
2023-12-20,P0014,S004,146,191.0,144.96201370873547,144.96201370873547,1.0379862912645308
2023-12-20,P0013,S005,35,317.0,35.73485857823595,35.73485857823595,-0.7348585782359507
2023-12-20,P0017,S001,124,34.0,124.86899047272023,124.86899047272023,-0.8689904727202276
2023-12-20,P0020,S005,91,253.0,91.10754425518775,91.10754425518775,-0.10754425518774724
2023-12-20,P0014,S001,349,375.0,349.4426117231069,349.4426117231069,-0.4426117231068929
2023-12-21,P0019,S002,62,228.0,61.75170387235289,61.75170387235289,0.24829612764710873
2023-12-21,P0013,S004,44,242.0,43.591424201640365,43.591424201640365,0.4085757983596352
2023-12-21,P0009,S002,175,356.0,175.8182884183811,175.8182884183811,-0.818288418381087
2023-12-21,P0018,S003,126,239.0,126.66036636863176,126.66036636863176,-0.660366368631756
2023-12-21,P0008,S003,43,243.0,43.324006971586044,43.324006971586044,-0.3240069715860443
2023-12-21,P0008,S004,229,92.0,229.5734170749297,229.5734170749297,-0.5734170749296936
2023-12-21,P0016,S003,7,99.0,7.708642625625468,7.708642625625468,-0.7086426256254681
2023-12-21,P0006,S001,345,186.0,346.33029465393196,346.33029465393196,-1.3302946539319578
2023-12-21,P0002,S001,242,139.0,241.84973002986322,241.84973002986322,0.150269970136776
2023-12-21,P0009,S004,165,32.0,164.6941911954001,164.6941911954001,0.30580880459990567
2023-12-21,P0002,S002,75,125.0,74.915615978425,74.915615978425,0.08438402157500491
2023-12-21,P0012,S005,2,118.0,2.1175808322009817,2.1175808322009817,-0.1175808322009817
2023-12-21,P0020,S004,7,369.0,7.782251583369739,7.782251583369739,-0.7822515833697388
2023-12-21,P0015,S001,53,402.0,52.56847904199826,52.56847904199826,0.43152095800174095
2023-12-21,P0004,S001,31,226.0,31.24797612497956,31.24797612497956,-0.24797612497955868
2023-12-21,P0010,S003,15,167.0,14.417244345251735,14.417244345251735,0.5827556547482651
2023-12-21,P0009,S001,230,271.0,230.4247362690813,230.4247362690813,-0.4247362690813077
2023-12-21,P0005,S005,135,102.0,135.76606507329663,135.76606507329663,-0.7660650732966303
2023-12-21,P0005,S003,25,34.0,24.71133299557052,24.71133299557052,0.288667004429481
2023-12-21,P0005,S002,57,12.0,56.23484558457713,56.23484558457713,0.7651544154228702
2023-12-21,P0007,S002,319,290.0,319.613357130839,319.613357130839,-0.613357130839006
2023-12-21,P0016,S002,315,14.0,314.91354849148854,314.91354849148854,0.086451508511459
2023-12-21,P0019,S001,14,340.0,13.617631883585002,13.617631883585002,0.3823681164149981
2023-12-21,P0006,S002,121,75.0,120.9917538334497,120.9917538334497,0.00824616655029331
2023-12-21,P0013,S005,6,35.0,6.001458701212226,6.001458701212226,-0.0014587012122255771
2023-12-21,P0002,S004,96,1.0,96.3516654396592,96.3516654396592,-0.3516654396592003
2023-12-21,P0010,S002,6,245.0,5.9870251128701,5.9870251128701,0.012974887129900026
2023-12-21,P0004,S005,28,119.0,28.22640170435369,28.22640170435369,-0.226401704353691
2023-12-21,P0010,S001,293,202.0,294.58489532073395,294.58489532073395,-1.5848953207339491
2023-12-21,P0011,S004,101,100.0,99.73714593818774,99.73714593818774,1.2628540618122628
2023-12-21,P0013,S002,222,12.0,221.68615838271475,221.68615838271475,0.31384161728524873
2023-12-21,P0018,S002,189,360.0,189.53852518360432,189.53852518360432,-0.538525183604321
2023-12-21,P0005,S001,217,347.0,216.66182935250418,216.66182935250418,0.33817064749581505
2023-12-21,P0002,S003,82,321.0,82.30188988687074,82.30188988687074,-0.3018898868707396
2023-12-21,P0012,S004,84,10.0,84.05565092724363,84.05565092724363,-0.055650927243632964
2023-12-21,P0016,S004,132,56.0,131.4123021291058,131.4123021291058,0.5876978708942033
2023-12-21,P0008,S001,252,240.0,250.6472761913449,250.6472761913449,1.3527238086550994
2023-12-21,P0008,S002,329,99.0,329.1255720166309,329.1255720166309,-0.12557201663088335
2023-12-21,P0018,S005,70,97.0,70.62057908377759,70.62057908377759,-0.6205790837775851
2023-12-21,P0016,S005,337,252.0,334.77838825559655,334.77838825559655,2.2216117444034467
2023-12-21,P0001,S002,151,1.0,150.5844219243618,150.5844219243618,0.4155780756381944
2023-12-21,P0013,S003,142,31.0,140.72087775325724,140.72087775325724,1.2791222467427588
2023-12-21,P0007,S001,135,371.0,134.8288307741672,134.8288307741672,0.1711692258328128
2023-12-21,P0002,S005,42,336.0,42.36773105560994,42.36773105560994,-0.36773105560993713
2023-12-21,P0006,S005,76,252.0,76.06073796304048,76.06073796304048,-0.060737963040480736
2023-12-21,P0017,S005,18,97.0,17.250898531211973,17.250898531211973,0.7491014687880266
2023-12-21,P0015,S003,132,32.0,132.13059935607387,132.13059935607387,-0.13059935607387274
2023-12-21,P0003,S001,37,62.0,36.95578091286535,36.95578091286535,0.044219087134649726
2023-12-21,P0020,S002,64,106.0,64.2091430059299,64.2091430059299,-0.20914300592990287
2023-12-21,P0014,S001,3,349.0,3.156830725976025,3.156830725976025,-0.15683072597602488
2023-12-21,P0017,S001,276,124.0,275.3361421745257,275.3361421745257,0.6638578254742811
2023-12-21,P0007,S004,11,96.0,10.230199037684573,10.230199037684573,0.7698009623154274
2023-12-21,P0004,S003,191,27.0,190.60496121303507,190.60496121303507,0.3950387869649319
2023-12-21,P0007,S003,45,55.0,44.84634207586602,44.84634207586602,0.15365792413398083
2023-12-21,P0006,S003,179,24.0,179.28111356542576,179.28111356542576,-0.2811135654257555
2023-12-21,P0014,S003,227,96.0,227.29296937091286,227.29296937091286,-0.29296937091285713
2023-12-21,P0015,S005,181,135.0,180.48395403031046,180.48395403031046,0.516045969689543
2023-12-21,P0008,S005,22,23.0,21.011173373892433,21.011173373892433,0.9888266261075671
2023-12-21,P0003,S004,111,415.0,110.15921042367457,110.15921042367457,0.8407895763254345
2023-12-21,P0019,S004,44,73.0,44.37129958659776,44.37129958659776,-0.3712995865977575
2023-12-21,P0015,S002,128,322.0,128.37143776451066,128.37143776451066,-0.37143776451065946
2023-12-21,P0004,S004,10,152.0,9.054705106709545,9.054705106709545,0.9452948932904555
2023-12-21,P0017,S002,83,223.0,82.429065974166,82.429065974166,0.5709340258340063
2023-12-21,P0011,S002,48,204.0,47.65005253582765,47.65005253582765,0.34994746417235234
2023-12-21,P0011,S005,211,97.0,211.29049900396262,211.29049900396262,-0.29049900396262274
2023-12-21,P0001,S001,174,136.0,174.43204726898344,174.43204726898344,-0.4320472689834389
2023-12-21,P0003,S002,263,255.0,262.93075438368226,262.93075438368226,0.06924561631774395
2023-12-21,P0011,S003,265,93.0,265.5330256073712,265.5330256073712,-0.5330256073712007
2023-12-21,P0007,S005,13,300.0,13.164550691114068,13.164550691114068,-0.1645506911140675
2023-12-21,P0018,S001,49,63.0,49.46649700408483,49.46649700408483,-0.46649700408482886
2023-12-21,P0020,S003,231,205.0,230.13869638051654,230.13869638051654,0.8613036194834649
2023-12-21,P0015,S004,116,84.0,115.12367720519384,115.12367720519384,0.8763227948061569
2023-12-21,P0017,S003,46,144.0,46.184323457278595,46.184323457278595,-0.18432345727859456
2023-12-21,P0014,S004,45,146.0,45.173981621986776,45.173981621986776,-0.17398162198677625
2023-12-21,P0006,S004,49,168.0,48.748966726435945,48.748966726435945,0.2510332735640546
2023-12-21,P0009,S005,76,33.0,76.82215604315851,76.82215604315851,-0.8221560431585146
2023-12-21,P0011,S001,277,40.0,276.2981932234275,276.2981932234275,0.7018067765724822
2023-12-21,P0001,S004,65,3.0,65.25459394353769,65.25459394353769,-0.25459394353768516
2023-12-21,P0012,S001,68,44.0,68.52385865699226,68.52385865699226,-0.5238586569922603
2023-12-21,P0009,S003,19,262.0,19.44904067690789,19.44904067690789,-0.4490406769078916
2023-12-21,P0012,S002,461,80.0,466.13699133333296,466.13699133333296,-5.136991333332958
2023-12-21,P0013,S001,5,33.0,5.071159540769264,5.071159540769264,-0.07115954076926378
2023-12-21,P0020,S001,315,21.0,313.9198723134871,313.9198723134871,1.080127686512924
2023-12-21,P0010,S005,1,204.0,0.8881463000457078,0.8881463000457078,0.11185369995429217
2023-12-21,P0001,S003,52,65.0,51.05372495912229,51.05372495912229,0.9462750408777083
2023-12-21,P0014,S002,142,315.0,141.18425189629207,141.18425189629207,0.8157481037079322
2023-12-21,P0019,S005,75,96.0,74.92619415931877,74.92619415931877,0.07380584068123142
2023-12-21,P0017,S004,20,173.0,20.561168539775743,20.561168539775743,-0.5611685397757427
2023-12-21,P0014,S005,77,13.0,76.64436592402708,76.64436592402708,0.3556340759729153
2023-12-21,P0004,S002,128,163.0,127.20221102615965,127.20221102615965,0.7977889738403547
2023-12-21,P0010,S004,11,205.0,10.488393781397974,10.488393781397974,0.5116062186020258
2023-12-21,P0005,S004,149,232.0,149.2261026211298,149.2261026211298,-0.2261026211297974
2023-12-21,P0001,S005,192,128.0,191.9194075944829,191.9194075944829,0.080592405517109
2023-12-21,P0003,S003,279,80.0,278.3672021732204,278.3672021732204,0.6327978267796084
2023-12-21,P0016,S001,22,281.0,21.936308087030824,21.936308087030824,0.0636919129691762
2023-12-21,P0003,S005,56,61.0,55.62275033645273,55.62275033645273,0.37724966354726774
2023-12-21,P0020,S005,160,91.0,158.57383629724566,158.57383629724566,1.4261637027543372
2023-12-21,P0012,S003,336,4.0,334.4749316731227,334.4749316731227,1.5250683268773173
2023-12-21,P0018,S004,127,34.0,127.18331139342176,127.18331139342176,-0.18331139342176073
2023-12-21,P0019,S003,80,110.0,79.58577932484071,79.58577932484071,0.4142206751592852
2023-12-22,P0001,S005,76,192.0,75.87158078453707,75.87158078453707,0.12841921546292667
2023-12-22,P0002,S002,50,75.0,50.38017607438235,50.38017607438235,-0.3801760743823479
2023-12-22,P0011,S003,198,265.0,197.87414773311943,197.87414773311943,0.12585226688057105
2023-12-22,P0013,S001,158,5.0,158.62204114430628,158.62204114430628,-0.6220411443062801
2023-12-22,P0018,S003,2,126.0,2.4522099799408745,2.4522099799408745,-0.45220997994087453
2023-12-22,P0009,S003,34,19.0,34.80931082659673,34.80931082659673,-0.8093108265967288
2023-12-22,P0005,S001,188,217.0,188.6363558336057,188.6363558336057,-0.6363558336057054
2023-12-22,P0016,S005,131,337.0,130.7737638519449,130.7737638519449,0.22623614805510783
2023-12-22,P0011,S001,264,277.0,265.1103985149036,265.1103985149036,-1.1103985149035793
2023-12-22,P0013,S002,225,222.0,225.41062309640543,225.41062309640543,-0.4106230964054305
2023-12-22,P0019,S003,114,80.0,114.28674500129107,114.28674500129107,-0.2867450012910666
2023-12-22,P0012,S002,71,461.0,70.50970507264171,70.50970507264171,0.49029492735829194
2023-12-22,P0018,S004,129,127.0,129.17917259352393,129.17917259352393,-0.1791725935239299
2023-12-22,P0010,S005,76,1.0,76.03500344139827,76.03500344139827,-0.03500344139827405
2023-12-22,P0004,S001,153,31.0,152.88497915069766,152.88497915069766,0.11502084930233991
2023-12-22,P0001,S001,119,174.0,119.02729984988865,119.02729984988865,-0.02729984988864942
2023-12-22,P0018,S002,112,189.0,111.80979439426717,111.80979439426717,0.19020560573282808
2023-12-22,P0018,S005,293,70.0,293.90787403812556,293.90787403812556,-0.9078740381255557
2023-12-22,P0007,S004,217,11.0,216.9182820960488,216.9182820960488,0.08171790395118705
2023-12-22,P0011,S005,110,211.0,110.79943024100427,110.79943024100427,-0.7994302410042735
2023-12-22,P0011,S004,158,101.0,157.29611848794468,157.29611848794468,0.7038815120553181
2023-12-22,P0008,S003,230,43.0,230.71606254399472,230.71606254399472,-0.7160625439947239
2023-12-22,P0003,S003,215,279.0,213.95166094836162,213.95166094836162,1.0483390516383793
2023-12-22,P0012,S001,6,68.0,6.352942239107568,6.352942239107568,-0.35294223910756806
2023-12-22,P0002,S003,33,82.0,32.1956943597057,32.1956943597057,0.8043056402943023
2023-12-22,P0020,S001,138,315.0,137.68151263547145,137.68151263547145,0.31848736452855064
2023-12-22,P0019,S002,80,62.0,80.06949995456237,80.06949995456237,-0.06949995456237446
2023-12-22,P0012,S005,72,2.0,72.49293357519535,72.49293357519535,-0.49293357519535164
2023-12-22,P0017,S003,209,46.0,209.1340691353844,209.1340691353844,-0.1340691353844079
2023-12-22,P0012,S003,102,336.0,101.27926919967267,101.27926919967267,0.7207308003273312
2023-12-22,P0003,S002,58,263.0,57.90203654368999,57.90203654368999,0.09796345631001202
2023-12-22,P0006,S001,86,345.0,85.67364953557299,85.67364953557299,0.32635046442700855
2023-12-22,P0001,S002,301,151.0,300.97208742024407,300.97208742024407,0.02791257975593453
2023-12-22,P0001,S004,191,65.0,191.7762584917759,191.7762584917759,-0.7762584917759057
2023-12-22,P0004,S002,88,128.0,87.6375983644354,87.6375983644354,0.3624016355645949
2023-12-22,P0007,S005,15,13.0,15.067189628892084,15.067189628892084,-0.06718962889208413
2023-12-22,P0018,S001,18,49.0,18.843686996907323,18.843686996907323,-0.8436869969073229
2023-12-22,P0016,S001,431,22.0,429.53997818951905,429.53997818951905,1.4600218104809528
2023-12-22,P0005,S004,28,149.0,27.074328226343372,27.074328226343372,0.925671773656628
2023-12-22,P0020,S003,65,231.0,65.14971676960528,65.14971676960528,-0.14971676960527702
2023-12-22,P0008,S002,320,329.0,321.2338786137499,321.2338786137499,-1.23387861374988
2023-12-22,P0014,S004,169,45.0,169.01142237173417,169.01142237173417,-0.011422371734170156
2023-12-22,P0014,S002,138,142.0,137.8292774864799,137.8292774864799,0.17072251352010426
2023-12-22,P0012,S004,354,84.0,353.0379592777281,353.0379592777281,0.9620407222719223
2023-12-22,P0015,S004,142,116.0,141.64532430934753,141.64532430934753,0.3546756906524706
2023-12-22,P0013,S004,5,44.0,5.441915536301641,5.441915536301641,-0.44191553630164115
2023-12-22,P0010,S004,115,11.0,115.22783974770181,115.22783974770181,-0.22783974770180748
2023-12-22,P0017,S004,9,20.0,9.76825899889981,9.76825899889981,-0.7682589988998103
2023-12-22,P0006,S004,252,49.0,250.26124497747554,250.26124497747554,1.7387550225244581
2023-12-22,P0015,S001,47,53.0,46.732670815185905,46.732670815185905,0.26732918481409484
2023-12-22,P0009,S005,148,76.0,147.98045954940594,147.98045954940594,0.019540450594064396
2023-12-22,P0009,S002,160,175.0,158.66565004618982,158.66565004618982,1.3343499538101753
2023-12-22,P0009,S004,37,165.0,36.996025279448205,36.996025279448205,0.003974720551795485
2023-12-22,P0007,S001,7,135.0,7.407764875705059,7.407764875705059,-0.4077648757050589
2023-12-22,P0017,S005,163,18.0,162.2499121731778,162.2499121731778,0.7500878268222095
2023-12-22,P0016,S003,158,7.0,157.14349660598236,157.14349660598236,0.8565033940176363
2023-12-22,P0015,S003,66,132.0,65.71476089815226,65.71476089815226,0.28523910184773626
2023-12-22,P0003,S005,176,56.0,174.26167912470598,174.26167912470598,1.738320875294022
2023-12-22,P0004,S005,46,28.0,46.20360443563351,46.20360443563351,-0.20360443563350827
2023-12-22,P0006,S005,96,76.0,96.16355747329176,96.16355747329176,-0.1635574732917604
2023-12-22,P0010,S003,142,15.0,141.78700897474005,141.78700897474005,0.21299102525995295
2023-12-22,P0005,S002,240,57.0,240.25258923309684,240.25258923309684,-0.2525892330968418
2023-12-22,P0020,S004,156,7.0,156.91740644518356,156.91740644518356,-0.9174064451835591
2023-12-22,P0017,S002,25,83.0,25.14919724846947,25.14919724846947,-0.1491972484694699
2023-12-22,P0009,S001,195,230.0,194.9349412108996,194.9349412108996,0.06505878910039087
2023-12-22,P0005,S003,47,25.0,47.2659833901979,47.2659833901979,-0.26598339019790274
2023-12-22,P0008,S005,47,22.0,47.26456712293191,47.26456712293191,-0.26456712293190776
2023-12-22,P0014,S005,48,77.0,48.44299130487313,48.44299130487313,-0.4429913048731322
2023-12-22,P0010,S001,55,293.0,54.73135072853721,54.73135072853721,0.2686492714627917
2023-12-22,P0006,S002,186,121.0,185.9417680493284,185.9417680493284,0.05823195067159759
2023-12-22,P0014,S003,0,227.0,0.361152814569234,0.361152814569234,-0.361152814569234
2023-12-22,P0005,S005,260,135.0,258.6050979650603,258.6050979650603,1.3949020349397188
2023-12-22,P0017,S001,108,276.0,107.29565675370895,107.29565675370895,0.7043432462910459
2023-12-22,P0015,S002,389,128.0,389.13251712339064,389.13251712339064,-0.1325171233906417
2023-12-22,P0019,S004,0,44.0,0.2519732529438993,0.2519732529438993,-0.2519732529438993
2023-12-22,P0003,S004,108,111.0,108.00218622808337,108.00218622808337,-0.0021862280833744308
2023-12-22,P0002,S004,116,96.0,115.87229300364793,115.87229300364793,0.1277069963520745
2023-12-22,P0016,S004,134,132.0,134.42210256393187,134.42210256393187,-0.4221025639318725
2023-12-22,P0004,S004,270,10.0,269.8897609337199,269.8897609337199,0.11023906628008717
2023-12-22,P0013,S003,60,142.0,60.09012070423134,60.09012070423134,-0.09012070423133878
2023-12-22,P0011,S002,331,48.0,328.98689215618305,328.98689215618305,2.013107843816954
2023-12-22,P0008,S001,169,252.0,169.88057943797713,169.88057943797713,-0.8805794379771328
2023-12-22,P0020,S005,228,160.0,227.1174137564091,227.1174137564091,0.8825862435909073
2023-12-22,P0001,S003,266,52.0,266.3689967376762,266.3689967376762,-0.36899673767618424
2023-12-22,P0019,S005,146,75.0,146.4254103806442,146.4254103806442,-0.4254103806441947
2023-12-22,P0006,S003,61,179.0,61.38705404464698,61.38705404464698,-0.38705404464698034
2023-12-22,P0015,S005,208,181.0,207.90439601969288,207.90439601969288,0.09560398030711781
2023-12-22,P0007,S003,91,45.0,90.00394149648956,90.00394149648956,0.9960585035104401
2023-12-22,P0008,S004,144,229.0,143.1487968494517,143.1487968494517,0.8512031505482867
2023-12-22,P0002,S001,233,242.0,232.97223544561567,232.97223544561567,0.02776455438433345
2023-12-22,P0003,S001,19,37.0,18.867603235873165,18.867603235873165,0.13239676412683465
2023-12-22,P0013,S005,219,6.0,217.64466169309065,217.64466169309065,1.3553383069093456
2023-12-22,P0014,S001,118,3.0,118.25654160393516,118.25654160393516,-0.2565416039351618
2023-12-22,P0002,S005,20,42.0,19.57834551639074,19.57834551639074,0.4216544836092595
2023-12-22,P0004,S003,161,191.0,160.01058922162255,160.01058922162255,0.9894107783774473
2023-12-22,P0020,S002,161,64.0,160.70805877843287,160.70805877843287,0.29194122156712865
2023-12-22,P0016,S002,353,315.0,353.8804478031346,353.8804478031346,-0.8804478031345866
2023-12-22,P0010,S002,360,6.0,357.5011526155136,357.5011526155136,2.498847384486396
2023-12-22,P0019,S001,59,14.0,59.030925173615046,59.030925173615046,-0.030925173615045765
2023-12-22,P0007,S002,351,319.0,349.1586603798481,349.1586603798481,1.8413396201519276
2023-12-23,P0003,S003,39,215.0,39.24909329390258,39.24909329390258,-0.2490932939025825
2023-12-23,P0009,S002,354,160.0,355.25010881492744,355.25010881492744,-1.2501088149274437
2023-12-23,P0020,S003,221,65.0,221.418749205835,221.418749205835,-0.41874920583501307
2023-12-23,P0016,S005,10,131.0,9.931072944711657,9.931072944711657,0.0689270552883432
2023-12-23,P0016,S004,9,134.0,9.446414609317138,9.446414609317138,-0.44641460931713794
2023-12-23,P0013,S003,64,60.0,64.51225413011615,64.51225413011615,-0.5122541301161476
2023-12-23,P0001,S005,173,76.0,172.8904814963383,172.8904814963383,0.10951850366168969
2023-12-23,P0004,S002,178,88.0,178.73392310958616,178.73392310958616,-0.7339231095861578
2023-12-23,P0001,S001,188,119.0,188.64777483405805,188.64777483405805,-0.6477748340580547
2023-12-23,P0007,S004,10,217.0,10.45207226996822,10.45207226996822,-0.4520722699682196
2023-12-23,P0015,S003,122,66.0,122.66602640404392,122.66602640404392,-0.6660264040439188
2023-12-23,P0003,S002,119,58.0,118.5735779895521,118.5735779895521,0.42642201044789374
2023-12-23,P0007,S001,187,7.0,187.90488052314916,187.90488052314916,-0.9048805231491599
2023-12-23,P0006,S001,152,86.0,152.48366694401497,152.48366694401497,-0.48366694401497057
2023-12-23,P0011,S005,394,110.0,394.7330666630678,394.7330666630678,-0.7330666630678024
2023-12-23,P0003,S005,321,176.0,320.87054364923716,320.87054364923716,0.1294563507628368
2023-12-23,P0008,S003,92,230.0,92.11435570868036,92.11435570868036,-0.11435570868036393
2023-12-23,P0011,S002,49,331.0,49.65860260754023,49.65860260754023,-0.6586026075402316
2023-12-23,P0019,S002,13,80.0,12.549781348486793,12.549781348486793,0.4502186515132074
2023-12-23,P0002,S002,143,50.0,141.92981148073258,141.92981148073258,1.0701885192674183
2023-12-23,P0001,S004,64,191.0,64.37212195340987,64.37212195340987,-0.37212195340987364
2023-12-23,P0019,S001,91,59.0,91.58433701684706,91.58433701684706,-0.5843370168470585
2023-12-23,P0018,S005,95,293.0,95.54852804446064,95.54852804446064,-0.5485280444606389
2023-12-23,P0014,S004,122,169.0,121.83269405035547,121.83269405035547,0.16730594964452905
2023-12-23,P0010,S001,38,55.0,37.98757395439389,37.98757395439389,0.012426045606112268
2023-12-23,P0005,S002,6,240.0,5.045875977407133,5.045875977407133,0.9541240225928673
2023-12-23,P0005,S003,62,47.0,63.1423963133044,63.1423963133044,-1.1423963133044026
2023-12-23,P0011,S001,353,264.0,354.84385544113803,354.84385544113803,-1.8438554411380323
2023-12-23,P0016,S003,277,158.0,275.8249698972104,275.8249698972104,1.1750301027896057
2023-12-23,P0017,S004,121,9.0,121.25187021360429,121.25187021360429,-0.25187021360429185
2023-12-23,P0010,S002,137,360.0,137.81864327911444,137.81864327911444,-0.8186432791144398
2023-12-23,P0006,S004,78,252.0,78.40703034223735,78.40703034223735,-0.40703034223734846
2023-12-23,P0020,S002,68,161.0,68.44232329534036,68.44232329534036,-0.4423232953403584
2023-12-23,P0004,S001,71,153.0,71.0559308303622,71.0559308303622,-0.05593083036220037
2023-12-23,P0012,S001,228,6.0,227.04759733133474,227.04759733133474,0.9524026686652576
2023-12-23,P0019,S005,179,146.0,179.03208622582795,179.03208622582795,-0.032086225827953285
2023-12-23,P0005,S005,54,260.0,54.08925736412223,54.08925736412223,-0.08925736412223273
2023-12-23,P0014,S003,153,0.0,153.3248498583246,153.3248498583246,-0.32484985832459756
2023-12-23,P0007,S003,64,91.0,63.343355751172645,63.343355751172645,0.6566442488273552
2023-12-23,P0013,S004,6,5.0,6.4909239212475836,6.4909239212475836,-0.49092392124758355
2023-12-23,P0014,S002,130,138.0,129.29560642173885,129.29560642173885,0.704393578261147
2023-12-23,P0017,S001,24,108.0,24.35886101508447,24.35886101508447,-0.35886101508447155
2023-12-23,P0015,S002,139,389.0,138.3224455265763,138.3224455265763,0.6775544734236973
2023-12-23,P0020,S001,135,138.0,134.48891054957025,134.48891054957025,0.5110894504297505
2023-12-23,P0008,S004,65,144.0,64.35103080153428,64.35103080153428,0.6489691984657213
2023-12-23,P0016,S001,21,431.0,21.435325835305015,21.435325835305015,-0.4353258353050151
2023-12-23,P0007,S002,458,351.0,455.09636780632684,455.09636780632684,2.903632193673161
2023-12-23,P0005,S001,182,188.0,182.24306432782382,182.24306432782382,-0.24306432782381648
2023-12-23,P0018,S002,121,112.0,120.66587380155089,120.66587380155089,0.3341261984491126
2023-12-23,P0018,S004,11,129.0,11.271816437107628,11.271816437107628,-0.2718164371076277
2023-12-23,P0009,S005,13,148.0,13.019225307717862,13.019225307717862,-0.01922530771786235
2023-12-23,P0003,S001,349,19.0,350.110647020986,350.110647020986,-1.1106470209859935
2023-12-23,P0011,S004,44,158.0,44.588871575905664,44.588871575905664,-0.5888715759056637
2023-12-23,P0014,S005,324,48.0,324.7948669134955,324.7948669134955,-0.7948669134955253
2023-12-23,P0002,S003,349,33.0,348.3404838301982,348.3404838301982,0.6595161698018046
2023-12-23,P0017,S002,128,25.0,129.21559023925718,129.21559023925718,-1.2155902392571818
2023-12-23,P0018,S001,72,18.0,71.68812621676754,71.68812621676754,0.31187378323245696
2023-12-23,P0020,S004,164,156.0,163.7947086674978,163.7947086674978,0.2052913325022132
2023-12-23,P0001,S003,60,266.0,60.58239611465423,60.58239611465423,-0.5823961146542302
2023-12-23,P0013,S005,229,219.0,228.50718310419708,228.50718310419708,0.49281689580291754
2023-12-23,P0008,S001,97,169.0,97.48209584126933,97.48209584126933,-0.48209584126932725
2023-12-23,P0008,S005,60,47.0,60.67197840464275,60.67197840464275,-0.6719784046427506
2023-12-23,P0009,S003,28,34.0,27.67802498446608,27.67802498446608,0.32197501553391916
2023-12-23,P0015,S001,19,47.0,18.354201775600146,18.354201775600146,0.6457982243998543
2023-12-23,P0017,S005,224,163.0,224.9035337826955,224.9035337826955,-0.9035337826954901
2023-12-23,P0020,S005,220,228.0,219.3548126064241,219.3548126064241,0.6451873935758954
2023-12-23,P0011,S003,7,198.0,7.76033068600775,7.76033068600775,-0.7603306860077499
2023-12-23,P0004,S004,231,270.0,230.80048039573836,230.80048039573836,0.1995196042616385
2023-12-23,P0013,S002,21,225.0,21.31493960237348,21.31493960237348,-0.3149396023734816
2023-12-23,P0012,S002,29,71.0,28.938624361852565,28.938624361852565,0.061375638147435296
2023-12-23,P0010,S005,113,76.0,112.9620247249336,112.9620247249336,0.03797527506640108
2023-12-23,P0002,S004,61,116.0,61.071874397852454,61.071874397852454,-0.07187439785245431
2023-12-23,P0003,S004,191,108.0,190.88047342673505,190.88047342673505,0.11952657326494887
2023-12-23,P0013,S001,380,158.0,382.6695371072468,382.6695371072468,-2.6695371072468106
2023-12-23,P0002,S001,196,233.0,197.67605743019817,197.67605743019817,-1.6760574301981706
2023-12-23,P0006,S002,176,186.0,176.62693559698653,176.62693559698653,-0.6269355969865273
2023-12-23,P0012,S004,19,354.0,18.9386933586962,18.9386933586962,0.06130664130380126
2023-12-23,P0012,S003,32,102.0,32.90648998354742,32.90648998354742,-0.9064899835474165
2023-12-23,P0019,S003,238,114.0,237.32279313576615,237.32279313576615,0.6772068642338525
2023-12-23,P0012,S005,3,72.0,2.9298364185875916,2.9298364185875916,0.07016358141240842
2023-12-23,P0017,S003,58,209.0,58.27011493418845,58.27011493418845,-0.2701149341884488
2023-12-23,P0010,S004,310,115.0,312.52458960147334,312.52458960147334,-2.5245896014733376
2023-12-23,P0006,S003,81,61.0,81.42974479005517,81.42974479005517,-0.4297447900551674
2023-12-23,P0006,S005,294,96.0,292.67743888420813,292.67743888420813,1.3225611157918706
2023-12-23,P0009,S001,279,195.0,279.64700181617235,279.64700181617235,-0.6470018161723488
2023-12-23,P0010,S003,157,142.0,156.9981545341334,156.9981545341334,0.0018454658666087198
2023-12-23,P0016,S002,130,353.0,130.1308962785135,130.1308962785135,-0.1308962785134895
2023-12-23,P0015,S004,74,142.0,74.27131825852587,74.27131825852587,-0.27131825852586644
2023-12-23,P0001,S002,4,301.0,4.73018291272865,4.73018291272865,-0.7301829127286501
2023-12-23,P0009,S004,57,37.0,56.22452533269766,56.22452533269766,0.7754746673023405
2023-12-23,P0018,S003,44,2.0,43.76360941250716,43.76360941250716,0.23639058749284203
2023-12-23,P0019,S004,158,0.0,157.06486085803905,157.06486085803905,0.9351391419609456
2023-12-23,P0004,S003,287,161.0,284.9246491405425,284.9246491405425,2.075350859457501
2023-12-23,P0005,S004,41,28.0,41.07118495613076,41.07118495613076,-0.07118495613075737
2023-12-23,P0002,S005,289,20.0,291.1612270028311,291.1612270028311,-2.161227002831083
2023-12-23,P0008,S002,37,320.0,36.65877306707877,36.65877306707877,0.34122693292123074
2023-12-23,P0007,S005,100,15.0,100.34367853654493,100.34367853654493,-0.3436785365449282
2023-12-23,P0015,S005,299,208.0,300.7571050672668,300.7571050672668,-1.7571050672668207
2023-12-23,P0004,S005,166,46.0,165.64932871929813,165.64932871929813,0.35067128070187437
2023-12-23,P0014,S001,2,118.0,2.5628240933704562,2.5628240933704562,-0.5628240933704562
2023-12-24,P0007,S002,221,458.0,221.5101185615327,221.5101185615327,-0.5101185615326926
2023-12-24,P0015,S002,43,139.0,42.996364683127496,42.996364683127496,0.0036353168725042906
2023-12-24,P0015,S005,57,299.0,57.1012406514331,57.1012406514331,-0.1012406514331019
2023-12-24,P0017,S001,33,24.0,33.97264056035687,33.97264056035687,-0.9726405603568722
2023-12-24,P0018,S004,84,11.0,84.02135439134106,84.02135439134106,-0.021354391341063206
2023-12-24,P0006,S002,37,176.0,37.58507947636927,37.58507947636927,-0.5850794763692733
2023-12-24,P0006,S005,250,294.0,249.2385582950935,249.2385582950935,0.7614417049065025
2023-12-24,P0020,S004,224,164.0,223.96287918556834,223.96287918556834,0.03712081443165971
2023-12-24,P0005,S002,103,6.0,103.56976294263752,103.56976294263752,-0.5697629426375244
2023-12-24,P0005,S005,95,54.0,94.32007305757955,94.32007305757955,0.679926942420451
2023-12-24,P0010,S003,71,157.0,71.09196932769927,71.09196932769927,-0.09196932769927457
2023-12-24,P0014,S003,267,153.0,267.8896803810988,267.8896803810988,-0.889680381098799
2023-12-24,P0005,S003,62,62.0,62.18168528301514,62.18168528301514,-0.18168528301514186
2023-12-24,P0004,S003,22,287.0,21.935818697625354,21.935818697625354,0.06418130237464581
2023-12-24,P0009,S002,258,354.0,257.075527599958,257.075527599958,0.9244724000420206
2023-12-24,P0004,S002,99,178.0,99.24946836304174,99.24946836304174,-0.2494683630417427
2023-12-24,P0012,S003,357,32.0,357.8295332401734,357.8295332401734,-0.8295332401734186
2023-12-24,P0010,S004,79,310.0,78.91462921994905,78.91462921994905,0.08537078005095111
2023-12-24,P0017,S004,127,121.0,127.21968375174883,127.21968375174883,-0.21968375174883192
2023-12-24,P0003,S003,59,39.0,59.31201250188868,59.31201250188868,-0.312012501888681
2023-12-24,P0009,S001,50,279.0,50.36039273897923,50.36039273897923,-0.36039273897922897
2023-12-24,P0008,S004,248,65.0,248.81827475326557,248.81827475326557,-0.8182747532655696
2023-12-24,P0018,S003,249,44.0,248.404915081281,248.404915081281,0.5950849187190101
2023-12-24,P0009,S004,201,57.0,200.4035911048194,200.4035911048194,0.5964088951805877
2023-12-24,P0002,S005,241,289.0,242.00386529478067,242.00386529478067,-1.0038652947806668
2023-12-24,P0010,S001,185,38.0,185.89348787662573,185.89348787662573,-0.893487876625727
2023-12-24,P0016,S004,240,9.0,239.40538855470592,239.40538855470592,0.5946114452940776
2023-12-24,P0019,S004,20,158.0,19.13543370348489,19.13543370348489,0.8645662965151111
2023-12-24,P0004,S005,44,166.0,44.39653812205485,44.39653812205485,-0.3965381220548494
2023-12-24,P0019,S005,64,179.0,64.2149606037835,64.2149606037835,-0.21496060378349569
2023-12-24,P0016,S005,51,10.0,50.15750242162338,50.15750242162338,0.8424975783766229
2023-12-24,P0011,S004,2,44.0,2.0970135708303634,2.0970135708303634,-0.09701357083036344
2023-12-24,P0003,S004,55,191.0,53.97361970846554,53.97361970846554,1.0263802915344584
2023-12-24,P0001,S001,342,188.0,342.4048707116968,342.4048707116968,-0.40487071169678757
2023-12-24,P0001,S005,129,173.0,128.76318159638598,128.76318159638598,0.2368184036140235
2023-12-24,P0011,S002,196,49.0,193.91052374230642,193.91052374230642,2.089476257693576
2023-12-24,P0004,S004,173,231.0,173.98182455931766,173.98182455931766,-0.9818245593176584
2023-12-24,P0007,S001,62,187.0,62.58258729387135,62.58258729387135,-0.5825872938713488
2023-12-24,P0002,S004,365,61.0,367.97870899968444,367.97870899968444,-2.978708999684443
2023-12-24,P0013,S003,70,64.0,69.86403437959548,69.86403437959548,0.13596562040451943
2023-12-24,P0007,S003,212,64.0,212.12325748098675,212.12325748098675,-0.12325748098675149
2023-12-24,P0002,S001,155,196.0,156.06139528310814,156.06139528310814,-1.0613952831081406
2023-12-24,P0008,S001,83,97.0,83.5771899494089,83.5771899494089,-0.5771899494089041
2023-12-24,P0017,S003,18,58.0,17.885767179847093,17.885767179847093,0.11423282015290681
2023-12-24,P0004,S001,110,71.0,110.57409553955095,110.57409553955095,-0.574095539550953
2023-12-24,P0010,S005,92,113.0,91.07714281676546,91.07714281676546,0.9228571832345409
2023-12-24,P0011,S001,124,353.0,124.33433215781109,124.33433215781109,-0.33433215781109027
2023-12-24,P0013,S002,193,21.0,193.66711370826533,193.66711370826533,-0.6671137082653331
2023-12-24,P0002,S002,78,143.0,77.54457953764063,77.54457953764063,0.4554204623593705
2023-12-24,P0015,S001,60,19.0,59.24679397232949,59.24679397232949,0.7532060276705081
2023-12-24,P0017,S002,148,128.0,147.33641715712574,147.33641715712574,0.6635828428742627
2023-12-24,P0006,S003,21,81.0,20.94107760452374,20.94107760452374,0.05892239547625877
2023-12-24,P0020,S005,6,220.0,6.353913213180295,6.353913213180295,-0.3539132131802951
2023-12-24,P0013,S001,58,380.0,57.938569986315024,57.938569986315024,0.06143001368497636
2023-12-24,P0001,S004,134,64.0,134.07164804166,134.07164804166,-0.07164804166001204
2023-12-24,P0012,S001,325,228.0,324.3524821518454,324.3524821518454,0.6475178481546209
2023-12-24,P0002,S003,217,349.0,217.0024664799902,217.0024664799902,-0.002466479990204107
2023-12-24,P0020,S001,62,135.0,61.92787643431547,61.92787643431547,0.07212356568452805
2023-12-24,P0014,S005,119,324.0,118.39961286454607,118.39961286454607,0.6003871354539285
2023-12-24,P0006,S004,23,78.0,22.83619539452404,22.83619539452404,0.16380460547595987
2023-12-24,P0015,S004,88,74.0,88.51349732360538,88.51349732360538,-0.5134973236053781
2023-12-24,P0016,S001,233,21.0,233.07829817343654,233.07829817343654,-0.07829817343653644
2023-12-24,P0005,S001,98,182.0,98.01587657758503,98.01587657758503,-0.015876577585032692
2023-12-24,P0018,S001,146,72.0,146.5078600435573,146.5078600435573,-0.5078600435572866
2023-12-24,P0014,S002,273,130.0,273.54386591773306,273.54386591773306,-0.5438659177330578
2023-12-24,P0012,S004,93,19.0,92.44669281436155,92.44669281436155,0.5533071856384453
2023-12-24,P0009,S003,14,28.0,13.681999234587302,13.681999234587302,0.31800076541269817
2023-12-24,P0007,S005,10,100.0,10.902593243900172,10.902593243900172,-0.9025932439001725
2023-12-24,P0008,S002,366,37.0,363.8670593992095,363.8670593992095,2.132940600790505
2023-12-24,P0013,S004,172,6.0,172.05897043050712,172.05897043050712,-0.05897043050711659
2023-12-24,P0003,S002,146,119.0,146.42072636434398,146.42072636434398,-0.42072636434397737
2023-12-24,P0020,S003,165,221.0,165.94144206065258,165.94144206065258,-0.9414420606525766
2023-12-24,P0001,S002,224,4.0,223.1892966693052,223.1892966693052,0.8107033306947926
2023-12-24,P0011,S003,49,7.0,49.75702011637705,49.75702011637705,-0.7570201163770491
2023-12-24,P0016,S003,11,277.0,10.54453972061437,10.54453972061437,0.4554602793856297
2023-12-24,P0008,S005,292,60.0,290.8437463363177,290.8437463363177,1.156253663682321
2023-12-24,P0019,S003,334,238.0,332.1240861444541,332.1240861444541,1.875913855545889
2023-12-24,P0020,S002,111,68.0,111.99617110411026,111.99617110411026,-0.9961711041102603
2023-12-24,P0019,S002,69,13.0,69.43326605495194,69.43326605495194,-0.43326605495194315
2023-12-24,P0010,S002,73,137.0,73.27236213575434,73.27236213575434,-0.2723621357543351
2023-12-24,P0003,S005,85,321.0,85.45737666913088,85.45737666913088,-0.4573766691308805
2023-12-24,P0016,S002,174,130.0,173.85823896361975,173.85823896361975,0.1417610363802453
2023-12-24,P0012,S002,207,29.0,207.66179843058342,207.66179843058342,-0.661798430583417
2023-12-24,P0013,S005,91,229.0,90.35329920938045,90.35329920938045,0.6467007906195477
2023-12-24,P0019,S001,416,91.0,412.5924392432383,412.5924392432383,3.407560756761711
2023-12-24,P0003,S001,107,349.0,106.43324960678531,106.43324960678531,0.56675039321469
2023-12-24,P0011,S005,69,394.0,69.40112323357489,69.40112323357489,-0.4011232335748929
2023-12-24,P0014,S001,149,2.0,149.56843645717365,149.56843645717365,-0.5684364571736467
2023-12-24,P0009,S005,56,13.0,55.26826422550151,55.26826422550151,0.7317357744984889
2023-12-24,P0007,S004,4,10.0,4.162191543031842,4.162191543031842,-0.1621915430318417
2023-12-24,P0018,S005,176,95.0,176.26860872983303,176.26860872983303,-0.2686087298330335
2023-12-24,P0018,S002,58,121.0,57.674257424333625,57.674257424333625,0.325742575666375
2023-12-24,P0012,S005,314,3.0,312.1694146653539,312.1694146653539,1.8305853346461163
2023-12-24,P0006,S001,21,152.0,20.814329471689824,20.814329471689824,0.18567052831017605
2023-12-24,P0008,S003,6,92.0,6.504226566932601,6.504226566932601,-0.5042265669326014
2023-12-24,P0005,S004,257,41.0,256.81461633151764,256.81461633151764,0.1853836684823591
2023-12-24,P0001,S003,183,60.0,183.16115467228022,183.16115467228022,-0.16115467228021885
2023-12-24,P0015,S003,106,122.0,106.50265870206887,106.50265870206887,-0.5026587020688709
2023-12-24,P0017,S005,5,224.0,6.408020938884898,6.408020938884898,-1.4080209388848983
2023-12-24,P0014,S004,209,122.0,207.41545132536208,207.41545132536208,1.5845486746379152
2023-12-25,P0014,S005,23,119.0,22.763389524230767,22.763389524230767,0.23661047576923266
2023-12-25,P0010,S001,320,185.0,318.55144056441776,318.55144056441776,1.44855943558224
2023-12-25,P0012,S005,29,314.0,28.495196809228013,28.495196809228013,0.5048031907719874
2023-12-25,P0005,S004,22,257.0,22.25073188996916,22.25073188996916,-0.25073188996915974
2023-12-25,P0005,S003,178,62.0,177.4490725297523,177.4490725297523,0.5509274702477001
2023-12-25,P0002,S001,47,155.0,47.277800294866786,47.277800294866786,-0.27780029486678615
2023-12-25,P0020,S001,182,62.0,181.42587735388096,181.42587735388096,0.5741226461190365
2023-12-25,P0001,S005,49,129.0,49.056231882429344,49.056231882429344,-0.05623188242934418
2023-12-25,P0013,S002,103,193.0,103.51460712315797,103.51460712315797,-0.5146071231579725
2023-12-25,P0013,S001,118,58.0,117.98196249328784,117.98196249328784,0.018037506712161644
2023-12-25,P0007,S001,134,62.0,134.46140075438686,134.46140075438686,-0.4614007543868581
2023-12-25,P0017,S001,347,33.0,349.8790119275172,349.8790119275172,-2.8790119275171833
2023-12-25,P0016,S005,43,51.0,42.90023295050603,42.90023295050603,0.09976704949396975
2023-12-25,P0009,S005,105,56.0,105.70048311293075,105.70048311293075,-0.7004831129307547
2023-12-25,P0017,S005,119,5.0,119.86059891844715,119.86059891844715,-0.8605989184471525
2023-12-25,P0020,S004,146,224.0,145.43755964958692,145.43755964958692,0.5624403504130839
2023-12-25,P0008,S005,2,292.0,2.5835780719668313,2.5835780719668313,-0.5835780719668313
2023-12-25,P0018,S001,29,146.0,28.718453243223706,28.718453243223706,0.2815467567762937
2023-12-25,P0003,S005,308,85.0,308.1592042732339,308.1592042732339,-0.15920427323391095
2023-12-25,P0002,S004,30,365.0,30.583988912382416,30.583988912382416,-0.5839889123824165
2023-12-25,P0002,S005,329,241.0,327.88527803430753,327.88527803430753,1.1147219656924676
2023-12-25,P0014,S004,29,209.0,29.39278986471091,29.39278986471091,-0.3927898647109096
2023-12-25,P0001,S004,57,134.0,57.1626490655687,57.1626490655687,-0.16264906556870073
2023-12-25,P0011,S004,156,2.0,155.96325816819058,155.96325816819058,0.036741831809422365
2023-12-25,P0008,S001,180,83.0,180.61058703572266,180.61058703572266,-0.6105870357226593
2023-12-25,P0020,S003,110,165.0,109.62079813416263,109.62079813416263,0.3792018658373735
2023-12-25,P0004,S002,194,99.0,192.71486696161531,192.71486696161531,1.2851330383846857
2023-12-25,P0014,S002,108,273.0,108.28884424610845,108.28884424610845,-0.2888442461084537
2023-12-25,P0007,S002,122,221.0,122.20652978898121,122.20652978898121,-0.20652978898121432
2023-12-25,P0018,S004,64,84.0,63.45884359630555,63.45884359630555,0.5411564036944512
2023-12-25,P0004,S003,208,22.0,207.09722642341967,207.09722642341967,0.90277357658033
2023-12-25,P0006,S004,56,23.0,55.3815139332704,55.3815139332704,0.6184860667296022
2023-12-25,P0016,S002,190,174.0,190.1321666488883,190.1321666488883,-0.1321666488883011
2023-12-25,P0019,S003,44,334.0,43.866232277866494,43.866232277866494,0.13376772213350563
2023-12-25,P0013,S005,59,91.0,59.588348462987014,59.588348462987014,-0.5883484629870139
2023-12-25,P0014,S001,210,149.0,210.95231228706004,210.95231228706004,-0.9523122870600389
2023-12-25,P0018,S002,69,58.0,68.5223806287709,68.5223806287709,0.47761937122909615
2023-12-25,P0011,S001,78,124.0,78.7890418230249,78.7890418230249,-0.7890418230249026
2023-12-25,P0015,S001,210,60.0,211.2159934626567,211.2159934626567,-1.2159934626567122
2023-12-25,P0007,S004,24,4.0,24.62937986566873,24.62937986566873,-0.6293798656687315
2023-12-25,P0002,S003,218,217.0,217.64394177618678,217.64394177618678,0.3560582238132213
2023-12-25,P0010,S003,80,71.0,80.32892131855169,80.32892131855169,-0.3289213185516928
2023-12-25,P0005,S001,43,98.0,43.607686800908404,43.607686800908404,-0.6076868009084038
2023-12-25,P0004,S005,112,44.0,111.99051205829672,111.99051205829672,0.009487941703284264
2023-12-25,P0006,S002,38,37.0,38.621747666312636,38.621747666312636,-0.6217476663126362
2023-12-25,P0003,S001,219,107.0,217.86616290090268,217.86616290090268,1.1338370990973203
2023-12-25,P0012,S002,158,207.0,158.61317140775208,158.61317140775208,-0.6131714077520769
2023-12-25,P0011,S003,31,49.0,31.00581948262787,31.00581948262787,-0.005819482627870798
2023-12-25,P0010,S005,104,92.0,103.93781586965974,103.93781586965974,0.06218413034025616
2023-12-25,P0006,S003,210,21.0,209.7780080765205,209.7780080765205,0.22199192347949293
2023-12-25,P0015,S005,186,57.0,186.8331693657998,186.8331693657998,-0.8331693657997903
2023-12-25,P0019,S004,57,20.0,57.69602149060764,57.69602149060764,-0.6960214906076416
2023-12-25,P0004,S004,54,173.0,53.58474939964588,53.58474939964588,0.41525060035412054
2023-12-25,P0017,S002,18,148.0,17.489921753542244,17.489921753542244,0.5100782464577556
2023-12-25,P0018,S003,55,249.0,54.18115443896039,54.18115443896039,0.818845561039609
2023-12-25,P0003,S004,254,55.0,253.07700691607536,253.07700691607536,0.9229930839246379
2023-12-25,P0015,S004,66,88.0,66.37709479308812,66.37709479308812,-0.3770947930881192
2023-12-25,P0009,S003,43,14.0,43.50979049212048,43.50979049212048,-0.5097904921204801
2023-12-25,P0009,S004,157,201.0,157.19574481535616,157.19574481535616,-0.19574481535616428
2023-12-25,P0007,S005,77,10.0,77.50710344620336,77.50710344620336,-0.5071034462033595
2023-12-25,P0009,S001,22,50.0,20.93679535932062,20.93679535932062,1.0632046406793805
2023-12-25,P0010,S004,18,79.0,17.23882956851457,17.23882956851457,0.7611704314854286
2023-12-25,P0016,S001,352,233.0,354.00465568520497,354.00465568520497,-2.004655685204966
2023-12-25,P0017,S003,251,18.0,250.37644725112108,250.37644725112108,0.6235527488789216
2023-12-25,P0012,S003,36,357.0,36.04295680454342,36.04295680454342,-0.04295680454342232
2023-12-25,P0006,S005,226,250.0,225.7506112619656,225.7506112619656,0.24938873803441197
2023-12-25,P0015,S003,302,106.0,300.95205211888685,300.95205211888685,1.0479478811131457
2023-12-25,P0012,S001,138,325.0,138.5771790159162,138.5771790159162,-0.5771790159161867
2023-12-25,P0001,S003,30,183.0,29.37226927662264,29.37226927662264,0.6277307233773612
2023-12-25,P0015,S002,32,43.0,32.21327254747464,32.21327254747464,-0.21327254747463797
2023-12-25,P0004,S001,94,110.0,93.5004390915161,93.5004390915161,0.49956090848390033
2023-12-25,P0003,S003,88,59.0,86.95550585338997,86.95550585338997,1.0444941466100346
2023-12-25,P0009,S002,101,258.0,101.28170472111253,101.28170472111253,-0.28170472111253275
2023-12-25,P0005,S005,296,95.0,294.79804586192745,294.79804586192745,1.2019541380725514
2023-12-25,P0007,S003,195,212.0,194.50920155451382,194.50920155451382,0.49079844548617757
2023-12-25,P0002,S002,5,78.0,4.373497273557739,4.373497273557739,0.6265027264422613
2023-12-25,P0018,S005,5,176.0,4.690626618364019,4.690626618364019,0.3093733816359814
2023-12-25,P0008,S003,117,6.0,116.62307331623626,116.62307331623626,0.3769266837637417
2023-12-25,P0008,S002,172,366.0,172.54341039464455,172.54341039464455,-0.5434103946445532
2023-12-25,P0001,S001,86,342.0,85.45278727609009,85.45278727609009,0.547212723909908
2023-12-25,P0005,S002,39,103.0,38.81780513208063,38.81780513208063,0.182194867919371
2023-12-25,P0019,S001,154,416.0,153.79991334444367,153.79991334444367,0.20008665555633343
2023-12-25,P0019,S005,213,64.0,212.68390650588574,212.68390650588574,0.3160934941142557
2023-12-25,P0010,S002,300,73.0,301.04160942739844,301.04160942739844,-1.0416094273984413
2023-12-25,P0011,S002,99,196.0,98.99163654113356,98.99163654113356,0.008363458866440965
2023-12-25,P0006,S001,83,21.0,83.20255994158866,83.20255994158866,-0.2025599415886603
2023-12-25,P0013,S004,96,172.0,96.54501144195355,96.54501144195355,-0.5450114419535481
2023-12-25,P0014,S003,241,267.0,240.5797204285189,240.5797204285189,0.4202795714811032
2023-12-25,P0003,S002,94,146.0,93.57318085335356,93.57318085335356,0.4268191466464373
2023-12-25,P0012,S004,205,93.0,205.63074493294837,205.63074493294837,-0.6307449329483745
2023-12-25,P0008,S004,110,248.0,109.60081343913355,109.60081343913355,0.399186560866454
2023-12-25,P0017,S004,328,127.0,329.86340269918907,329.86340269918907,-1.8634026991890664
2023-12-25,P0011,S005,158,69.0,158.75340886242716,158.75340886242716,-0.7534088624271646
2023-12-25,P0016,S004,173,240.0,172.79132176905196,172.79132176905196,0.2086782309480384
2023-12-25,P0001,S002,270,224.0,270.3654960782997,270.3654960782997,-0.36549607829971364
2023-12-25,P0020,S005,31,6.0,31.18594596160522,31.18594596160522,-0.1859459616052206
2023-12-25,P0020,S002,148,111.0,147.24580241621504,147.24580241621504,0.7541975837849577
2023-12-25,P0013,S003,39,70.0,39.18709804871962,39.18709804871962,-0.18709804871961921
2023-12-25,P0019,S002,80,69.0,79.76478089092898,79.76478089092898,0.23521910907102495
2023-12-25,P0016,S003,285,11.0,284.5900118697597,284.5900118697597,0.4099881302403219
2023-12-26,P0001,S001,46,86.0,46.11129700984467,46.11129700984467,-0.1112970098446695
2023-12-26,P0017,S002,197,18.0,196.29471951141363,196.29471951141363,0.7052804885863679
2023-12-26,P0001,S003,64,30.0,64.583785807959,64.583785807959,-0.5837858079590035
2023-12-26,P0016,S005,18,43.0,17.721775796831608,17.721775796831608,0.27822420316839214
2023-12-26,P0003,S003,308,88.0,309.71807054265577,309.71807054265577,-1.7180705426557665
2023-12-26,P0009,S005,25,105.0,26.673808426726424,26.673808426726424,-1.6738084267264242
2023-12-26,P0017,S004,195,328.0,195.40233375472502,195.40233375472502,-0.40233375472502075
2023-12-26,P0007,S005,254,77.0,254.1217743574467,254.1217743574467,-0.12177435744669651
2023-12-26,P0011,S002,183,99.0,183.34113219293545,183.34113219293545,-0.34113219293544716
2023-12-26,P0017,S005,76,119.0,75.95629231218894,75.95629231218894,0.04370768781106449
2023-12-26,P0010,S005,19,104.0,19.133289122302717,19.133289122302717,-0.13328912230271683
2023-12-26,P0015,S004,83,66.0,82.67345027914351,82.67345027914351,0.3265497208564909
2023-12-26,P0015,S003,46,302.0,46.861959736258726,46.861959736258726,-0.8619597362587257
2023-12-26,P0001,S005,14,49.0,14.348544913287302,14.348544913287302,-0.3485449132873022
2023-12-26,P0009,S004,177,157.0,177.891249210749,177.891249210749,-0.8912492107490095
2023-12-26,P0007,S001,256,134.0,255.05369686302478,255.05369686302478,0.9463031369752173
2023-12-26,P0007,S004,89,24.0,88.58343677972147,88.58343677972147,0.4165632202785332
2023-12-26,P0003,S002,22,94.0,21.109331141471284,21.109331141471284,0.8906688585287164
2023-12-26,P0011,S001,153,78.0,152.69570871045423,152.69570871045423,0.3042912895457732
2023-12-26,P0011,S005,172,158.0,172.78868162104848,172.78868162104848,-0.7886816210484824
2023-12-26,P0012,S001,296,138.0,295.99105171215496,295.99105171215496,0.008948287845043978
2023-12-26,P0009,S003,147,43.0,147.17143587641993,147.17143587641993,-0.17143587641993463
2023-12-26,P0006,S004,164,56.0,163.5201308584844,163.5201308584844,0.4798691415155929
2023-12-26,P0020,S002,37,148.0,37.64522858056632,37.64522858056632,-0.645228580566318
2023-12-26,P0020,S001,262,182.0,261.3264745426391,261.3264745426391,0.6735254573608813
2023-12-26,P0015,S002,73,32.0,73.26292311866216,73.26292311866216,-0.2629231186621581
2023-12-26,P0014,S002,195,108.0,195.54426800449085,195.54426800449085,-0.5442680044908457
2023-12-26,P0014,S003,291,241.0,291.38050403786,291.38050403786,-0.38050403786002107
2023-12-26,P0020,S003,260,110.0,260.45627706075487,260.45627706075487,-0.4562770607548714
2023-12-26,P0020,S005,153,31.0,151.74907570556934,151.74907570556934,1.2509242944306607
2023-12-26,P0007,S003,375,195.0,376.42837868284334,376.42837868284334,-1.428378682843345
2023-12-26,P0001,S004,359,57.0,360.34312787492945,360.34312787492945,-1.3431278749294506
2023-12-26,P0019,S005,39,213.0,38.805199799044715,38.805199799044715,0.19480020095528516
2023-12-26,P0014,S005,16,23.0,15.751846352013565,15.751846352013565,0.24815364798643458
2023-12-26,P0004,S003,209,208.0,208.2775721005775,208.2775721005775,0.7224278994225131
2023-12-26,P0017,S003,165,251.0,164.46656240822554,164.46656240822554,0.533437591774458
2023-12-26,P0013,S001,12,118.0,12.18075300051689,12.18075300051689,-0.1807530005168907
2023-12-26,P0010,S001,133,320.0,132.80213254885834,132.80213254885834,0.19786745114166138
2023-12-26,P0011,S003,254,31.0,254.6955280689847,254.6955280689847,-0.6955280689846859
2023-12-26,P0019,S003,237,44.0,238.23438079525184,238.23438079525184,-1.2343807952518375
2023-12-26,P0014,S001,182,210.0,182.661233810849,182.661233810849,-0.6612338108490121
2023-12-26,P0015,S001,73,210.0,73.3612841772777,73.3612841772777,-0.361284177277696
2023-12-26,P0002,S003,286,218.0,287.81813108405686,287.81813108405686,-1.8181310840568585
2023-12-26,P0013,S002,329,103.0,330.6662046476488,330.6662046476488,-1.666204647648783
2023-12-26,P0005,S001,458,43.0,454.2423032399348,454.2423032399348,3.757696760065187
2023-12-26,P0018,S001,59,29.0,59.18831868379124,59.18831868379124,-0.18831868379123762
2023-12-26,P0008,S002,399,172.0,396.85353437095756,396.85353437095756,2.1464656290424386
2023-12-26,P0012,S004,70,205.0,70.2454968723109,70.2454968723109,-0.2454968723108948
2023-12-26,P0005,S004,32,22.0,31.506710640432445,31.506710640432445,0.49328935956755515
2023-12-26,P0012,S005,71,29.0,71.3610226009014,71.3610226009014,-0.36102260090140703
2023-12-26,P0001,S002,234,270.0,235.2937026592958,235.2937026592958,-1.2937026592958034
2023-12-26,P0019,S002,289,80.0,290.0805143606301,290.0805143606301,-1.0805143606301044
2023-12-26,P0006,S001,85,83.0,84.82040859347912,84.82040859347912,0.1795914065208848
2023-12-26,P0013,S005,114,59.0,113.52035823553648,113.52035823553648,0.4796417644635227
2023-12-26,P0013,S004,249,96.0,248.9746526831927,248.9746526831927,0.025347316807312836
2023-12-26,P0017,S001,95,347.0,93.87909577987732,93.87909577987732,1.1209042201226822
2023-12-26,P0018,S005,12,5.0,13.199102534065242,13.199102534065242,-1.1991025340652417
2023-12-26,P0002,S002,275,5.0,274.7165168354446,274.7165168354446,0.2834831645553777
2023-12-26,P0008,S003,205,117.0,204.61184004673498,204.61184004673498,0.38815995326501707
2023-12-26,P0019,S001,129,154.0,128.53589890183048,128.53589890183048,0.4641010981695217
2023-12-26,P0003,S005,268,308.0,269.1147079535894,269.1147079535894,-1.1147079535894022
2023-12-26,P0010,S002,21,300.0,21.098348936595972,21.098348936595972,-0.09834893659597199
2023-12-26,P0005,S003,257,178.0,257.18498045478105,257.18498045478105,-0.18498045478105496
2023-12-26,P0016,S003,96,285.0,95.71799367592176,95.71799367592176,0.2820063240782389
2023-12-26,P0005,S002,118,39.0,118.72976268810378,118.72976268810378,-0.7297626881037758
2023-12-26,P0005,S005,118,296.0,117.16819948175156,117.16819948175156,0.8318005182484427
2023-12-26,P0009,S002,453,101.0,453.59695373544344,453.59695373544344,-0.5969537354434351
2023-12-26,P0013,S003,74,39.0,74.17875957106376,74.17875957106376,-0.1787595710637646
2023-12-26,P0016,S004,150,173.0,150.33149473250106,150.33149473250106,-0.33149473250105643
2023-12-26,P0004,S001,123,94.0,122.54959228781455,122.54959228781455,0.45040771218545217
2023-12-26,P0016,S002,60,190.0,60.04457972108676,60.04457972108676,-0.04457972108676245
2023-12-26,P0018,S002,386,69.0,384.323247214715,384.323247214715,1.6767527852849753
2023-12-26,P0018,S004,28,64.0,28.61408513263328,28.61408513263328,-0.6140851326332815
2023-12-26,P0003,S001,362,219.0,360.6746961057082,360.6746961057082,1.3253038942917783
2023-12-26,P0014,S004,63,29.0,63.65467426914718,63.65467426914718,-0.6546742691471792
2023-12-26,P0008,S005,43,2.0,42.89685158831733,42.89685158831733,0.10314841168266753
2023-12-26,P0012,S002,256,158.0,256.33989635980265,256.33989635980265,-0.3398963598026512
2023-12-26,P0006,S003,25,210.0,25.37472694966844,25.37472694966844,-0.3747269496684389
2023-12-26,P0015,S005,29,186.0,29.4547277415972,29.4547277415972,-0.45472774159719975
2023-12-26,P0019,S004,338,57.0,337.8476892585747,337.8476892585747,0.15231074142531043
2023-12-26,P0004,S004,0,54.0,0.0,0.0,0.0
2023-12-26,P0003,S004,34,254.0,33.39558323979786,33.39558323979786,0.6044167602021417
2023-12-26,P0010,S003,18,80.0,17.26769871977214,17.26769871977214,0.7323012802278583
2023-12-26,P0008,S004,309,110.0,306.18905478289906,306.18905478289906,2.8109452171009366
2023-12-26,P0006,S005,482,226.0,480.7828358334157,480.7828358334157,1.2171641665843254
2023-12-26,P0009,S001,96,22.0,96.45407270250627,96.45407270250627,-0.4540727025062665
2023-12-26,P0002,S005,179,329.0,178.88103461911905,178.88103461911905,0.11896538088095099
2023-12-26,P0008,S001,192,180.0,190.61987285972535,190.61987285972535,1.3801271402746522
2023-12-26,P0020,S004,176,146.0,175.13816668266398,175.13816668266398,0.8618333173360213
2023-12-26,P0007,S002,308,122.0,306.4399121817282,306.4399121817282,1.5600878182718247
2023-12-26,P0002,S004,345,30.0,343.163154281546,343.163154281546,1.8368457184540148
2023-12-26,P0010,S004,126,18.0,125.36648243516971,125.36648243516971,0.6335175648302851
2023-12-26,P0011,S004,132,156.0,131.79640643156392,131.79640643156392,0.20359356843607657
2023-12-26,P0002,S001,176,47.0,176.46595439141453,176.46595439141453,-0.46595439141452744
2023-12-26,P0018,S003,27,55.0,26.508155648465806,26.508155648465806,0.49184435153419415
2023-12-26,P0004,S002,8,194.0,9.044717952994269,9.044717952994269,-1.0447179529942687
2023-12-26,P0004,S005,31,112.0,30.559341237239522,30.559341237239522,0.4406587627604779
2023-12-26,P0006,S002,32,38.0,31.76203176898763,31.76203176898763,0.23796823101237052
2023-12-26,P0012,S003,108,36.0,107.79884951778476,107.79884951778476,0.20115048221524034
2023-12-26,P0016,S001,91,352.0,91.14994266973797,91.14994266973797,-0.14994266973796755
2023-12-27,P0020,S005,138,153.0,137.28737608601216,137.28737608601216,0.7126239139878408
2023-12-27,P0001,S004,40,359.0,40.09560725423158,40.09560725423158,-0.0956072542315809
2023-12-27,P0017,S001,243,95.0,241.99412786721163,241.99412786721163,1.0058721327883688
2023-12-27,P0017,S003,53,165.0,52.773152379681356,52.773152379681356,0.2268476203186438
2023-12-27,P0017,S002,44,197.0,44.451057879210495,44.451057879210495,-0.4510578792104951
2023-12-27,P0001,S003,31,64.0,31.184013930668897,31.184013930668897,-0.18401393066889682
2023-12-27,P0001,S001,196,46.0,194.172954892158,194.172954892158,1.8270451078419967
2023-12-27,P0017,S004,67,195.0,66.67847194358484,66.67847194358484,0.32152805641516125
2023-12-27,P0009,S002,182,453.0,181.65414661933244,181.65414661933244,0.3458533806675632
2023-12-27,P0017,S005,104,76.0,104.59592229467279,104.59592229467279,-0.5959222946727891
2023-12-27,P0018,S001,85,59.0,84.60965609021206,84.60965609021206,0.3903439097879442
2023-12-27,P0001,S002,212,234.0,210.84483067834094,210.84483067834094,1.1551693216590593
2023-12-27,P0013,S005,306,114.0,305.796357802135,305.796357802135,0.20364219786500826
2023-12-27,P0018,S004,19,28.0,19.032059645872668,19.032059645872668,-0.03205964587266763
2023-12-27,P0014,S003,62,291.0,62.503103239560964,62.503103239560964,-0.5031032395609643
2023-12-27,P0020,S002,412,37.0,412.41151120620384,412.41151120620384,-0.41151120620384063
2023-12-27,P0014,S002,29,195.0,28.39798209429825,28.39798209429825,0.6020179057017501
2023-12-27,P0004,S003,12,209.0,12.811825751571766,12.811825751571766,-0.8118257515717655
2023-12-27,P0019,S002,57,289.0,56.997782269015396,56.997782269015396,0.002217730984604316
2023-12-27,P0014,S001,303,182.0,303.1970627377078,303.1970627377078,-0.19706273770782445
2023-12-27,P0008,S003,55,205.0,54.33278394198297,54.33278394198297,0.6672160580170328
2023-12-27,P0004,S004,86,0.0,85.49327566744729,85.49327566744729,0.5067243325527073
2023-12-27,P0008,S002,72,399.0,72.01485728623044,72.01485728623044,-0.014857286230437694
2023-12-27,P0019,S003,18,237.0,16.963807146996942,16.963807146996942,1.0361928530030582
2023-12-27,P0005,S001,35,458.0,35.57498707319473,35.57498707319473,-0.5749870731947269
2023-12-27,P0010,S003,86,18.0,85.43330343242772,85.43330343242772,0.5666965675722793
2023-12-27,P0013,S004,115,249.0,115.14194657056484,115.14194657056484,-0.1419465705648406
2023-12-27,P0005,S002,75,118.0,74.79356667927468,74.79356667927468,0.20643332072532417
2023-12-27,P0004,S005,151,31.0,151.77377388468554,151.77377388468554,-0.7737738846855393
2023-12-27,P0013,S003,329,74.0,329.3033705319131,329.3033705319131,-0.30337053191311725
2023-12-27,P0004,S002,155,8.0,156.21424283165643,156.21424283165643,-1.2142428316564349
2023-12-27,P0004,S001,360,123.0,361.6373602167727,361.6373602167727,-1.63736021677272
2023-12-27,P0015,S004,192,83.0,192.43689297961348,192.43689297961348,-0.43689297961347506
2023-12-27,P0020,S003,22,260.0,21.583531094204574,21.583531094204574,0.4164689057954263
2023-12-27,P0009,S003,114,147.0,113.94486083872535,113.94486083872535,0.05513916127465279
2023-12-27,P0015,S003,106,46.0,106.88125562129193,106.88125562129193,-0.8812556212919276
2023-12-27,P0003,S002,45,22.0,44.508662903619914,44.508662903619914,0.4913370963800858
2023-12-27,P0008,S004,441,309.0,444.0593573070117,444.0593573070117,-3.0593573070116804
2023-12-27,P0014,S004,154,63.0,154.66724185672152,154.66724185672152,-0.6672418567215175
2023-12-27,P0015,S002,163,73.0,162.88106477639516,162.88106477639516,0.11893522360483644
2023-12-27,P0010,S002,31,21.0,30.888550383144615,30.888550383144615,0.1114496168553849
2023-12-27,P0003,S004,12,34.0,12.51288613894953,12.51288613894953,-0.5128861389495292
2023-12-27,P0018,S003,67,27.0,66.79829257597036,66.79829257597036,0.20170742402963526
2023-12-27,P0015,S001,4,73.0,3.610139343433613,3.610139343433613,0.38986065656638713
2023-12-27,P0003,S005,244,268.0,242.92216881124352,242.92216881124352,1.0778311887564769
2023-12-27,P0014,S005,50,16.0,48.970063315522225,48.970063315522225,1.029936684477775
2023-12-27,P0003,S003,40,308.0,40.092121074434914,40.092121074434914,-0.09212107443491391
2023-12-27,P0003,S001,203,362.0,203.41484989662513,203.41484989662513,-0.41484989662512817
2023-12-27,P0005,S003,89,257.0,88.19200226523756,88.19200226523756,0.8079977347624379
2023-12-27,P0013,S002,51,329.0,50.77898484317647,50.77898484317647,0.22101515682353323
2023-12-27,P0019,S005,352,39.0,353.9229409331959,353.9229409331959,-1.922940933195889
2023-12-27,P0011,S005,13,172.0,13.2160747291384,13.2160747291384,-0.2160747291384002
2023-12-27,P0006,S005,177,482.0,176.6882744504866,176.6882744504866,0.3117255495133975
2023-12-27,P0010,S005,84,19.0,83.4568678911911,83.4568678911911,0.543132108808905
2023-12-27,P0011,S004,44,132.0,44.6085866716103,44.6085866716103,-0.608586671610297
2023-12-27,P0007,S001,56,256.0,56.71155232568686,56.71155232568686,-0.7115523256868599
2023-12-27,P0012,S001,369,296.0,367.3169259614384,367.3169259614384,1.6830740385615854
2023-12-27,P0019,S001,180,129.0,180.38693862992054,180.38693862992054,-0.38693862992053596
2023-12-27,P0011,S003,3,254.0,3.286156442942777,3.286156442942777,-0.2861564429427772
2023-12-27,P0009,S004,96,177.0,96.22359940199063,96.22359940199063,-0.22359940199062578
2023-12-27,P0007,S003,172,375.0,172.02359226751378,172.02359226751378,-0.023592267513777188
2023-12-27,P0011,S002,8,183.0,8.075364347082143,8.075364347082143,-0.07536434708214301
2023-12-27,P0007,S004,116,89.0,116.05783630402527,116.05783630402527,-0.05783630402527251
2023-12-27,P0007,S005,154,254.0,154.16068964129312,154.16068964129312,-0.1606896412931178
2023-12-27,P0007,S002,35,308.0,35.27418989773791,35.27418989773791,-0.27418989773791225
2023-12-27,P0001,S005,313,14.0,314.9053788128573,314.9053788128573,-1.9053788128572933
2023-12-27,P0006,S004,246,164.0,245.99530076114692,245.99530076114692,0.004699238853078214
2023-12-27,P0006,S003,171,25.0,170.53052750620736,170.53052750620736,0.46947249379263667
2023-12-27,P0020,S001,11,262.0,11.621338538204368,11.621338538204368,-0.6213385382043679
2023-12-27,P0013,S001,206,12.0,206.03181249404562,206.03181249404562,-0.03181249404562436
2023-12-27,P0005,S004,240,32.0,240.2302442501029,240.2302442501029,-0.23024425010291338
2023-12-27,P0008,S001,168,192.0,168.66568537732462,168.66568537732462,-0.6656853773246212
2023-12-27,P0012,S005,45,71.0,44.51006127450534,44.51006127450534,0.48993872549466033
2023-12-27,P0005,S005,12,118.0,12.695098979166053,12.695098979166053,-0.6950989791660529
2023-12-27,P0012,S002,61,256.0,61.51178108754961,61.51178108754961,-0.5117810875496076
2023-12-27,P0010,S004,61,126.0,60.7094336383172,60.7094336383172,0.29056636168279937
2023-12-27,P0006,S001,109,85.0,109.02761460112738,109.02761460112738,-0.027614601127382343
2023-12-27,P0012,S004,212,70.0,212.73371261399456,212.73371261399456,-0.7337126139945553
2023-12-27,P0006,S002,208,32.0,207.70189055146903,207.70189055146903,0.29810944853096544
2023-12-27,P0009,S001,212,96.0,212.22988127360554,212.22988127360554,-0.22988127360554245
2023-12-27,P0019,S004,33,338.0,32.70927931777417,32.70927931777417,0.2907206822258317
2023-12-27,P0012,S003,65,108.0,65.56628593943043,65.56628593943043,-0.5662859394304292
2023-12-27,P0018,S005,361,12.0,362.6577145480284,362.6577145480284,-1.657714548028423
2023-12-27,P0015,S005,39,29.0,39.12315909865351,39.12315909865351,-0.1231590986535096
2023-12-27,P0011,S001,33,153.0,32.66500095591733,32.66500095591733,0.33499904408267156
2023-12-27,P0016,S003,305,96.0,303.88255244315474,303.88255244315474,1.1174475568452635
2023-12-27,P0020,S004,48,176.0,47.84156014057361,47.84156014057361,0.15843985942638739
2023-12-27,P0010,S001,13,133.0,14.390446047364915,14.390446047364915,-1.3904460473649145
2023-12-27,P0016,S004,137,150.0,136.60396079359,136.60396079359,0.3960392064099949
2023-12-27,P0002,S005,30,179.0,30.073414656196864,30.073414656196864,-0.0734146561968636
2023-12-27,P0002,S001,48,176.0,48.036171612468166,48.036171612468166,-0.03617161246816636
2023-12-27,P0002,S003,269,286.0,269.0193961915778,269.0193961915778,-0.019396191577811805
2023-12-27,P0016,S005,201,18.0,200.88669851084762,200.88669851084762,0.11330148915237714
2023-12-27,P0016,S001,117,91.0,116.17367308294905,116.17367308294905,0.8263269170509489
2023-12-27,P0018,S002,48,386.0,48.43247193877144,48.43247193877144,-0.4324719387714424
2023-12-27,P0002,S004,250,345.0,249.8012840145063,249.8012840145063,0.19871598549369196
2023-12-27,P0002,S002,108,275.0,108.18396275641855,108.18396275641855,-0.18396275641855198
2023-12-27,P0016,S002,131,60.0,131.69459315169178,131.69459315169178,-0.6945931516917767
2023-12-27,P0008,S005,242,43.0,240.57964007255055,240.57964007255055,1.4203599274494536
2023-12-27,P0009,S005,251,25.0,252.61060646345658,252.61060646345658,-1.6106064634565769
2023-12-28,P0013,S002,137,51.0,136.07116375998993,136.07116375998993,0.9288362400100709
2023-12-28,P0005,S004,176,240.0,176.28200306857693,176.28200306857693,-0.2820030685769268
2023-12-28,P0018,S001,179,85.0,180.0452919338897,180.0452919338897,-1.0452919338897004
2023-12-28,P0013,S001,162,206.0,161.68421265988687,161.68421265988687,0.3157873401131326
2023-12-28,P0002,S002,381,108.0,381.0108867378573,381.0108867378573,-0.010886737857276785
2023-12-28,P0005,S003,69,89.0,69.36177407228928,69.36177407228928,-0.36177407228927905
2023-12-28,P0015,S005,337,39.0,336.9302824796105,336.9302824796105,0.06971752038947443
2023-12-28,P0020,S001,215,11.0,215.85551667769303,215.85551667769303,-0.8555166776930321
2023-12-28,P0017,S003,244,53.0,244.48982285034276,244.48982285034276,-0.48982285034276174
2023-12-28,P0005,S002,91,75.0,91.83804086069696,91.83804086069696,-0.8380408606969638
2023-12-28,P0008,S001,287,168.0,285.7463326221537,285.7463326221537,1.2536673778462841
2023-12-28,P0017,S001,170,243.0,169.29676183939708,169.29676183939708,0.7032381606029219
2023-12-28,P0013,S003,23,329.0,22.786822493108726,22.786822493108726,0.2131775068912738
2023-12-28,P0010,S003,141,86.0,139.95164020192243,139.95164020192243,1.0483597980775698
2023-12-28,P0020,S002,294,412.0,294.4629266379281,294.4629266379281,-0.4629266379280921
2023-12-28,P0014,S002,246,29.0,245.98708180594426,245.98708180594426,0.012918194055743015
2023-12-28,P0004,S003,332,12.0,330.72815281109445,330.72815281109445,1.2718471889055536
2023-12-28,P0019,S002,355,57.0,354.38838959441097,354.38838959441097,0.6116104055890332
2023-12-28,P0020,S005,56,138.0,55.77979389072975,55.77979389072975,0.22020610927025075
2023-12-28,P0001,S003,287,31.0,287.4269501054649,287.4269501054649,-0.4269501054649254
2023-12-28,P0014,S001,86,303.0,85.54803428671424,85.54803428671424,0.45196571328575885
2023-12-28,P0018,S002,157,48.0,156.77426862467428,156.77426862467428,0.22573137532572218
2023-12-28,P0004,S004,139,86.0,139.02553986110877,139.02553986110877,-0.02553986110876849
2023-12-28,P0004,S005,237,151.0,236.86356154632693,236.86356154632693,0.1364384536730654
2023-12-28,P0011,S001,231,33.0,231.159652301495,231.159652301495,-0.15965230149498666
2023-12-28,P0018,S004,58,19.0,58.03316926699115,58.03316926699115,-0.03316926699115186
2023-12-28,P0008,S002,95,72.0,95.1435064921641,95.1435064921641,-0.14350649216409295
2023-12-28,P0013,S005,222,306.0,222.74842953971063,222.74842953971063,-0.748429539710628
2023-12-28,P0005,S001,97,35.0,97.47072062496139,97.47072062496139,-0.47072062496138756
2023-12-28,P0012,S005,66,45.0,65.86824854201956,65.86824854201956,0.1317514579804424
2023-12-28,P0019,S003,275,18.0,274.4693015012202,274.4693015012202,0.5306984987798273
2023-12-28,P0013,S004,25,115.0,24.951697789258183,24.951697789258183,0.04830221074181651
2023-12-28,P0002,S003,171,269.0,170.8575548551916,170.8575548551916,0.14244514480839143
2023-12-28,P0010,S004,121,61.0,120.74659555227288,120.74659555227288,0.2534044477271209
2023-12-28,P0005,S005,74,12.0,74.93717075241483,74.93717075241483,-0.9371707524148292
2023-12-28,P0006,S005,21,177.0,21.69468458805565,21.69468458805565,-0.6946845880556509
2023-12-28,P0010,S005,54,84.0,54.21613282791204,54.21613282791204,-0.21613282791204114
2023-12-28,P0011,S004,266,44.0,264.64024906312085,264.64024906312085,1.359750936879152
2023-12-28,P0017,S005,109,104.0,108.66099493123815,108.66099493123815,0.33900506876184977
2023-12-28,P0007,S001,144,56.0,143.97044686981482,143.97044686981482,0.029553130185178134
2023-12-28,P0019,S001,150,180.0,149.28520416073397,149.28520416073397,0.7147958392660314
2023-12-28,P0016,S005,13,201.0,12.161601651315847,12.161601651315847,0.8383983486841533
2023-12-28,P0020,S004,141,48.0,141.082158972004,141.082158972004,-0.08215897200400946
2023-12-28,P0007,S002,346,35.0,347.04264639515867,347.04264639515867,-1.0426463951586697
2023-12-28,P0007,S003,244,172.0,243.80170434725972,243.80170434725972,0.19829565274028482
2023-12-28,P0009,S004,147,96.0,147.3709067307645,147.3709067307645,-0.37090673076448866
2023-12-28,P0017,S004,174,67.0,173.68763509826866,173.68763509826866,0.31236490173134257
2023-12-28,P0001,S001,67,196.0,66.96011511845829,66.96011511845829,0.03988488154170966
2023-12-28,P0011,S002,44,8.0,43.42225502718085,43.42225502718085,0.577744972819147
2023-12-28,P0007,S004,337,116.0,337.45932152971835,337.45932152971835,-0.45932152971835194
2023-12-28,P0007,S005,142,154.0,141.79958896215655,141.79958896215655,0.20041103784345182
2023-12-28,P0011,S003,187,3.0,187.8325262363951,187.8325262363951,-0.8325262363950969
2023-12-28,P0016,S003,67,305.0,67.15068014885479,67.15068014885479,-0.1506801488547893
2023-12-28,P0011,S005,52,13.0,51.63615749260914,51.63615749260914,0.36384250739086355
2023-12-28,P0009,S002,24,182.0,24.935749862947823,24.935749862947823,-0.9357498629478229
2023-12-28,P0018,S005,6,361.0,6.467516638202371,6.467516638202371,-0.46751663820237077
2023-12-28,P0014,S003,262,62.0,262.65342667986704,262.65342667986704,-0.6534266798670387
2023-12-28,P0001,S002,343,212.0,341.77496452010763,341.77496452010763,1.2250354798923695
2023-12-28,P0006,S001,12,109.0,11.755034459579566,11.755034459579566,0.24496554042043428
2023-12-28,P0012,S004,73,212.0,72.94836217655144,72.94836217655144,0.051637823448558606
2023-12-28,P0009,S005,115,251.0,114.834871074101,114.834871074101,0.16512892589899764
2023-12-28,P0006,S002,179,208.0,179.67327495436248,179.67327495436248,-0.6732749543624834
2023-12-28,P0019,S005,230,352.0,230.6829231992656,230.6829231992656,-0.6829231992655878
2023-12-28,P0002,S001,22,48.0,22.312789004284223,22.312789004284223,-0.3127890042842232
2023-12-28,P0016,S004,32,137.0,31.99773155938538,31.99773155938538,0.00226844061462117
2023-12-28,P0006,S003,301,171.0,300.5306892346084,300.5306892346084,0.4693107653915831
2023-12-28,P0019,S004,160,33.0,159.208153152696,159.208153152696,0.7918468473039866
2023-12-28,P0012,S002,35,61.0,34.84803895315728,34.84803895315728,0.15196104684272171
2023-12-28,P0006,S004,356,246.0,356.18977126527625,356.18977126527625,-0.18977126527624932
2023-12-28,P0012,S001,159,369.0,158.39492493295464,158.39492493295464,0.6050750670453624
2023-12-28,P0009,S001,96,212.0,95.38383606614734,95.38383606614734,0.6161639338526612
2023-12-28,P0012,S003,251,65.0,250.30638465330838,250.30638465330838,0.6936153466916153
2023-12-28,P0016,S002,38,131.0,38.09868760688854,38.09868760688854,-0.09868760688853939
2023-12-28,P0001,S005,113,313.0,113.08602692978135,113.08602692978135,-0.08602692978135451
2023-12-28,P0017,S002,381,44.0,378.59637989583223,378.59637989583223,2.4036201041677714
2023-12-28,P0020,S003,142,22.0,141.82303249070523,141.82303249070523,0.17696750929476934
2023-12-28,P0010,S002,394,31.0,395.07626393546224,395.07626393546224,-1.0762639354622365
2023-12-28,P0014,S005,229,50.0,227.4554712000434,227.4554712000434,1.5445287999565949
2023-12-28,P0009,S003,304,114.0,302.70446600021506,302.70446600021506,1.2955339997849364
2023-12-28,P0008,S005,222,242.0,221.44332567917058,221.44332567917058,0.5566743208294156
2023-12-28,P0018,S003,14,67.0,14.13886442731426,14.13886442731426,-0.1388644273142603
2023-12-28,P0002,S004,93,250.0,93.3299498574806,93.3299498574806,-0.32994985748059946
2023-12-28,P0004,S001,265,360.0,264.51008142441754,264.51008142441754,0.48991857558246465
2023-12-28,P0003,S003,223,40.0,223.56966561913862,223.56966561913862,-0.5696656191386182
2023-12-28,P0003,S005,190,244.0,189.60210304969027,189.60210304969027,0.39789695030972894
2023-12-28,P0016,S001,265,117.0,264.20911630090296,264.20911630090296,0.7908836990970372
2023-12-28,P0015,S002,169,163.0,169.1802130744548,169.1802130744548,-0.18021307445479806
2023-12-28,P0008,S003,98,55.0,98.40252105283894,98.40252105283894,-0.40252105283893513
2023-12-28,P0003,S001,212,203.0,212.28982456447937,212.28982456447937,-0.28982456447937466
2023-12-28,P0003,S004,273,12.0,273.79692763640213,273.79692763640213,-0.7969276364021312
2023-12-28,P0015,S003,114,106.0,114.26152517104538,114.26152517104538,-0.26152517104537765
2023-12-28,P0008,S004,105,441.0,104.56465585773604,104.56465585773604,0.4353441422639577
2023-12-28,P0003,S002,88,45.0,87.94163040585364,87.94163040585364,0.05836959414635601
2023-12-28,P0015,S001,33,4.0,34.207953910002615,34.207953910002615,-1.2079539100026153
2023-12-28,P0004,S002,29,155.0,30.14420065838206,30.14420065838206,-1.1442006583820614
2023-12-28,P0010,S001,114,13.0,114.14580650922133,114.14580650922133,-0.14580650922133032
2023-12-28,P0001,S004,118,40.0,117.29146222554756,117.29146222554756,0.7085377744524379
2023-12-28,P0014,S004,144,154.0,143.51950190239532,143.51950190239532,0.48049809760468065
2023-12-28,P0002,S005,282,30.0,281.5447573745698,281.5447573745698,0.4552426254301736
2023-12-28,P0015,S004,22,192.0,21.945158914554327,21.945158914554327,0.05484108544567334
2023-12-29,P0007,S001,59,144.0,58.991867948436145,58.991867948436145,0.008132051563855214
2023-12-29,P0018,S001,150,179.0,150.3995815558325,150.3995815558325,-0.39958155583249777
2023-12-29,P0006,S005,25,21.0,24.434204140909447,24.434204140909447,0.565795859090553
2023-12-29,P0006,S004,192,356.0,192.90740722484892,192.90740722484892,-0.9074072248489244
2023-12-29,P0012,S005,28,66.0,27.856760916847833,27.856760916847833,0.14323908315216727
2023-12-29,P0001,S004,33,118.0,32.377167686654474,32.377167686654474,0.6228323133455262
2023-12-29,P0005,S004,85,176.0,84.44690861311217,84.44690861311217,0.5530913868878287
2023-12-29,P0015,S001,125,33.0,125.70153447655701,125.70153447655701,-0.7015344765570148
2023-12-29,P0002,S002,99,381.0,99.39334616452217,99.39334616452217,-0.3933461645221712
2023-12-29,P0010,S002,147,394.0,147.04796938110738,147.04796938110738,-0.047969381107378695
2023-12-29,P0013,S001,129,162.0,128.75763974493432,128.75763974493432,0.2423602550656767
2023-12-29,P0020,S003,48,142.0,47.87382506066977,47.87382506066977,0.12617493933022672
2023-12-29,P0008,S001,105,287.0,104.909370491362,104.909370491362,0.09062950863800268
2023-12-29,P0003,S004,218,273.0,217.63166782777446,217.63166782777446,0.3683321722255357
2023-12-29,P0020,S001,62,215.0,62.1022487165736,62.1022487165736,-0.10224871657359813
2023-12-29,P0011,S004,241,266.0,241.12149867606885,241.12149867606885,-0.12149867606885323
2023-12-29,P0013,S002,217,137.0,216.54390770894338,216.54390770894338,0.4560922910566205
2023-12-29,P0017,S001,7,170.0,7.118435628179854,7.118435628179854,-0.11843562817985376
2023-12-29,P0018,S003,265,14.0,263.3174305921092,263.3174305921092,1.68256940789081
2023-12-29,P0010,S005,171,54.0,172.58002583027968,172.58002583027968,-1.5800258302796806
2023-12-29,P0015,S005,64,337.0,63.42040972245256,63.42040972245256,0.5795902775474389
2023-12-29,P0020,S004,141,141.0,140.77485103026308,140.77485103026308,0.2251489697369209
2023-12-29,P0002,S005,120,282.0,120.15636319231437,120.15636319231437,-0.15636319231437312
2023-12-29,P0016,S004,156,32.0,155.81839889863724,155.81839889863724,0.18160110136275875
2023-12-29,P0012,S002,63,35.0,62.18264367128625,62.18264367128625,0.8173563287137497
2023-12-29,P0012,S001,86,159.0,85.44398233038697,85.44398233038697,0.556017669613027
2023-12-29,P0019,S004,219,160.0,218.26913326699832,218.26913326699832,0.730866733001676
2023-12-29,P0006,S003,132,301.0,132.9797684766105,132.9797684766105,-0.9797684766105021
2023-12-29,P0003,S002,4,88.0,3.7696253023527015,3.7696253023527015,0.23037469764729845
2023-12-29,P0015,S003,297,114.0,295.2458245422855,295.2458245422855,1.7541754577144957
2023-12-29,P0008,S004,71,105.0,71.30732871154005,71.30732871154005,-0.3073287115400518
2023-12-29,P0012,S003,132,251.0,131.43985122980226,131.43985122980226,0.5601487701977419
2023-12-29,P0002,S001,81,22.0,80.71766293485452,80.71766293485452,0.28233706514548373
2023-12-29,P0019,S005,80,230.0,80.05610561581847,80.05610561581847,-0.05610561581846696
2023-12-29,P0006,S002,122,179.0,122.52737462828946,122.52737462828946,-0.5273746282894649
2023-12-29,P0015,S002,60,169.0,60.32561648492133,60.32561648492133,-0.32561648492133344
2023-12-29,P0012,S004,103,73.0,102.54971180001152,102.54971180001152,0.4502881999884778
2023-12-29,P0009,S002,162,24.0,162.69233621091584,162.69233621091584,-0.6923362109158404
2023-12-29,P0009,S003,194,304.0,194.33831400398242,194.33831400398242,-0.3383140039824184
2023-12-29,P0009,S001,147,96.0,147.05532192451426,147.05532192451426,-0.05532192451425999
2023-12-29,P0006,S001,46,12.0,45.99265656639913,45.99265656639913,0.007343433600873084
2023-12-29,P0009,S005,156,115.0,155.73342524769265,155.73342524769265,0.26657475230734917
2023-12-29,P0003,S003,43,223.0,42.73167217033723,42.73167217033723,0.26832782966277335
2023-12-29,P0001,S002,106,343.0,106.46794426316964,106.46794426316964,-0.46794426316964177
2023-12-29,P0010,S004,145,121.0,145.56593620775638,145.56593620775638,-0.5659362077563799
2023-12-29,P0020,S005,268,56.0,267.84167544818615,267.84167544818615,0.1583245518138483
2023-12-29,P0018,S005,144,6.0,143.99452466638778,143.99452466638778,0.005475333612224631
2023-12-29,P0016,S001,73,265.0,72.94226573882489,72.94226573882489,0.05773426117511349
2023-12-29,P0016,S003,4,67.0,3.602231419820831,3.602231419820831,0.39776858017916883
2023-12-29,P0005,S005,417,74.0,414.5370881435821,414.5370881435821,2.462911856417918
2023-12-29,P0011,S005,336,52.0,335.96964160657785,335.96964160657785,0.030358393422147856
2023-12-29,P0005,S003,248,69.0,247.35794017464139,247.35794017464139,0.6420598253586149
2023-12-29,P0014,S005,198,229.0,198.4573195093141,198.4573195093141,-0.4573195093140896
2023-12-29,P0011,S002,13,44.0,13.006736261696515,13.006736261696515,-0.0067362616965152
2023-12-29,P0002,S003,314,171.0,314.3941827259984,314.3941827259984,-0.3941827259984052
2023-12-29,P0009,S004,73,147.0,72.84128565412725,72.84128565412725,0.15871434587275246
2023-12-29,P0007,S004,152,337.0,152.09189656197108,152.09189656197108,-0.0918965619710832
2023-12-29,P0014,S004,232,144.0,232.548881358488,232.548881358488,-0.5488813584879892
2023-12-29,P0013,S005,287,222.0,286.85580822596137,286.85580822596137,0.1441917740386316
2023-12-29,P0010,S001,53,114.0,52.41745618596761,52.41745618596761,0.5825438140323911
2023-12-29,P0017,S004,100,174.0,99.46372163610232,99.46372163610232,0.5362783638976794
2023-12-29,P0004,S003,154,332.0,153.93400139918893,153.93400139918893,0.06599860081107067
2023-12-29,P0018,S004,52,58.0,52.591833712817554,52.591833712817554,-0.5918337128175537
2023-12-29,P0005,S001,270,97.0,271.07733426264036,271.07733426264036,-1.0773342626403632
2023-12-29,P0019,S001,41,150.0,41.31051193341096,41.31051193341096,-0.3105119334109574
2023-12-29,P0007,S005,36,142.0,35.97176928418162,35.97176928418162,0.028230715818381213
2023-12-29,P0004,S005,132,237.0,131.9996564222277,131.9996564222277,0.00034357777229843123
2023-12-29,P0002,S004,13,93.0,12.12620512309209,12.12620512309209,0.87379487690791
2023-12-29,P0001,S001,168,67.0,167.70285227428712,167.70285227428712,0.2971477257128754
2023-12-29,P0004,S004,237,139.0,236.37977568672665,236.37977568672665,0.6202243132733543
2023-12-29,P0004,S001,73,265.0,72.79118239213531,72.79118239213531,0.20881760786468817
2023-12-29,P0018,S002,83,157.0,83.32610925794029,83.32610925794029,-0.32610925794028844
2023-12-29,P0003,S001,107,212.0,107.48850715572935,107.48850715572935,-0.48850715572935144
2023-12-29,P0014,S001,84,86.0,83.18659398912692,83.18659398912692,0.8134060108730807
2023-12-29,P0001,S003,108,287.0,107.30613209119532,107.30613209119532,0.6938679088046769
2023-12-29,P0008,S002,61,95.0,61.024131132768,61.024131132768,-0.024131132767998054
2023-12-29,P0014,S002,87,246.0,86.65214069353202,86.65214069353202,0.34785930646798136
2023-12-29,P0008,S005,126,222.0,125.44049566803196,125.44049566803196,0.5595043319680428
2023-12-29,P0011,S003,165,187.0,164.17063622384484,164.17063622384484,0.8293637761551622
2023-12-29,P0013,S003,116,23.0,115.89456793822657,115.89456793822657,0.10543206177342768
2023-12-29,P0011,S001,218,231.0,218.63351551831082,218.63351551831082,-0.6335155183108157
2023-12-29,P0017,S003,138,244.0,138.65028501933995,138.65028501933995,-0.6502850193399468
2023-12-29,P0014,S003,181,262.0,181.58316731829032,181.58316731829032,-0.5831673182903216
2023-12-29,P0017,S002,41,381.0,41.85215960143499,41.85215960143499,-0.852159601434991
2023-12-29,P0007,S002,255,346.0,255.43614571509556,255.43614571509556,-0.436145715095563
2023-12-29,P0004,S002,55,29.0,54.27357373906005,54.27357373906005,0.7264262609399523
2023-12-29,P0016,S002,178,38.0,179.1754466841894,179.1754466841894,-1.17544668418941
2023-12-29,P0005,S002,286,91.0,285.44989464958275,285.44989464958275,0.5501053504172546
2023-12-29,P0007,S003,100,244.0,99.90881138610965,99.90881138610965,0.0911886138903526
2023-12-29,P0015,S004,56,22.0,55.594365581736525,55.594365581736525,0.40563441826347457
2023-12-29,P0008,S003,186,98.0,186.3616826022895,186.3616826022895,-0.36168260228950544
2023-12-29,P0003,S005,144,190.0,144.32422918631573,144.32422918631573,-0.3242291863157334
2023-12-29,P0010,S003,210,141.0,210.41467326612027,210.41467326612027,-0.4146732661202748
2023-12-29,P0019,S003,10,275.0,9.97591731041499,9.97591731041499,0.024082689585009476
2023-12-29,P0019,S002,206,355.0,204.42425019939438,204.42425019939438,1.575749800605621
2023-12-29,P0016,S005,273,13.0,274.62459148767533,274.62459148767533,-1.6245914876753318
2023-12-29,P0020,S002,92,294.0,92.35252392651174,92.35252392651174,-0.35252392651173636
2023-12-29,P0001,S005,123,113.0,123.07632953080001,123.07632953080001,-0.07632953080000959
2023-12-29,P0017,S005,225,109.0,225.8577522957938,225.8577522957938,-0.8577522957938015
2023-12-29,P0013,S004,30,25.0,29.768692381120147,29.768692381120147,0.2313076188798533
2023-12-30,P0001,S005,92,123.0,92.04631148151951,92.04631148151951,-0.04631148151950981
2023-12-30,P0012,S001,160,86.0,160.73326705903256,160.73326705903256,-0.7332670590325563
2023-12-30,P0015,S005,46,64.0,45.34937399156192,45.34937399156192,0.6506260084380813
2023-12-30,P0017,S005,150,225.0,150.5565774024626,150.5565774024626,-0.556577402462608
2023-12-30,P0011,S001,55,218.0,54.33278394198297,54.33278394198297,0.6672160580170328
2023-12-30,P0015,S003,220,297.0,219.81828025720512,219.81828025720512,0.18171974279488268
2023-12-30,P0019,S005,29,80.0,29.412537602923955,29.412537602923955,-0.4125376029239547
2023-12-30,P0008,S004,188,71.0,186.92002706535735,186.92002706535735,1.0799729346426545
2023-12-30,P0007,S004,247,152.0,247.66977318723875,247.66977318723875,-0.6697731872387465
2023-12-30,P0001,S004,106,33.0,106.12040551261657,106.12040551261657,-0.12040551261657129
2023-12-30,P0011,S002,29,13.0,28.397256764757635,28.397256764757635,0.6027432352423645
2023-12-30,P0019,S001,94,41.0,94.10327041782232,94.10327041782232,-0.10327041782231561
2023-12-30,P0010,S005,58,171.0,58.707988197451165,58.707988197451165,-0.707988197451165
2023-12-30,P0007,S001,368,59.0,367.44076541807186,367.44076541807186,0.5592345819281377
2023-12-30,P0007,S002,13,255.0,12.44425240848163,12.44425240848163,0.5557475915183705
2023-12-30,P0009,S001,138,147.0,138.5179913216763,138.5179913216763,-0.5179913216763055
2023-12-30,P0011,S003,118,165.0,118.13708850256343,118.13708850256343,-0.13708850256342942
2023-12-30,P0020,S003,1,48.0,0.9088476656803646,0.9088476656803646,0.09115233431963543
2023-12-30,P0011,S004,291,241.0,289.94660885298833,289.94660885298833,1.0533911470116664
2023-12-30,P0016,S005,11,273.0,11.017405116894293,11.017405116894293,-0.01740511689429347
2023-12-30,P0015,S004,60,56.0,61.102080710659294,61.102080710659294,-1.102080710659294
2023-12-30,P0009,S003,190,194.0,188.92702299592085,188.92702299592085,1.0729770040791493
2023-12-30,P0006,S005,77,25.0,77.12794183645742,77.12794183645742,-0.12794183645742407
2023-12-30,P0010,S001,331,53.0,331.71831863852793,331.71831863852793,-0.7183186385279328
2023-12-30,P0009,S004,116,73.0,115.64508572159663,115.64508572159663,0.35491427840337053
2023-12-30,P0020,S004,67,141.0,67.15036270727187,67.15036270727187,-0.15036270727186718
2023-12-30,P0009,S002,179,162.0,180.09377321055922,180.09377321055922,-1.0937732105592204
2023-12-30,P0020,S005,149,268.0,149.123656115209,149.123656115209,-0.12365611520900188
2023-12-30,P0007,S005,58,36.0,58.24984678249611,58.24984678249611,-0.2498467824961068
2023-12-30,P0002,S005,183,120.0,181.75526004596304,181.75526004596304,1.2447399540369588
2023-12-30,P0001,S001,30,168.0,30.06504697169032,30.06504697169032,-0.0650469716903217
2023-12-30,P0011,S005,6,336.0,7.08933681676908,7.08933681676908,-1.0893368167690802
2023-12-30,P0003,S001,91,107.0,90.62554236299971,90.62554236299971,0.37445763700029033
2023-12-30,P0007,S003,124,100.0,123.63105454437842,123.63105454437842,0.368945455621585
2023-12-30,P0019,S004,11,219.0,10.109403597398282,10.109403597398282,0.8905964026017177
2023-12-30,P0003,S003,265,43.0,265.8903307340151,265.8903307340151,-0.8903307340150945
2023-12-30,P0017,S003,37,138.0,36.82166560420015,36.82166560420015,0.1783343957998511
2023-12-30,P0005,S003,271,248.0,269.90369405741626,269.90369405741626,1.09630594258374
2023-12-30,P0009,S005,237,156.0,237.14118000810416,237.14118000810416,-0.14118000810415765
2023-12-30,P0002,S002,40,99.0,39.95339140207247,39.95339140207247,0.04660859792753058
2023-12-30,P0016,S002,336,178.0,337.55156251884733,337.55156251884733,-1.5515625188473336
2023-12-30,P0014,S002,52,87.0,51.68760206157922,51.68760206157922,0.31239793842078
2023-12-30,P0008,S005,222,126.0,222.35139266840704,222.35139266840704,-0.3513926684070441
2023-12-30,P0006,S004,11,192.0,10.604194674136393,10.604194674136393,0.3958053258636074
2023-12-30,P0013,S003,119,116.0,118.8364466460254,118.8364466460254,0.16355335397460635
2023-12-30,P0004,S003,157,154.0,156.83756602169777,156.83756602169777,0.16243397830223216
2023-12-30,P0014,S004,55,232.0,55.233167039428075,55.233167039428075,-0.23316703942807493
2023-12-30,P0010,S003,38,210.0,37.965959343443146,37.965959343443146,0.03404065655685429
2023-12-30,P0005,S002,73,286.0,72.87675186056488,72.87675186056488,0.1232481394351197
2023-12-30,P0017,S002,84,41.0,83.89756377941967,83.89756377941967,0.10243622058032997
2023-12-30,P0017,S001,43,7.0,42.62182604035851,42.62182604035851,0.3781739596414866
2023-12-30,P0018,S002,359,83.0,359.0117542376161,359.0117542376161,-0.011754237616116825
2023-12-30,P0013,S004,326,30.0,326.7703447995283,326.7703447995283,-0.7703447995282886
2023-12-30,P0019,S003,208,10.0,207.63566898900075,207.63566898900075,0.36433101099925125
2023-12-30,P0003,S005,29,144.0,29.87430067059599,29.87430067059599,-0.8743006705959893
2023-12-30,P0005,S001,132,270.0,131.7290251723435,131.7290251723435,0.27097482765648806
2023-12-30,P0001,S003,31,108.0,30.524974382539924,30.524974382539924,0.47502561746007643
2023-12-30,P0014,S001,46,84.0,45.4913240855825,45.4913240855825,0.5086759144175019
2023-12-30,P0002,S003,174,314.0,174.55505465316423,174.55505465316423,-0.555054653164234
2023-12-30,P0008,S003,160,186.0,160.38565813891773,160.38565813891773,-0.3856581389177336
2023-12-30,P0004,S001,43,73.0,43.196150942491805,43.196150942491805,-0.19615094249180487
2023-12-30,P0013,S005,234,287.0,233.22768035494002,233.22768035494002,0.7723196450599801
2023-12-30,P0004,S004,12,237.0,11.715293925219813,11.715293925219813,0.2847060747801873
2023-12-30,P0014,S005,153,198.0,153.82678258982014,153.82678258982014,-0.8267825898201409
2023-12-30,P0018,S004,171,52.0,171.31453342221624,171.31453342221624,-0.31453342221624325
2023-12-30,P0002,S004,241,13.0,241.11260963010827,241.11260963010827,-0.11260963010826686
2023-12-30,P0004,S005,153,132.0,152.5983382630478,152.5983382630478,0.40166173695220664
2023-12-30,P0020,S002,269,92.0,270.24694069319855,270.24694069319855,-1.2469406931985532
2023-12-30,P0017,S004,383,100.0,383.9910090945269,383.9910090945269,-0.9910090945268735
2023-12-30,P0016,S004,79,156.0,79.34174083019838,79.34174083019838,-0.34174083019837553
2023-12-30,P0012,S002,119,63.0,118.58131868123807,118.58131868123807,0.4186813187619265
2023-12-30,P0006,S003,230,132.0,231.3028349847148,231.3028349847148,-1.3028349847147922
2023-12-30,P0003,S002,92,4.0,92.30347647059045,92.30347647059045,-0.3034764705904536
2023-12-30,P0012,S003,61,132.0,61.004380516973264,61.004380516973264,-0.004380516973263582
2023-12-30,P0015,S002,18,60.0,17.966966622768286,17.966966622768286,0.033033377231713956
2023-12-30,P0006,S002,102,122.0,102.22582370680227,102.22582370680227,-0.2258237068022737
2023-12-30,P0002,S001,105,81.0,104.49617614923916,104.49617614923916,0.5038238507608384
2023-12-30,P0012,S004,262,103.0,262.24283979057793,262.24283979057793,-0.24283979057793204
2023-12-30,P0014,S003,81,181.0,80.08479128070738,80.08479128070738,0.9152087192926217
2023-12-30,P0010,S004,264,145.0,263.44871531751363,263.44871531751363,0.5512846824863686
2023-12-30,P0006,S001,38,46.0,38.4533099177218,38.4533099177218,-0.4533099177218034
2023-12-30,P0001,S002,36,106.0,35.77142418560095,35.77142418560095,0.22857581439905061
2023-12-30,P0004,S002,257,55.0,258.1356218989925,258.1356218989925,-1.1356218989924969
2023-12-30,P0018,S001,32,150.0,31.890014967122028,31.890014967122028,0.10998503287797234
2023-12-30,P0008,S002,228,61.0,227.70061259335677,227.70061259335677,0.29938740664323404
2023-12-30,P0016,S003,224,4.0,223.5270328572774,223.5270328572774,0.4729671427226094
2023-12-30,P0005,S005,472,417.0,471.73278903110366,471.73278903110366,0.267210968896336
2023-12-30,P0016,S001,64,73.0,63.89268016740582,63.89268016740582,0.10731983259417888
2023-12-30,P0003,S004,167,218.0,167.2530991199035,167.2530991199035,-0.25309911990351
2023-12-30,P0012,S005,216,28.0,215.71072110643954,215.71072110643954,0.2892788935604642
2023-12-30,P0005,S004,150,85.0,150.16544350055048,150.16544350055048,-0.16544350055048085
2023-12-30,P0018,S003,8,265.0,8.518687977660635,8.518687977660635,-0.518687977660635
2023-12-30,P0013,S001,136,129.0,136.54974460570955,136.54974460570955,-0.5497446057095488
2023-12-30,P0010,S002,57,147.0,57.69602149060764,57.69602149060764,-0.6960214906076416
2023-12-30,P0015,S001,60,125.0,61.102080710659294,61.102080710659294,-1.102080710659294
2023-12-30,P0020,S001,53,62.0,52.197201458797906,52.197201458797906,0.8027985412020939
2023-12-30,P0008,S001,12,105.0,11.96636165491607,11.96636165491607,0.033638345083929266
2023-12-30,P0019,S002,53,206.0,53.32180524267449,53.32180524267449,-0.3218052426744933
2023-12-30,P0013,S002,201,217.0,199.16950715903118,199.16950715903118,1.830492840968816
2023-12-30,P0018,S005,29,144.0,29.543643958757208,29.543643958757208,-0.5436439587572082
2023-12-31,P0008,S002,15,228.0,15.196634951976131,15.196634951976131,-0.19663495197613123
2023-12-31,P0019,S004,88,11.0,88.59102807245046,88.59102807245046,-0.591028072450456
2023-12-31,P0007,S005,162,58.0,161.84976953334166,161.84976953334166,0.15023046665834272
2023-12-31,P0008,S003,18,160.0,18.38564777690471,18.38564777690471,-0.38564777690471175
2023-12-31,P0009,S001,54,138.0,53.31592287654608,53.31592287654608,0.6840771234539176
2023-12-31,P0010,S002,37,57.0,37.431331218396394,37.431331218396394,-0.43133121839639443
2023-12-31,P0009,S005,15,237.0,14.453361646126694,14.453361646126694,0.5466383538733055
2023-12-31,P0020,S005,40,149.0,40.79836902385073,40.79836902385073,-0.7983690238507322
2023-12-31,P0010,S003,131,38.0,131.3311205235019,131.3311205235019,-0.3311205235019088
2023-12-31,P0010,S001,58,331.0,57.98955767616476,57.98955767616476,0.010442323835242462
2023-12-31,P0010,S005,217,58.0,216.19700407817854,216.19700407817854,0.8029959218214628
2023-12-31,P0008,S001,100,12.0,99.48376973424108,99.48376973424108,0.5162302657589208
2023-12-31,P0017,S004,122,383.0,121.93746026200856,121.93746026200856,0.06253973799144319
2023-12-31,P0008,S004,55,188.0,55.57715764246455,55.57715764246455,-0.5771576424645488
2023-12-31,P0010,S004,47,264.0,46.24107426579424,46.24107426579424,0.7589257342057607
2023-12-31,P0008,S005,8,222.0,7.45097300690957,7.45097300690957,0.5490269930904299
2023-12-31,P0019,S002,284,53.0,284.07265497424004,284.07265497424004,-0.07265497424003797
2023-12-31,P0005,S003,6,271.0,6.274615506045331,6.274615506045331,-0.2746155060453308
2023-12-31,P0007,S004,83,247.0,82.30386683897679,82.30386683897679,0.6961331610232122
2023-12-31,P0009,S003,114,190.0,114.47647532665948,114.47647532665948,-0.47647532665948233
2023-12-31,P0015,S002,44,18.0,44.04336804213116,44.04336804213116,-0.04336804213116352
2023-12-31,P0003,S003,144,265.0,143.97044686981482,143.97044686981482,0.029553130185178134
2023-12-31,P0003,S004,33,167.0,32.55308885613324,32.55308885613324,0.4469111438667568
2023-12-31,P0018,S003,2,8.0,1.9079533124513892,1.9079533124513892,0.09204668754861078
2023-12-31,P0015,S001,164,60.0,164.28044671422035,164.28044671422035,-0.2804467142203464
2023-12-31,P0017,S002,293,84.0,291.6164787290038,291.6164787290038,1.383521270996198
2023-12-31,P0003,S002,86,92.0,86.39069122016043,86.39069122016043,-0.3906912201604342
2023-12-31,P0003,S005,155,29.0,155.21243078023045,155.21243078023045,-0.2124307802304486
2023-12-31,P0004,S001,158,43.0,157.91182096348962,157.91182096348962,0.0881790365103825
2023-12-31,P0014,S004,86,55.0,85.73647385494965,85.73647385494965,0.2635261450503492
2023-12-31,P0004,S002,187,257.0,187.36956548871473,187.36956548871473,-0.36956548871472705
2023-12-31,P0014,S003,125,81.0,125.81552601756471,125.81552601756471,-0.8155260175647072
2023-12-31,P0020,S002,158,269.0,157.8392863036461,157.8392863036461,0.16071369635389487
2023-12-31,P0014,S002,119,52.0,118.73940657383874,118.73940657383874,0.2605934261612646
2023-12-31,P0004,S003,165,157.0,165.82884585073418,165.82884585073418,-0.8288458507341829
2023-12-31,P0014,S005,22,153.0,21.56146648143097,21.56146648143097,0.4385335185690309
2023-12-31,P0015,S003,53,220.0,53.49696482847136,53.49696482847136,-0.4969648284713628
2023-12-31,P0020,S003,17,1.0,17.044212552573452,17.044212552573452,-0.0442125525734518
2023-12-31,P0001,S004,86,106.0,86.32176515387559,86.32176515387559,-0.3217651538755888
2023-12-31,P0001,S005,39,92.0,39.208189905611036,39.208189905611036,-0.2081899056110359
2023-12-31,P0016,S005,54,11.0,54.11474216077962,54.11474216077962,-0.1147421607796204
2023-12-31,P0020,S004,139,67.0,138.67521582626242,138.67521582626242,0.3247841737375836
2023-12-31,P0016,S004,221,79.0,220.28897282527876,220.28897282527876,0.711027174721238
2023-12-31,P0002,S001,6,105.0,6.756309039371886,6.756309039371886,-0.7563090393718861
2023-12-31,P0016,S003,1,224.0,0.6050602042771916,0.6050602042771916,0.39493979572280835
2023-12-31,P0017,S001,156,43.0,156.64887416670416,156.64887416670416,-0.6488741667041609
2023-12-31,P0002,S002,28,40.0,29.294749905202185,29.294749905202185,-1.2947499052021847
2023-12-31,P0002,S003,321,174.0,320.3433225027743,320.3433225027743,0.6566774972257008
2023-12-31,P0018,S002,101,359.0,101.31490793776562,101.31490793776562,-0.314907937765625
2023-12-31,P0016,S002,12,336.0,11.658612943648043,11.658612943648043,0.341387056351957
2023-12-31,P0002,S004,194,241.0,193.2650775457013,193.2650775457013,0.7349224542986974
2023-12-31,P0016,S001,61,64.0,60.49319831366223,60.49319831366223,0.5068016863377665
2023-12-31,P0002,S005,271,183.0,271.3029133949106,271.3029133949106,-0.302913394910604
2023-12-31,P0015,S005,33,46.0,32.75298210421272,32.75298210421272,0.2470178957872804
2023-12-31,P0003,S001,143,91.0,142.89690541457608,142.89690541457608,0.1030945854239178
2023-12-31,P0015,S004,95,60.0,95.5386211550544,95.5386211550544,-0.5386211550544004
2023-12-31,P0014,S001,48,46.0,47.951984744793386,47.951984744793386,0.04801525520661443
2023-12-31,P0001,S003,24,31.0,23.770443918216294,23.770443918216294,0.22955608178370568
2023-12-31,P0004,S004,184,12.0,184.70016008221785,184.70016008221785,-0.7001600822178489
2023-12-31,P0004,S005,30,153.0,29.883918873478848,29.883918873478848,0.1160811265211521
2023-12-31,P0006,S003,288,230.0,289.24921854368745,289.24921854368745,-1.249218543687448
2023-12-31,P0012,S002,194,119.0,192.73691911441608,192.73691911441608,1.2630808855839177
2023-12-31,P0006,S004,101,11.0,100.65698338653921,100.65698338653921,0.34301661346079015
2023-12-31,P0012,S001,25,160.0,25.47722816836292,25.47722816836292,-0.47722816836292026
2023-12-31,P0019,S005,17,29.0,16.880212476995986,16.880212476995986,0.11978752300401396
2023-12-31,P0011,S005,13,6.0,12.788878288597047,12.788878288597047,0.21112171140295288
2023-12-31,P0009,S002,57,179.0,56.89924197669337,56.89924197669337,0.10075802330663208
2023-12-31,P0006,S005,299,77.0,298.6352894729089,298.6352894729089,0.36471052709111973
2023-12-31,P0011,S004,30,291.0,30.107281161107597,30.107281161107597,-0.107281161107597
2023-12-31,P0007,S001,181,368.0,181.24395969728377,181.24395969728377,-0.24395969728377054
2023-12-31,P0019,S001,62,94.0,61.985365492194546,61.985365492194546,0.014634507805453723
2023-12-31,P0007,S002,16,13.0,15.700432958761821,15.700432958761821,0.2995670412381788
2023-12-31,P0011,S003,290,118.0,290.6564791830551,290.6564791830551,-0.6564791830551258
2023-12-31,P0007,S003,56,124.0,55.863752633531064,55.863752633531064,0.1362473664689361
2023-12-31,P0011,S002,189,29.0,189.73335791525975,189.73335791525975,-0.7333579152597451
2023-12-31,P0001,S001,26,30.0,25.908280494346396,25.908280494346396,0.09171950565360376
2023-12-31,P0009,S004,240,116.0,239.48166710912275,239.48166710912275,0.5183328908772467
2023-12-31,P0012,S003,44,61.0,44.03653221802903,44.03653221802903,-0.036532218029030616
2023-12-31,P0011,S001,267,55.0,267.6538713824504,267.6538713824504,-0.6538713824504043
2023-12-31,P0006,S002,187,102.0,186.55234772355797,186.55234772355797,0.4476522764420281
2023-12-31,P0006,S001,146,38.0,145.48180288988536,145.48180288988536,0.5181971101146416
2023-12-31,P0018,S004,213,171.0,213.23786067851591,213.23786067851591,-0.23786067851591497
2023-12-31,P0013,S005,160,234.0,159.6752227258348,159.6752227258348,0.32477727416519997
2023-12-31,P0005,S001,52,132.0,51.83367933059023,51.83367933059023,0.16632066940977097
2023-12-31,P0013,S004,37,326.0,36.769901340701054,36.769901340701054,0.23009865929894602
2023-12-31,P0019,S003,184,208.0,183.82591090320582,183.82591090320582,0.1740890967941766
2023-12-31,P0005,S002,396,73.0,392.54254628852175,392.54254628852175,3.4574537114782515
2023-12-31,P0013,S003,88,119.0,88.43718415220248,88.43718415220248,-0.43718415220247664
2023-12-31,P0017,S003,132,37.0,132.03121937858748,132.03121937858748,-0.031219378587479696
2023-12-31,P0018,S001,0,32.0,0.34249515687551124,0.34249515687551124,-0.34249515687551124
2023-12-31,P0013,S002,104,201.0,104.02134210479745,104.02134210479745,-0.02134210479745491
2023-12-31,P0020,S001,37,53.0,36.78964937696493,36.78964937696493,0.2103506230350689
2023-12-31,P0013,S001,111,136.0,111.85890030790375,111.85890030790375,-0.8589003079037525
2023-12-31,P0005,S004,134,150.0,134.43430733759556,134.43430733759556,-0.4343073375955555
2023-12-31,P0012,S005,52,216.0,51.8360836489279,51.8360836489279,0.16391635107210334
2023-12-31,P0005,S005,210,472.0,209.38387033856617,209.38387033856617,0.6161296614338312
2023-12-31,P0018,S005,111,29.0,111.31764602696786,111.31764602696786,-0.31764602696786426
2023-12-31,P0001,S002,308,36.0,309.64173547997444,309.64173547997444,-1.641735479974443
2023-12-31,P0012,S004,77,262.0,76.52060954417432,76.52060954417432,0.47939045582567985
2023-12-31,P0017,S005,162,150.0,161.36482206662083,161.36482206662083,0.6351779333791683
2024-01-01,P0010,S005,184,217.0,184.6710976948312,184.6710976948312,-0.6710976948311895
2024-01-01,P0020,S003,277,17.0,275.81830389278826,275.81830389278826,1.1816961072117351
2024-01-01,P0006,S001,87,146.0,87.64638823499652,87.64638823499652,-0.6463882349965218
2024-01-01,P0006,S002,159,187.0,158.65784458607843,158.65784458607843,0.34215541392157434
2024-01-01,P0006,S003,366,288.0,363.3881966132687,363.3881966132687,2.61180338673131
2024-01-01,P0006,S004,195,101.0,193.88442945540297,193.88442945540297,1.115570544597034
2024-01-01,P0006,S005,173,299.0,173.54467242159302,173.54467242159302,-0.5446724215930203
2024-01-01,P0007,S001,9,181.0,8.639545423149345,8.639545423149345,0.3604545768506551
2024-01-01,P0007,S002,2,16.0,2.1551483025890508,2.1551483025890508,-0.15514830258905077
2024-01-01,P0007,S003,97,56.0,97.28926741594384,97.28926741594384,-0.28926741594384
2024-01-01,P0007,S004,117,83.0,117.33657320643634,117.33657320643634,-0.33657320643634137
2024-01-01,P0007,S005,4,162.0,5.051882350512617,5.051882350512617,-1.0518823505126171
2024-01-01,P0008,S001,233,100.0,234.44528424109276,234.44528424109276,-1.4452842410927644
2024-01-01,P0008,S002,43,15.0,43.1258371221807,43.1258371221807,-0.1258371221806982
2024-01-01,P0008,S003,74,18.0,74.98015313817388,74.98015313817388,-0.9801531381738755
2024-01-01,P0008,S004,365,55.0,365.3990959669448,365.3990959669448,-0.3990959669447989
2024-01-01,P0008,S005,292,8.0,291.804397729674,291.804397729674,0.19560227032599187
2024-01-01,P0009,S001,22,54.0,21.372928217283057,21.372928217283057,0.6270717827169427
2024-01-01,P0009,S002,31,57.0,30.976000420354822,30.976000420354822,0.02399957964517796
2024-01-01,P0009,S003,14,114.0,12.070714126874925,12.070714126874925,1.9292858731250746
2024-01-01,P0009,S004,47,240.0,46.73788709719211,46.73788709719211,0.26211290280789257
2024-01-01,P0009,S005,211,15.0,210.9731338310685,210.9731338310685,0.026866168931491075
2024-01-01,P0010,S001,70,58.0,69.86891126634875,69.86891126634875,0.13108873365125362
2024-01-01,P0005,S005,154,210.0,154.25578900921366,154.25578900921366,-0.25578900921365744
2024-01-01,P0010,S002,347,37.0,344.94130764714794,344.94130764714794,2.058692352852063
2024-01-01,P0005,S004,112,134.0,112.37811745667973,112.37811745667973,-0.37811745667973184
2024-01-01,P0005,S002,200,396.0,200.28092422956723,200.28092422956723,-0.2809242295672334
2024-01-01,P0001,S001,40,26.0,41.0501494338596,41.0501494338596,-1.0501494338596018
2024-01-01,P0001,S002,18,308.0,17.22519279913322,17.22519279913322,0.7748072008667783
2024-01-01,P0001,S003,114,24.0,114.19505676197942,114.19505676197942,-0.19505676197941568
2024-01-01,P0001,S004,496,86.0,490.7411646700528,490.7411646700528,5.258835329947203
2024-01-01,P0001,S005,201,39.0,200.01828072638548,200.01828072638548,0.9817192736145159
2024-01-01,P0002,S001,99,6.0,99.93878740201932,99.93878740201932,-0.9387874020193152
2024-01-01,P0002,S002,26,28.0,25.664847343580945,25.664847343580945,0.335152656419055
2024-01-01,P0002,S003,229,321.0,227.70727585301722,227.70727585301722,1.2927241469827777
2024-01-01,P0002,S004,180,194.0,179.8031094868551,179.8031094868551,0.19689051314489348
2024-01-01,P0002,S005,97,271.0,97.4664481919556,97.4664481919556,-0.4664481919556067
2024-01-01,P0003,S001,64,143.0,63.859657656526075,63.859657656526075,0.14034234347392527
2024-01-01,P0003,S002,93,86.0,93.13846305216059,93.13846305216059,-0.13846305216058852
2024-01-01,P0003,S003,9,144.0,9.736601228063602,9.736601228063602,-0.7366012280636021
2024-01-01,P0003,S004,72,33.0,71.39412691627525,71.39412691627525,0.6058730837247452
2024-01-01,P0003,S005,92,155.0,91.2214771462957,91.2214771462957,0.7785228537043025
2024-01-01,P0004,S001,182,158.0,182.35623555760807,182.35623555760807,-0.35623555760807335
2024-01-01,P0004,S002,46,187.0,45.85669345958563,45.85669345958563,0.14330654041437185
2024-01-01,P0004,S003,36,165.0,36.39922623141667,36.39922623141667,-0.39922623141666946
2024-01-01,P0004,S004,6,184.0,5.999921485096655,5.999921485096655,7.851490334509492e-05
2024-01-01,P0004,S005,85,30.0,84.68827765693285,84.68827765693285,0.31172234306714586
2024-01-01,P0005,S001,272,52.0,272.53821774493457,272.53821774493457,-0.5382177449345704
2024-01-01,P0005,S003,291,6.0,289.73453539964504,289.73453539964504,1.2654646003549601
2024-01-01,P0020,S004,243,139.0,243.70300014321137,243.70300014321137,-0.7030001432113693
2024-01-01,P0010,S003,398,131.0,399.2640289553259,399.2640289553259,-1.264028955325898
2024-01-01,P0011,S001,15,267.0,16.056436163835876,16.056436163835876,-1.0564361638358761
2024-01-01,P0016,S002,110,12.0,109.47365497118228,109.47365497118228,0.5263450288177154
2024-01-01,P0016,S003,150,1.0,150.14365720327936,150.14365720327936,-0.1436572032793606
2024-01-01,P0016,S004,182,221.0,181.57952617983554,181.57952617983554,0.4204738201644602
2024-01-01,P0016,S005,8,54.0,8.46813121674175,8.46813121674175,-0.4681312167417495
2024-01-01,P0017,S001,186,156.0,186.58669096380825,186.58669096380825,-0.5866909638082518
2024-01-01,P0017,S002,12,293.0,11.84021695363997,11.84021695363997,0.1597830463600296
2024-01-01,P0017,S003,44,132.0,43.70640718799957,43.70640718799957,0.2935928120004334
2024-01-01,P0017,S004,19,122.0,18.765233748341778,18.765233748341778,0.23476625165822185
2024-01-01,P0017,S005,51,162.0,51.33499379811716,51.33499379811716,-0.3349937981171607
2024-01-01,P0018,S001,29,0.0,29.25395645266067,29.25395645266067,-0.25395645266067035
2024-01-01,P0018,S002,30,101.0,29.885335729262874,29.885335729262874,0.11466427073712637
2024-01-01,P0018,S003,219,2.0,219.4167294179889,219.4167294179889,-0.41672941798890406
2024-01-01,P0018,S004,1,213.0,0.6543084819500566,0.6543084819500566,0.34569151804994336
2024-01-01,P0018,S005,36,111.0,36.92637651868126,36.92637651868126,-0.9263765186812591
2024-01-01,P0019,S001,145,62.0,145.96756049827925,145.96756049827925,-0.9675604982792549
2024-01-01,P0019,S002,240,284.0,239.3624048562302,239.3624048562302,0.6375951437698006
2024-01-01,P0019,S003,184,184.0,184.7005823797101,184.7005823797101,-0.700582379710113
2024-01-01,P0019,S004,44,88.0,43.737343678720976,43.737343678720976,0.2626563212790245
2024-01-01,P0019,S005,264,17.0,263.32083170072104,263.32083170072104,0.6791682992789561
2024-01-01,P0020,S001,52,37.0,51.529271792961445,51.529271792961445,0.47072820703855456
2024-01-01,P0020,S002,225,158.0,225.30188362198714,225.30188362198714,-0.3018836219871446
2024-01-01,P0016,S001,13,61.0,13.673560530711457,13.673560530711457,-0.6735605307114572
2024-01-01,P0010,S004,113,47.0,112.72387896130665,112.72387896130665,0.27612103869334703
2024-01-01,P0015,S005,323,33.0,321.87243064025586,321.87243064025586,1.1275693597441432
2024-01-01,P0015,S003,174,53.0,173.85823896361975,173.85823896361975,0.1417610363802453
2024-01-01,P0011,S002,39,189.0,40.39867712425513,40.39867712425513,-1.39867712425513
2024-01-01,P0011,S003,108,290.0,108.6358896652373,108.6358896652373,-0.6358896652373005
2024-01-01,P0011,S004,107,30.0,106.52633962667839,106.52633962667839,0.47366037332160715
2024-01-01,P0011,S005,121,13.0,121.13098771073838,121.13098771073838,-0.13098771073838122
2024-01-01,P0012,S001,51,25.0,51.02103777021182,51.02103777021182,-0.021037770211819407
2024-01-01,P0012,S002,130,194.0,129.97259080598153,129.97259080598153,0.027409194018474636
2024-01-01,P0012,S003,94,44.0,93.49495467452928,93.49495467452928,0.5050453254707179
2024-01-01,P0012,S004,63,77.0,62.47538132879968,62.47538132879968,0.5246186712003222
2024-01-01,P0012,S005,324,52.0,326.1047994868366,326.1047994868366,-2.1047994868366118
2024-01-01,P0013,S001,220,111.0,219.5742918880054,219.5742918880054,0.42570811199459513
2024-01-01,P0013,S002,19,104.0,17.7322182837049,17.7322182837049,1.2677817162951008
2024-01-01,P0013,S003,115,88.0,114.51298196426801,114.51298196426801,0.4870180357319924
2024-01-01,P0013,S004,6,37.0,6.635052349219193,6.635052349219193,-0.6350523492191931
2024-01-01,P0013,S005,276,160.0,277.4617153426638,277.4617153426638,-1.4617153426638083
2024-01-01,P0014,S001,232,48.0,233.33770267258816,233.33770267258816,-1.3377026725881649
2024-01-01,P0014,S002,327,119.0,326.12875041012273,326.12875041012273,0.8712495898772659
2024-01-01,P0014,S003,74,125.0,74.52276484545992,74.52276484545992,-0.5227648454599176
2024-01-01,P0014,S004,169,86.0,168.61013226505708,168.61013226505708,0.3898677349429249
2024-01-01,P0014,S005,190,22.0,189.96603885829086,189.96603885829086,0.033961141709141884
2024-01-01,P0015,S001,257,164.0,258.0754240143544,258.0754240143544,-1.0754240143543825
2024-01-01,P0015,S002,167,44.0,166.79322955348627,166.79322955348627,0.20677044651372967
2024-01-01,P0015,S004,6,95.0,6.231169763249117,6.231169763249117,-0.23116976324911676
2024-01-01,P0020,S005,6,40.0,5.7960590006288575,5.7960590006288575,0.20394099937114252
